{
  "ate": {
    "matches": 596,
    "rmse": 2.8664807728565913,
    "R": [
      [
        0.9999655352606839,
        0.0003994530278231037,
        0.008292691245455591
      ],
      [
        -0.00044817005339141695,
        0.9999826494369098,
        0.005873667401465839
      ],
      [
        -0.008290201108365005,
        -0.0058771815029281665,
        0.9999483643184602
      ]
    ],
    "t": [
      -2.411540312885421,
      0.41393821433133837,
      0.9744110487606092
    ],
    "s": 1.0
  },
  "rpe": {
    "1": {
      "count": 595.0,
      "rmse": 1.3228773135999048,
      "mean": 0.17697066222640778,
      "pstd": 1.3109865642135505,
      "mean_dt": 1.0
    },
    "10": {
      "count": 586.0,
      "rmse": 1.5542021343228145,
      "mean": 0.782422406822986,
      "pstd": 1.3428921965797993,
      "mean_dt": 10.0
    },
    "50": {
      "count": 546.0,
      "rmse": 2.8833404815287764,
      "mean": 2.4411393693720704,
      "pstd": 1.5344350464338106,
      "mean_dt": 50.0
    }
  }
}