{
  "ate": {
    "matches": 1347,
    "rmse": 2.7008329493846936,
    "R": [
      [
        0.9991024761683394,
        0.040814237526043025,
        -0.011333142964829353
      ],
      [
        -0.04093431153951691,
        0.9991058959358753,
        -0.010573118979686942
      ],
      [
        0.010891476166217148,
        0.011027543758271918,
        0.9998798772980585
      ]
    ],
    "t": [
      -3.5892053449822754,
      4.450316262647533,
      -2.7941117990785784
    ],
    "s": 1.0
  },
  "rpe": {
    "1": {
      "count": 1346.0,
      "rmse": 0.15160116405346324,
      "mean": 0.10686341170372833,
      "pstd": 0.10753196818344095,
      "mean_dt": 1.0
    },
    "10": {
      "count": 1337.0,
      "rmse": 0.8935822079523044,
      "mean": 0.7867722763187867,
      "pstd": 0.423649085429286,
      "mean_dt": 10.0
    },
    "50": {
      "count": 1297.0,
      "rmse": 2.9711403533268346,
      "mean": 2.646577993564645,
      "pstd": 1.3502962353300332,
      "mean_dt": 50.0
    }
  }
}