{
  "ate": {
    "matches": 617,
    "rmse": 4.690100566274782,
    "R": [
      [
        0.9998149269564801,
        -0.0031528458358030713,
        -0.018978182161205247
      ],
      [
        0.00314495489598202,
        0.9999949553274805,
        -0.00044562124277568865
      ],
      [
        0.01897949139757084,
        0.0003858532433913056,
        0.9998197987755413
      ]
    ],
    "t": [
      -3.966411682418837,
      -1.7394496645256226,
      -6.360075203694132
    ],
    "s": 1.0
  },
  "rpe": {
    "1": {
      "count": 616.0,
      "rmse": 0.32356355851830604,
      "mean": 0.1564502258216211,
      "pstd": 0.28322553423269065,
      "mean_dt": 1.0
    },
    "10": {
      "count": 607.0,
      "rmse": 1.352556351192929,
      "mean": 1.0603349444530787,
      "pstd": 0.8397014283208145,
      "mean_dt": 10.0
    },
    "50": {
      "count": 567.0,
      "rmse": 4.709862694011764,
      "mean": 3.691445722892921,
      "pstd": 2.925070096831751,
      "mean_dt": 50.0
    }
  }
}