{
  "stats": {
    "topics": {
      "/c_slam/factor_batch/a": {
        "attempts": 228,
        "drops": 0,
        "published": 228,
        "delivered": 228,
        "delivery_rate": 1.0,
        "bytes_attempted": 2698467,
        "bytes_published": 2698467,
        "bytes_delivered": null,
        "drop_reasons": {},
        "delivery_method": "ack",
        "ack_latency_s": {
          "count": 228,
          "min": 0.007930211024358869,
          "max": 6.260263254982419,
          "mean": 2.2490559641336674,
          "median": 2.1929074109939393,
          "p90": 5.725795203814052,
          "p95": 6.1239179309544856,
          "stdev": 2.112828488081767
        }
      },
      "/c_slam/factor_batch/b": {
        "attempts": 89,
        "drops": 0,
        "published": 89,
        "delivered": 89,
        "delivery_rate": 1.0,
        "bytes_attempted": 1046981,
        "bytes_published": 1046981,
        "bytes_delivered": null,
        "drop_reasons": {},
        "delivery_method": "ack",
        "ack_latency_s": {
          "count": 89,
          "min": 0.007912477012723684,
          "max": 6.2019260409870185,
          "mean": 0.556233145974137,
          "median": 0.07263662398327142,
          "p90": 1.7318910711677749,
          "p95": 2.0884744573733767,
          "stdev": 0.9165032528947978
        }
      },
      "/c_slam/factor_batch/c": {
        "attempts": 180,
        "drops": 0,
        "published": 180,
        "delivered": 180,
        "delivery_rate": 1.0,
        "bytes_attempted": 2129910,
        "bytes_published": 2129910,
        "bytes_delivered": null,
        "drop_reasons": {},
        "delivery_method": "ack",
        "ack_latency_s": {
          "count": 180,
          "min": 0.007158852007705718,
          "max": 6.204631884989794,
          "mean": 2.419695780586335,
          "median": 2.313492381508695,
          "p90": 5.2176847186696245,
          "p95": 5.601500005237176,
          "stdev": 1.9034367959201708
        }
      },
      "/c_slam/factor_batch/d": {
        "attempts": 87,
        "drops": 0,
        "published": 87,
        "delivered": 87,
        "delivery_rate": 1.0,
        "bytes_attempted": 1024383,
        "bytes_published": 1024383,
        "bytes_delivered": null,
        "drop_reasons": {},
        "delivery_method": "ack",
        "ack_latency_s": {
          "count": 87,
          "min": 0.0081226920010522,
          "max": 6.411523902032059,
          "mean": 0.7252070894612043,
          "median": 0.2724854120169766,
          "p90": 1.9855356709915217,
          "p95": 2.0716760694980625,
          "stdev": 0.9910168326833245
        }
      }
    },
    "generated_by": {
      "component": "ros2_factor_publisher",
      "pid": 493794
    }
  }
}