{
  "ate": {
    "matches": 1355,
    "rmse": 2.226985163238016,
    "R": [
      [
        0.999860282172388,
        0.014992802560286669,
        0.007391346666235837
      ],
      [
        -0.014969711747487605,
        0.9998829240698973,
        -0.003169524196040545
      ],
      [
        -0.007438001367931468,
        0.0030584350279860284,
        0.9999676605324943
      ]
    ],
    "t": [
      -1.2591119292478652,
      2.1362534159709696,
      0.2848041224549691
    ],
    "s": 1.0
  },
  "rpe": {
    "1": {
      "count": 1354.0,
      "rmse": 0.13031543616698324,
      "mean": 0.09960957934492233,
      "pstd": 0.08402407158736551,
      "mean_dt": 1.0
    },
    "10": {
      "count": 1345.0,
      "rmse": 0.7769845298536342,
      "mean": 0.698775239966801,
      "pstd": 0.33973242948122234,
      "mean_dt": 10.0
    },
    "50": {
      "count": 1305.0,
      "rmse": 2.546059893772892,
      "mean": 2.28865255988944,
      "pstd": 1.1155673188070456,
      "mean_dt": 50.0
    }
  }
}