{
  "ate": {
    "matches": 1062,
    "rmse": 2.4392387966139153,
    "R": [
      [
        0.9999259880441602,
        0.010765776605506459,
        0.005667141077321417
      ],
      [
        -0.010740712085131035,
        0.9999324825887106,
        -0.004434790624380278
      ],
      [
        -0.005714502411780727,
        0.004373593266195089,
        0.9999741077368591
      ]
    ],
    "t": [
      -0.7733856881008876,
      1.5990280624718807,
      0.29952737075364855
    ],
    "s": 1.0
  },
  "rpe": {
    "1": {
      "count": 1061.0,
      "rmse": 0.51451640021269,
      "mean": 0.1819600456304905,
      "pstd": 0.4812667325735021,
      "mean_dt": 1.0
    },
    "10": {
      "count": 1052.0,
      "rmse": 0.895010875816389,
      "mean": 0.7031699228708317,
      "pstd": 0.5537115922566986,
      "mean_dt": 10.0
    },
    "50": {
      "count": 1012.0,
      "rmse": 2.327490107319655,
      "mean": 2.0192217972151365,
      "pstd": 1.157563619557099,
      "mean_dt": 50.0
    }
  }
}