{
  "stats": {
    "topics": {
      "/c_slam/factor_batch/d": {
        "attempts": 176,
        "drops": 0,
        "published": 176,
        "delivered": 176,
        "delivery_rate": 1.0,
        "bytes_attempted": 2081722,
        "bytes_published": 2081722,
        "bytes_delivered": null,
        "drop_reasons": {},
        "delivery_method": "ack",
        "ack_latency_s": {
          "count": 176,
          "min": 0.0026053100009448826,
          "max": 0.008146481006406248,
          "mean": 0.005296920900450045,
          "median": 0.005974907515337691,
          "p90": 0.006682247010758147,
          "p95": 0.006841890251962468,
          "stdev": 0.0015228569524046041
        }
      },
      "/c_slam/factor_batch/b": {
        "attempts": 50,
        "drops": 0,
        "published": 50,
        "delivered": 50,
        "delivery_rate": 1.0,
        "bytes_attempted": 583588,
        "bytes_published": 583588,
        "bytes_delivered": null,
        "drop_reasons": {},
        "delivery_method": "ack",
        "ack_latency_s": {
          "count": 50,
          "min": 0.002571415971033275,
          "max": 0.008208177983760834,
          "mean": 0.00503873873502016,
          "median": 0.005534894473385066,
          "p90": 0.006726370978867635,
          "p95": 0.006913236674154177,
          "stdev": 0.0015874811920100803
        }
      },
      "/c_slam/factor_batch/c": {
        "attempts": 95,
        "drops": 0,
        "published": 95,
        "delivered": 95,
        "delivery_rate": 1.0,
        "bytes_attempted": 1118218,
        "bytes_published": 1118218,
        "bytes_delivered": null,
        "drop_reasons": {},
        "delivery_method": "ack",
        "ack_latency_s": {
          "count": 95,
          "min": 0.0025106010143645108,
          "max": 0.007379880000371486,
          "mean": 0.004915749767525612,
          "median": 0.005174721998628229,
          "p90": 0.0066164016141556205,
          "p95": 0.006836077256593853,
          "stdev": 0.001482000794301906
        }
      },
      "/c_slam/factor_batch/a": {
        "attempts": 233,
        "drops": 0,
        "published": 233,
        "delivered": 233,
        "delivery_rate": 1.0,
        "bytes_attempted": 2756194,
        "bytes_published": 2756194,
        "bytes_delivered": null,
        "drop_reasons": {},
        "delivery_method": "ack",
        "ack_latency_s": {
          "count": 233,
          "min": 0.002472449967171997,
          "max": 0.008157703035976738,
          "mean": 0.005314722469839959,
          "median": 0.006114749994594604,
          "p90": 0.006658266601152718,
          "p95": 0.006749299634248018,
          "stdev": 0.0014726150295282518
        }
      },
      "/c_slam/factor_batch/e": {
        "attempts": 83,
        "drops": 0,
        "published": 83,
        "delivered": 83,
        "delivery_rate": 1.0,
        "bytes_attempted": 981495,
        "bytes_published": 981495,
        "bytes_delivered": null,
        "drop_reasons": {},
        "delivery_method": "ack",
        "ack_latency_s": {
          "count": 83,
          "min": 0.0025759750278666615,
          "max": 0.007941777002997696,
          "mean": 0.005139785355899528,
          "median": 0.0056387350196018815,
          "p90": 0.006664400384761393,
          "p95": 0.006859756982885301,
          "stdev": 0.0014668914341100547
        }
      }
    },
    "generated_by": {
      "component": "ros2_factor_publisher",
      "pid": 457472
    }
  }
}