{
  "ate": {
    "matches": 596,
    "rmse": 2.2955638270769425,
    "R": [
      [
        0.9999405820729806,
        -0.004695954881359712,
        0.009837699492303538
      ],
      [
        0.004600246792409382,
        0.9999420919370554,
        0.009728848955223489
      ],
      [
        -0.009882816045923401,
        -0.00968301504165215,
        0.9999042800021936
      ]
    ],
    "t": [
      -0.4425556635332981,
      -0.5427145115842222,
      0.8693435102201859
    ],
    "s": 1.0
  },
  "rpe": {
    "1": {
      "count": 595.0,
      "rmse": 1.3010727265145214,
      "mean": 0.1667341256482394,
      "pstd": 1.2903449039013746,
      "mean_dt": 1.0
    },
    "10": {
      "count": 586.0,
      "rmse": 1.4734018792105368,
      "mean": 0.6874854840678879,
      "pstd": 1.3031794990933072,
      "mean_dt": 10.0
    },
    "50": {
      "count": 546.0,
      "rmse": 2.495052217792693,
      "mean": 2.109407405284951,
      "pstd": 1.3325486737981649,
      "mean_dt": 50.0
    }
  }
}