{
  "stats": {
    "topics": {
      "/c_slam/factor_batch/d": {
        "attempts": 176,
        "drops": 0,
        "published": 176,
        "delivered": 176,
        "delivery_rate": 1.0,
        "bytes_attempted": 2081730,
        "bytes_published": 2081730,
        "bytes_delivered": null,
        "drop_reasons": {},
        "delivery_method": "ack",
        "ack_latency_s": {
          "count": 176,
          "min": 0.0024762870161794126,
          "max": 0.21230128599563614,
          "mean": 0.0064447370505976405,
          "median": 0.0061471465160138905,
          "p90": 0.006680959981167689,
          "p95": 0.006766934762708843,
          "stdev": 0.01563432633997604
        }
      },
      "/c_slam/factor_batch/b": {
        "attempts": 50,
        "drops": 0,
        "published": 50,
        "delivered": 50,
        "delivery_rate": 1.0,
        "bytes_attempted": 583586,
        "bytes_published": 583586,
        "bytes_delivered": null,
        "drop_reasons": {},
        "delivery_method": "ack",
        "ack_latency_s": {
          "count": 50,
          "min": 0.0028764999588020146,
          "max": 0.007465420989319682,
          "mean": 0.006079967181431129,
          "median": 0.006478814990259707,
          "p90": 0.006718898378312588,
          "p95": 0.007106832927092909,
          "stdev": 0.0010856173904535654
        }
      },
      "/c_slam/factor_batch/c": {
        "attempts": 95,
        "drops": 0,
        "published": 95,
        "delivered": 95,
        "delivery_rate": 1.0,
        "bytes_attempted": 1118228,
        "bytes_published": 1118228,
        "bytes_delivered": null,
        "drop_reasons": {},
        "delivery_method": "ack",
        "ack_latency_s": {
          "count": 95,
          "min": 0.002503708004951477,
          "max": 0.007074485009070486,
          "mean": 0.005518891424626896,
          "median": 0.006420955993235111,
          "p90": 0.006667363783344627,
          "p95": 0.0067304704338312146,
          "stdev": 0.0014524507167843455
        }
      },
      "/c_slam/factor_batch/a": {
        "attempts": 233,
        "drops": 0,
        "published": 233,
        "delivered": 233,
        "delivery_rate": 1.0,
        "bytes_attempted": 2756184,
        "bytes_published": 2756184,
        "bytes_delivered": null,
        "drop_reasons": {},
        "delivery_method": "ack",
        "ack_latency_s": {
          "count": 233,
          "min": 0.0026278020231984556,
          "max": 0.008455944014713168,
          "mean": 0.005415138487490254,
          "median": 0.006325596012175083,
          "p90": 0.006732267385814339,
          "p95": 0.006859812175389378,
          "stdev": 0.0015172569585834663
        }
      },
      "/c_slam/factor_batch/e": {
        "attempts": 83,
        "drops": 0,
        "published": 83,
        "delivered": 83,
        "delivery_rate": 1.0,
        "bytes_attempted": 981496,
        "bytes_published": 981496,
        "bytes_delivered": null,
        "drop_reasons": {},
        "delivery_method": "ack",
        "ack_latency_s": {
          "count": 83,
          "min": 0.002763997996225953,
          "max": 0.008545911987312138,
          "mean": 0.005739269269692027,
          "median": 0.006461262004449964,
          "p90": 0.006842908216640353,
          "p95": 0.007065528031671419,
          "stdev": 0.0014250501813146523
        }
      }
    },
    "generated_by": {
      "component": "ros2_factor_publisher",
      "pid": 456032
    }
  }
}