{
  "ate": {
    "matches": 265,
    "rmse": 1.859659243684995,
    "R": [
      [
        0.9998169138001155,
        -0.01321633813852451,
        0.0138371704268473
      ],
      [
        0.013144272756529487,
        0.9998996372696658,
        0.0052861594464548856
      ],
      [
        -0.013905645361341647,
        -0.0051033120813407384,
        0.9998902885981464
      ]
    ],
    "t": [
      0.18572335634775072,
      -0.3279040393745092,
      1.6012921304195356
    ],
    "s": 1.0
  },
  "rpe": {
    "1": {
      "count": 264.0,
      "rmse": 0.5690193340440356,
      "mean": 0.2005335510784384,
      "pstd": 0.5325122509462006,
      "mean_dt": 1.0
    },
    "10": {
      "count": 255.0,
      "rmse": 1.184896792551783,
      "mean": 0.9246342265445312,
      "pstd": 0.740966906212349,
      "mean_dt": 10.0
    },
    "50": {
      "count": 215.0,
      "rmse": 2.6135622512000625,
      "mean": 2.387074647169613,
      "pstd": 1.0642284856824715,
      "mean_dt": 50.0
    }
  }
}