{
  "stats": {
    "topics": {
      "/c_slam/factor_batch/a": {
        "attempts": 228,
        "drops": 0,
        "published": 228,
        "delivered": 228,
        "delivery_rate": 1.0,
        "bytes_attempted": 2698464,
        "bytes_published": 2698464,
        "bytes_delivered": null,
        "drop_reasons": {},
        "delivery_method": "ack",
        "ack_latency_s": {
          "count": 228,
          "min": 0.002799941983539611,
          "max": 0.009126954013481736,
          "mean": 0.006319279406677212,
          "median": 0.006497801485238597,
          "p90": 0.007197162893135101,
          "p95": 0.007380496466066688,
          "stdev": 0.0009166689321810703
        }
      },
      "/c_slam/factor_batch/b": {
        "attempts": 89,
        "drops": 0,
        "published": 89,
        "delivered": 89,
        "delivery_rate": 1.0,
        "bytes_attempted": 1046971,
        "bytes_published": 1046971,
        "bytes_delivered": null,
        "drop_reasons": {},
        "delivery_method": "ack",
        "ack_latency_s": {
          "count": 89,
          "min": 0.002465430006850511,
          "max": 0.009515929035842419,
          "mean": 0.006482929483793801,
          "median": 0.006527361983899027,
          "p90": 0.007378247228916735,
          "p95": 0.007493453612551092,
          "stdev": 0.0009680851779234929
        }
      },
      "/c_slam/factor_batch/c": {
        "attempts": 180,
        "drops": 0,
        "published": 180,
        "delivered": 180,
        "delivery_rate": 1.0,
        "bytes_attempted": 2129900,
        "bytes_published": 2129900,
        "bytes_delivered": null,
        "drop_reasons": {},
        "delivery_method": "ack",
        "ack_latency_s": {
          "count": 180,
          "min": 0.0030677360482513905,
          "max": 0.009927024017088115,
          "mean": 0.0063134637405811295,
          "median": 0.006495941983303055,
          "p90": 0.007212747831363231,
          "p95": 0.007377641479251906,
          "stdev": 0.001045766062431271
        }
      },
      "/c_slam/factor_batch/d": {
        "attempts": 87,
        "drops": 0,
        "published": 87,
        "delivered": 87,
        "delivery_rate": 1.0,
        "bytes_attempted": 1024379,
        "bytes_published": 1024379,
        "bytes_delivered": null,
        "drop_reasons": {},
        "delivery_method": "ack",
        "ack_latency_s": {
          "count": 87,
          "min": 0.0033889819751493633,
          "max": 0.008224923978559673,
          "mean": 0.006399530872579493,
          "median": 0.006428135035093874,
          "p90": 0.007304494816344232,
          "p95": 0.007504802505718544,
          "stdev": 0.0008256401951032003
        }
      }
    },
    "generated_by": {
      "component": "ros2_factor_publisher",
      "pid": 528734
    }
  }
}