{
  "ate": {
    "matches": 623,
    "rmse": 3.014371529169114,
    "R": [
      [
        0.9999255401231999,
        0.011834049119695633,
        -0.002978169028016851
      ],
      [
        -0.011826660420601449,
        0.999926971155336,
        0.0024864551901952053
      ],
      [
        0.0030073763686282117,
        -0.002451048255278518,
        0.9999924739965935
      ]
    ],
    "t": [
      0.510420003674966,
      2.1910977831744987,
      -1.7538759112172055
    ],
    "s": 1.0
  },
  "rpe": {
    "1": {
      "count": 622.0,
      "rmse": 0.9880128828215816,
      "mean": 0.19143727626219942,
      "pstd": 0.9692890311350494,
      "mean_dt": 1.0
    },
    "10": {
      "count": 613.0,
      "rmse": 1.1630536006830254,
      "mean": 0.845004856084159,
      "pstd": 0.7991623560052986,
      "mean_dt": 10.0
    },
    "50": {
      "count": 573.0,
      "rmse": 3.3111335401428175,
      "mean": 2.799710782381389,
      "pstd": 1.7678305506117087,
      "mean_dt": 50.0
    }
  }
}