{
  "ate": {
    "matches": 1357,
    "rmse": 2.3863925892561513,
    "R": [
      [
        0.9996439786432336,
        0.017364432768605234,
        -0.020258144953319113
      ],
      [
        -0.017667162983757267,
        0.9997334665174558,
        -0.0148616041225927
      ],
      [
        0.019994682153774434,
        0.015214217022768109,
        0.9996843203161456
      ]
    ],
    "t": [
      -1.4118503257579675,
      3.0731232724594975,
      -4.746124971326303
    ],
    "s": 1.0
  },
  "rpe": {
    "1": {
      "count": 1356.0,
      "rmse": 0.11224700262943298,
      "mean": 0.09589633357817107,
      "pstd": 0.0583376619822571,
      "mean_dt": 1.0
    },
    "10": {
      "count": 1347.0,
      "rmse": 0.7578407827095085,
      "mean": 0.6922148157960202,
      "pstd": 0.3084822535094073,
      "mean_dt": 10.0
    },
    "50": {
      "count": 1307.0,
      "rmse": 2.6920040213194323,
      "mean": 2.406963003101813,
      "pstd": 1.2055765228715594,
      "mean_dt": 50.0
    }
  }
}