{
  "ate": {
    "matches": 703,
    "rmse": 1.8065918263308685,
    "R": [
      [
        0.9999875710156931,
        0.004947686430260162,
        0.000614990342225335
      ],
      [
        -0.004948379464271435,
        0.999987117631763,
        0.0011305358003250027
      ],
      [
        -0.000609388883055118,
        -0.0011335649544935156,
        0.9999991718374985
      ]
    ],
    "t": [
      -0.4054216356502991,
      1.570901227314188,
      -0.4835356344459125
    ],
    "s": 1.0
  },
  "rpe": {
    "1": {
      "count": 702.0,
      "rmse": 0.8062391871342635,
      "mean": 0.377709241682812,
      "pstd": 0.7122902186737603,
      "mean_dt": 1.0
    },
    "10": {
      "count": 693.0,
      "rmse": 0.9544632174002842,
      "mean": 0.7476451780665965,
      "pstd": 0.5933183977291359,
      "mean_dt": 10.0
    },
    "50": {
      "count": 653.0,
      "rmse": 1.9618277516428582,
      "mean": 1.7838188608719074,
      "pstd": 0.8165527531725809,
      "mean_dt": 50.0
    }
  }
}