{
  "ate": {
    "matches": 187,
    "rmse": 21.461151835986414,
    "R": [
      [
        0.9957341822572195,
        0.032768301926595834,
        0.08625356035197951
      ],
      [
        -0.032226798486795716,
        0.999451202433541,
        -0.007663381332033942
      ],
      [
        -0.08645734060122665,
        0.004851014635746137,
        0.9962437432241001
      ]
    ],
    "t": [
      8.218918726654543,
      6.213169767870591,
      2.36117580394156
    ],
    "s": 1.0
  },
  "rpe": {
    "1": {
      "count": 186.0,
      "rmse": 15.583711610779561,
      "mean": 4.428798879196166,
      "pstd": 14.941144804049536,
      "mean_dt": 1.0
    },
    "10": {
      "count": 177.0,
      "rmse": 26.1067608886829,
      "mean": 14.802841623374706,
      "pstd": 21.50439127183442,
      "mean_dt": 10.0
    },
    "50": {
      "count": 137.0,
      "rmse": 28.343636484432125,
      "mean": 18.763720419185915,
      "pstd": 21.24345840940824,
      "mean_dt": 50.0
    }
  }
}