{
  "a": {
    "ate": {
      "matches": 1350,
      "rmse": 2.11197261794714,
      "R": [
        [
          0.9998952589147823,
          0.01357731698581199,
          0.005012750064308935
        ],
        [
          -0.013603036692663547,
          0.9998942996847764,
          0.005132918334436444
        ],
        [
          -0.004942528955758097,
          -0.005200569330055707,
          0.9999742624118703
        ]
      ],
      "t": [
        -1.186617165162417,
        1.9977672302562084,
        -0.09243446480650075
      ],
      "s": 1.0
    },
    "rpe": {
      "1": {
        "count": 1349.0,
        "rmse": 0.15445312416437787,
        "mean": 0.09492793303002851,
        "pstd": 0.12183782292368452,
        "mean_dt": 1.0
      },
      "10": {
        "count": 1340.0,
        "rmse": 0.6970227547660677,
        "mean": 0.62157187223193,
        "pstd": 0.31541897265664043,
        "mean_dt": 10.0
      },
      "50": {
        "count": 1300.0,
        "rmse": 2.318098719746223,
        "mean": 2.070172060145251,
        "pstd": 1.043057676201588,
        "mean_dt": 50.0
      }
    }
  },
  "b": {
    "ate": {
      "matches": 187,
      "rmse": 21.461151835986414,
      "R": [
        [
          0.9957341822572195,
          0.032768301926595834,
          0.08625356035197951
        ],
        [
          -0.032226798486795716,
          0.999451202433541,
          -0.007663381332033942
        ],
        [
          -0.08645734060122665,
          0.004851014635746137,
          0.9962437432241001
        ]
      ],
      "t": [
        8.218918726654543,
        6.213169767870591,
        2.36117580394156
      ],
      "s": 1.0
    },
    "rpe": {
      "1": {
        "count": 186.0,
        "rmse": 15.583711610779561,
        "mean": 4.428798879196166,
        "pstd": 14.941144804049536,
        "mean_dt": 1.0
      },
      "10": {
        "count": 177.0,
        "rmse": 26.1067608886829,
        "mean": 14.802841623374706,
        "pstd": 21.50439127183442,
        "mean_dt": 10.0
      },
      "50": {
        "count": 137.0,
        "rmse": 28.343636484432125,
        "mean": 18.763720419185915,
        "pstd": 21.24345840940824,
        "mean_dt": 50.0
      }
    }
  },
  "c": {
    "ate": {
      "matches": 703,
      "rmse": 1.8065918263308685,
      "R": [
        [
          0.9999875710156931,
          0.004947686430260162,
          0.000614990342225335
        ],
        [
          -0.004948379464271435,
          0.999987117631763,
          0.0011305358003250027
        ],
        [
          -0.000609388883055118,
          -0.0011335649544935156,
          0.9999991718374985
        ]
      ],
      "t": [
        -0.4054216356502991,
        1.570901227314188,
        -0.4835356344459125
      ],
      "s": 1.0
    },
    "rpe": {
      "1": {
        "count": 702.0,
        "rmse": 0.8062391871342635,
        "mean": 0.377709241682812,
        "pstd": 0.7122902186737603,
        "mean_dt": 1.0
      },
      "10": {
        "count": 693.0,
        "rmse": 0.9544632174002842,
        "mean": 0.7476451780665965,
        "pstd": 0.5933183977291359,
        "mean_dt": 10.0
      },
      "50": {
        "count": 653.0,
        "rmse": 1.9618277516428582,
        "mean": 1.7838188608719074,
        "pstd": 0.8165527531725809,
        "mean_dt": 50.0
      }
    }
  },
  "d": {
    "ate": {
      "matches": 1062,
      "rmse": 6.385229270856172,
      "R": [
        [
          0.9919117789169727,
          0.12647852301115808,
          -0.010686723664520562
        ],
        [
          -0.12651538189843073,
          0.9919605695458857,
          -0.0028436964139237977
        ],
        [
          0.0102411419705121,
          0.004172730894294742,
          0.9999388517944602
        ]
      ],
      "t": [
        -4.907619296957392,
        15.872698339353384,
        -2.508587526878583
      ],
      "s": 1.0
    },
    "rpe": {
      "1": {
        "count": 1061.0,
        "rmse": 1.8537204264664635,
        "mean": 0.37338297803749143,
        "pstd": 1.8157270089996627,
        "mean_dt": 1.0
      },
      "10": {
        "count": 1052.0,
        "rmse": 3.8758110156888357,
        "mean": 1.794893021045214,
        "pstd": 3.43515211778723,
        "mean_dt": 10.0
      },
      "50": {
        "count": 1012.0,
        "rmse": 6.982528637012662,
        "mean": 5.0799600081890155,
        "pstd": 4.790585818237905,
        "mean_dt": 50.0
      }
    }
  },
  "e": {
    "ate": {
      "matches": 533,
      "rmse": 5.036880742481791,
      "R": [
        [
          0.9992882736723377,
          -0.03752849683256875,
          0.003815498191054933
        ],
        [
          0.037505587121980384,
          0.9992789508478932,
          0.005908411543616217
        ],
        [
          -0.00403448083321953,
          -0.005761103871747601,
          0.9999752660174077
        ]
      ],
      "t": [
        1.941430238636059,
        -2.2846412830584484,
        0.19845354399768755
      ],
      "s": 1.0
    },
    "rpe": {
      "1": {
        "count": 532.0,
        "rmse": 0.9712500036749425,
        "mean": 0.2840309507580658,
        "pstd": 0.9287911437185677,
        "mean_dt": 1.0
      },
      "10": {
        "count": 523.0,
        "rmse": 1.5536907036682799,
        "mean": 1.2215298964658656,
        "pstd": 0.9601143237684391,
        "mean_dt": 10.0
      },
      "50": {
        "count": 483.0,
        "rmse": 4.587204834254532,
        "mean": 4.1066920860157845,
        "pstd": 2.0439002671518645,
        "mean_dt": 50.0
      }
    }
  }
}