{
  "ate": {
    "matches": 1062,
    "rmse": 6.385229270856172,
    "R": [
      [
        0.9919117789169727,
        0.12647852301115808,
        -0.010686723664520562
      ],
      [
        -0.12651538189843073,
        0.9919605695458857,
        -0.0028436964139237977
      ],
      [
        0.0102411419705121,
        0.004172730894294742,
        0.9999388517944602
      ]
    ],
    "t": [
      -4.907619296957392,
      15.872698339353384,
      -2.508587526878583
    ],
    "s": 1.0
  },
  "rpe": {
    "1": {
      "count": 1061.0,
      "rmse": 1.8537204264664635,
      "mean": 0.37338297803749143,
      "pstd": 1.8157270089996627,
      "mean_dt": 1.0
    },
    "10": {
      "count": 1052.0,
      "rmse": 3.8758110156888357,
      "mean": 1.794893021045214,
      "pstd": 3.43515211778723,
      "mean_dt": 10.0
    },
    "50": {
      "count": 1012.0,
      "rmse": 6.982528637012662,
      "mean": 5.0799600081890155,
      "pstd": 4.790585818237905,
      "mean_dt": 50.0
    }
  }
}