{
  "ate": {
    "matches": 1062,
    "rmse": 2.5009253390055175,
    "R": [
      [
        0.9999215685524186,
        0.010740612325713548,
        0.006441738161363543
      ],
      [
        -0.010703470440232307,
        0.9999260522793565,
        -0.005772841029946366
      ],
      [
        -0.0065032656570301415,
        0.005703439303673868,
        0.9999625884581397
      ]
    ],
    "t": [
      -0.9408480956852543,
      1.5761616561896261,
      0.42813360666358236
    ],
    "s": 1.0
  },
  "rpe": {
    "1": {
      "count": 1061.0,
      "rmse": 0.539050344369295,
      "mean": 0.1890298583016756,
      "pstd": 0.504819756383508,
      "mean_dt": 1.0
    },
    "10": {
      "count": 1052.0,
      "rmse": 0.9387834559381382,
      "mean": 0.7427207460773648,
      "pstd": 0.5741779083955041,
      "mean_dt": 10.0
    },
    "50": {
      "count": 1012.0,
      "rmse": 2.4466773552523433,
      "mean": 2.142549700878589,
      "pstd": 1.1814020737960746,
      "mean_dt": 50.0
    }
  }
}