{
  "stats": {
    "topics": {
      "/c_slam/factor_batch/d": {
        "attempts": 176,
        "drops": 0,
        "published": 176,
        "delivered": 176,
        "delivery_rate": 1.0,
        "bytes_attempted": 2081743,
        "bytes_published": 2081743,
        "bytes_delivered": null,
        "drop_reasons": {},
        "delivery_method": "ack",
        "ack_latency_s": {
          "count": 176,
          "min": 0.005890002008527517,
          "max": 7.75536553299753,
          "mean": 2.831556375273728,
          "median": 2.2410393550235312,
          "p90": 6.356739708979148,
          "p95": 6.660438152248389,
          "stdev": 2.653770055764266
        }
      },
      "/c_slam/factor_batch/b": {
        "attempts": 50,
        "drops": 0,
        "published": 50,
        "delivered": 50,
        "delivery_rate": 1.0,
        "bytes_attempted": 583592,
        "bytes_published": 583592,
        "bytes_delivered": null,
        "drop_reasons": {},
        "delivery_method": "ack",
        "ack_latency_s": {
          "count": 50,
          "min": 0.006639041006565094,
          "max": 7.752449161023833,
          "mean": 0.6555953137413598,
          "median": 0.3078692734998185,
          "p90": 1.530002928187605,
          "p95": 1.7304940809844989,
          "stdev": 1.1706670605984584
        }
      },
      "/c_slam/factor_batch/c": {
        "attempts": 95,
        "drops": 0,
        "published": 95,
        "delivered": 95,
        "delivery_rate": 1.0,
        "bytes_attempted": 1118224,
        "bytes_published": 1118224,
        "bytes_delivered": null,
        "drop_reasons": {},
        "delivery_method": "ack",
        "ack_latency_s": {
          "count": 95,
          "min": 0.005438573018182069,
          "max": 7.7480542690027505,
          "mean": 1.6631815678709627,
          "median": 0.4573864779667929,
          "p90": 5.00649196098093,
          "p95": 5.276903965725796,
          "stdev": 1.9882194135392186
        }
      },
      "/c_slam/factor_batch/a": {
        "attempts": 233,
        "drops": 0,
        "published": 233,
        "delivered": 233,
        "delivery_rate": 1.0,
        "bytes_attempted": 2756194,
        "bytes_published": 2756194,
        "bytes_delivered": null,
        "drop_reasons": {},
        "delivery_method": "ack",
        "ack_latency_s": {
          "count": 233,
          "min": 0.007412293984089047,
          "max": 7.8240548690082505,
          "mean": 4.488816158765079,
          "median": 5.717437610961497,
          "p90": 7.286195107374805,
          "p95": 7.456551965570542,
          "stdev": 2.8289896562275056
        }
      },
      "/c_slam/factor_batch/e": {
        "attempts": 83,
        "drops": 0,
        "published": 83,
        "delivered": 83,
        "delivery_rate": 1.0,
        "bytes_attempted": 981502,
        "bytes_published": 981502,
        "bytes_delivered": null,
        "drop_reasons": {},
        "delivery_method": "ack",
        "ack_latency_s": {
          "count": 83,
          "min": 0.007161914021708071,
          "max": 7.976250833948143,
          "mean": 1.646147168160792,
          "median": 1.0350264150183648,
          "p90": 4.3457596733933315,
          "p95": 4.661838262993842,
          "stdev": 1.7463379906256462
        }
      }
    },
    "generated_by": {
      "component": "ros2_factor_publisher",
      "pid": 501278
    }
  }
}