{
  "ate": {
    "matches": 187,
    "rmse": 22.256077969614104,
    "R": [
      [
        0.9945519340807955,
        0.09328999198706979,
        0.046512662912389764
      ],
      [
        -0.09140106899103674,
        0.9949610819746723,
        -0.041210313552376254
      ],
      [
        -0.05012279923792037,
        0.03673448993577962,
        0.9980672734068148
      ]
    ],
    "t": [
      22.978692871016925,
      31.896253814269038,
      -1.9537924332004213
    ],
    "s": 1.0
  },
  "rpe": {
    "1": {
      "count": 186.0,
      "rmse": 14.908555766162001,
      "mean": 5.108297057457038,
      "pstd": 14.006082114764933,
      "mean_dt": 1.0
    },
    "10": {
      "count": 177.0,
      "rmse": 24.825120254091654,
      "mean": 15.652967960259701,
      "pstd": 19.268398731217772,
      "mean_dt": 10.0
    },
    "50": {
      "count": 137.0,
      "rmse": 30.40943294770813,
      "mean": 26.877013824906417,
      "pstd": 14.225320385036895,
      "mean_dt": 50.0
    }
  }
}