{
  "loop_closure_correction": {
    "count": 0
  },
  "interface_correction": {
    "count": 0
  },
  "loop_closure_correction_stabilised": {
    "count": 0
  },
  "loop_closure_correction_stabilised_params": {
    "epsilon": 0.001,
    "required": 3
  },
  "interface_correction_stabilised": {
    "count": 20528,
    "min": 0.09234738349914551,
    "max": 35.8984272480011,
    "mean": 3.1309784840115884,
    "median": 1.7382714748382568,
    "p90": 8.288741374015808,
    "p95": 9.346613907814024,
    "p99": 10.135345680713653,
    "stdev": 3.03028647644684
  },
  "interface_correction_stabilised_params": {
    "epsilon": 0.001,
    "required": 3
  },
  "time_to_global_convergence_s": 0.2467942237854004,
  "time_to_global_convergence_method": "delta_threshold",
  "timeline_start_ts": 1770232290.610516,
  "timeline_end_ts": 1770232290.8573103,
  "optimization_duration_s": {
    "count": 303,
    "min": 0.0009299530065618455,
    "max": 0.04200934898108244,
    "mean": 0.005873792489726256,
    "median": 0.002266588038764894,
    "p90": 0.020508152595721196,
    "p95": 0.02767815259285271,
    "p99": 0.03165572005324068,
    "stdev": 0.007843469352329926
  },
  "communication_uplink_messages": 21412,
  "communication_uplink_bytes": 30121499,
  "communication_downlink_messages": 0,
  "communication_downlink_bytes": 0,
  "communication_uplink_bytes_per_s": 122051069.66438611,
  "communication_downlink_bytes_per_s": 0.0,
  "delivery_topics": {
    "/c_slam/factor_batch/a": {
      "attempts": 221.0,
      "drops": 0.0,
      "delivered": 221.0,
      "delivery_rate": 1.0
    },
    "/c_slam/factor_batch/c": {
      "attempts": 182.0,
      "drops": 0.0,
      "delivered": 182.0,
      "delivery_rate": 1.0
    },
    "/c_slam/factor_batch/b": {
      "attempts": 94.0,
      "drops": 0.0,
      "delivered": 94.0,
      "delivery_rate": 1.0
    },
    "/c_slam/iface/run_52f2eccd/a": {
      "attempts": 2828.0,
      "drops": 0.0,
      "delivered": 2675.0,
      "delivery_rate": 0.945898161244696
    },
    "/c_slam/iface/run_52f2eccd/c": {
      "attempts": 12423.0,
      "drops": 0.0,
      "delivered": 6000.0,
      "delivery_rate": 0.48297512678097076
    },
    "/c_slam/iface/run_52f2eccd/b": {
      "attempts": 11312.0,
      "drops": 0.0,
      "delivered": 2207.0,
      "delivery_rate": 0.1951025459688826
    }
  },
  "delivery_rate": {
    "count": 6,
    "min": 0.1951025459688826,
    "max": 1.0,
    "mean": 0.7706626389990916,
    "median": 0.972949080622348,
    "p90": 1.0,
    "p95": 1.0,
    "p99": 1.0,
    "stdev": 0.316893223101112
  },
  "estimation_metrics": {
    "a": {
      "ate": {
        "matches": 1347,
        "rmse": 2.6847765293239663,
        "R": [
          [
            0.9991261819461652,
            0.04076691335703644,
            -0.009215819280883993
          ],
          [
            -0.04086618404761977,
            0.9991056834168872,
            -0.01085303485025621
          ],
          [
            0.008765132689472849,
            0.011220166639347363,
            0.9998986350173308
          ]
        ],
        "t": [
          -3.599414550384452,
          4.455041887245642,
          -2.616662127243745
        ],
        "s": 1.0
      },
      "rpe": {
        "1": {
          "count": 1346.0,
          "rmse": 0.15086160890911512,
          "mean": 0.10686496001751714,
          "pstd": 0.10648523542304462,
          "mean_dt": 1.0
        },
        "10": {
          "count": 1337.0,
          "rmse": 0.8895904494445006,
          "mean": 0.7793620614088812,
          "pstd": 0.4289125143655384,
          "mean_dt": 10.0
        },
        "50": {
          "count": 1297.0,
          "rmse": 2.948933925318195,
          "mean": 2.6216644508878426,
          "pstd": 1.3502173168951466,
          "mean_dt": 50.0
        }
      }
    },
    "b": {
      "ate": {
        "matches": 617,
        "rmse": 4.741993201628036,
        "R": [
          [
            0.9998385056515424,
            -0.0035656048563315677,
            -0.017613888795448736
          ],
          [
            0.0035470064132785495,
            0.9999931185379856,
            -0.0010870244606809576
          ],
          [
            0.017617643485838032,
            0.0010243723358536877,
            0.9998442725241383
          ]
        ],
        "t": [
          -4.355244681929491,
          -1.900991375648502,
          -5.810211098067551
        ],
        "s": 1.0
      },
      "rpe": {
        "1": {
          "count": 616.0,
          "rmse": 0.3322596968353439,
          "mean": 0.15738341937609962,
          "pstd": 0.2926208561374281,
          "mean_dt": 1.0
        },
        "10": {
          "count": 607.0,
          "rmse": 1.3609691033381333,
          "mean": 1.0629753112057492,
          "pstd": 0.8498943393199195,
          "mean_dt": 10.0
        },
        "50": {
          "count": 567.0,
          "rmse": 4.736635471494006,
          "mean": 3.705061235639574,
          "pstd": 2.9509721838702894,
          "mean_dt": 50.0
        }
      }
    },
    "c": {
      "ate": {
        "matches": 1070,
        "rmse": 3.2852108867152725,
        "R": [
          [
            0.9992292125564235,
            0.0388114166324326,
            -0.00588682536297367
          ],
          [
            -0.03887878027510727,
            0.9991743028140969,
            -0.011796314690758317
          ],
          [
            0.005424132943647245,
            0.012016094829319188,
            0.9999130923469611
          ]
        ],
        "t": [
          -3.4439510526504478,
          5.138103136755177,
          -2.1214249308483604
        ],
        "s": 1.0
      },
      "rpe": {
        "1": {
          "count": 1069.0,
          "rmse": 0.8695658407972512,
          "mean": 0.2452490981623694,
          "pstd": 0.8342647249716215,
          "mean_dt": 1.0
        },
        "10": {
          "count": 1060.0,
          "rmse": 1.2990582996537718,
          "mean": 0.9272727908822388,
          "pstd": 0.9097898862862854,
          "mean_dt": 10.0
        },
        "50": {
          "count": 1020.0,
          "rmse": 3.0091096618590787,
          "mean": 2.667781348819027,
          "pstd": 1.3920070517015994,
          "mean_dt": 50.0
        }
      }
    }
  },
  "input_end_team_ts": 1770232290.61706,
  "input_end_method": "input_end_event",
  "input_end_per_robot_ts": {
    "a": 1770232290.610516,
    "c": 1770232290.6147547,
    "b": 1770232290.61706
  },
  "time_from_input_end_to_team_convergence_s": 26.53579068183899,
  "time_from_input_end_to_team_convergence_method": "censored_end",
  "time_from_input_end_to_team_convergence_per_robot_s": {
    "a": 18.285006046295166,
    "b": 0.1955249309539795,
    "c": 26.53579068183899
  },
  "time_from_input_end_to_team_convergence_params": {
    "epsilon": 0.001,
    "required": 3
  },
  "time_from_input_end_to_ddf_stop_team_s": 26.53579068183899,
  "time_from_input_end_to_ddf_stop_method": "ddf_stop_event",
  "time_from_input_end_to_ddf_stop_per_robot_s": {
    "a": 26.53579068183899,
    "b": 11.081510782241821,
    "c": 18.693641424179077
  },
  "stable_team_convergence_s": 26.53579068183899,
  "stable_team_convergence_method": "censored_end",
  "stable_team_convergence_per_robot_s": {
    "a": 18.285006046295166,
    "b": 0.1955249309539795,
    "c": 26.53579068183899
  },
  "stable_team_convergence_params": {
    "epsilon": 0.001,
    "required": 3
  },
  "stable_loop_closure_correction": {
    "count": 0
  },
  "stable_loop_closure_correction_params": {
    "epsilon": 0.001,
    "required": 3
  },
  "stable_interface_correction": {
    "count": 20528,
    "min": 0.09234738349914551,
    "max": 35.8984272480011,
    "mean": 3.1309784840115884,
    "median": 1.7382714748382568,
    "p90": 8.288741374015808,
    "p95": 9.346613907814024,
    "p99": 10.135345680713653,
    "stdev": 3.03028647644684
  },