{
  "ate": {
    "matches": 1347,
    "rmse": 2.6847765293239663,
    "R": [
      [
        0.9991261819461652,
        0.04076691335703644,
        -0.009215819280883993
      ],
      [
        -0.04086618404761977,
        0.9991056834168872,
        -0.01085303485025621
      ],
      [
        0.008765132689472849,
        0.011220166639347363,
        0.9998986350173308
      ]
    ],
    "t": [
      -3.599414550384452,
      4.455041887245642,
      -2.616662127243745
    ],
    "s": 1.0
  },
  "rpe": {
    "1": {
      "count": 1346.0,
      "rmse": 0.15086160890911512,
      "mean": 0.10686496001751714,
      "pstd": 0.10648523542304462,
      "mean_dt": 1.0
    },
    "10": {
      "count": 1337.0,
      "rmse": 0.8895904494445006,
      "mean": 0.7793620614088812,
      "pstd": 0.4289125143655384,
      "mean_dt": 10.0
    },
    "50": {
      "count": 1297.0,
      "rmse": 2.948933925318195,
      "mean": 2.6216644508878426,
      "pstd": 1.3502173168951466,
      "mean_dt": 50.0
    }
  }
}