{
  "a": {
    "ate": {
      "matches": 1347,
      "rmse": 2.6847765293239663,
      "R": [
        [
          0.9991261819461652,
          0.04076691335703644,
          -0.009215819280883993
        ],
        [
          -0.04086618404761977,
          0.9991056834168872,
          -0.01085303485025621
        ],
        [
          0.008765132689472849,
          0.011220166639347363,
          0.9998986350173308
        ]
      ],
      "t": [
        -3.599414550384452,
        4.455041887245642,
        -2.616662127243745
      ],
      "s": 1.0
    },
    "rpe": {
      "1": {
        "count": 1346.0,
        "rmse": 0.15086160890911512,
        "mean": 0.10686496001751714,
        "pstd": 0.10648523542304462,
        "mean_dt": 1.0
      },
      "10": {
        "count": 1337.0,
        "rmse": 0.8895904494445006,
        "mean": 0.7793620614088812,
        "pstd": 0.4289125143655384,
        "mean_dt": 10.0
      },
      "50": {
        "count": 1297.0,
        "rmse": 2.948933925318195,
        "mean": 2.6216644508878426,
        "pstd": 1.3502173168951466,
        "mean_dt": 50.0
      }
    }
  },
  "b": {
    "ate": {
      "matches": 617,
      "rmse": 4.741993201628036,
      "R": [
        [
          0.9998385056515424,
          -0.0035656048563315677,
          -0.017613888795448736
        ],
        [
          0.0035470064132785495,
          0.9999931185379856,
          -0.0010870244606809576
        ],
        [
          0.017617643485838032,
          0.0010243723358536877,
          0.9998442725241383
        ]
      ],
      "t": [
        -4.355244681929491,
        -1.900991375648502,
        -5.810211098067551
      ],
      "s": 1.0
    },
    "rpe": {
      "1": {
        "count": 616.0,
        "rmse": 0.3322596968353439,
        "mean": 0.15738341937609962,
        "pstd": 0.2926208561374281,
        "mean_dt": 1.0
      },
      "10": {
        "count": 607.0,
        "rmse": 1.3609691033381333,
        "mean": 1.0629753112057492,
        "pstd": 0.8498943393199195,
        "mean_dt": 10.0
      },
      "50": {
        "count": 567.0,
        "rmse": 4.736635471494006,
        "mean": 3.705061235639574,
        "pstd": 2.9509721838702894,
        "mean_dt": 50.0
      }
    }
  },
  "c": {
    "ate": {
      "matches": 1070,
      "rmse": 3.2852108867152725,
      "R": [
        [
          0.9992292125564235,
          0.0388114166324326,
          -0.00588682536297367
        ],
        [
          -0.03887878027510727,
          0.9991743028140969,
          -0.011796314690758317
        ],
        [
          0.005424132943647245,
          0.012016094829319188,
          0.9999130923469611
        ]
      ],
      "t": [
        -3.4439510526504478,
        5.138103136755177,
        -2.1214249308483604
      ],
      "s": 1.0
    },
    "rpe": {
      "1": {
        "count": 1069.0,
        "rmse": 0.8695658407972512,
        "mean": 0.2452490981623694,
        "pstd": 0.8342647249716215,
        "mean_dt": 1.0
      },
      "10": {
        "count": 1060.0,
        "rmse": 1.2990582996537718,
        "mean": 0.9272727908822388,
        "pstd": 0.9097898862862854,
        "mean_dt": 10.0
      },
      "50": {
        "count": 1020.0,
        "rmse": 3.0091096618590787,
        "mean": 2.667781348819027,
        "pstd": 1.3920070517015994,
        "mean_dt": 50.0
      }
    }
  }
}