{
  "loop_closure_correction": {
    "count": 383,
    "min": 0.005075991968624294,
    "max": 0.21796668000752106,
    "mean": 0.05033261039401903,
    "median": 0.047583359002601355,
    "p90": 0.08532387898303567,
    "p95": 0.10209906570380553,
    "p99": 0.16657917105127132,
    "stdev": 0.031151884074025075
  },
  "interface_correction": {
    "count": 3,
    "min": 0.04532920598285273,
    "max": 0.07183262100443244,
    "mean": 0.06020499166334048,
    "median": 0.06345314800273627,
    "p90": 0.0701567264040932,
    "p95": 0.07099467370426282,
    "p99": 0.07166503154439852,
    "stdev": 0.011061062084489358
  },
  "loop_closure_correction_stabilised": {
    "count": 383,
    "min": 0.19890141487121582,
    "max": 12.070487260818481,
    "mean": 6.803512257633259,
    "median": 7.408029317855835,
    "p90": 11.093544101715088,
    "p95": 11.41792757511139,
    "p99": 11.728988246917725,
    "stdev": 3.3160027752245815
  },
  "loop_closure_correction_stabilised_params": {
    "epsilon": 0.001,
    "required": 3
  },
  "interface_correction_stabilised": {
    "count": 3,
    "min": 11.453567266464233,
    "max": 12.072232246398926,
    "mean": 11.751836140950521,
    "median": 11.729708909988403,
    "p90": 12.003727579116822,
    "p95": 12.037979912757875,
    "p99": 12.065381779670716,
    "stdev": 0.2530530907562502
  },
  "interface_correction_stabilised_params": {
    "epsilon": 0.001,
    "required": 3
  },
  "time_to_global_convergence_s": 12.038390636444092,
  "time_to_global_convergence_method": "last_map_broadcast",
  "timeline_start_ts": 1770244199.7115328,
  "timeline_end_ts": 1770244211.7499235,
  "optimization_duration_s": {
    "count": 176,
    "min": 0.0007724780007265508,
    "max": 0.0651538449455984,
    "mean": 0.007151845110704678,
    "median": 0.0033374344930052757,
    "p90": 0.02084575398475863,
    "p95": 0.029123276282916777,
    "p99": 0.06235809304052964,
    "stdev": 0.01164494729550792
  },
  "communication_uplink_messages": 364,
  "communication_uplink_bytes": 4296409,
  "communication_downlink_messages": 176,
  "communication_downlink_bytes": 27511037,
  "communication_uplink_bytes_per_s": 356892.30643449834,
  "communication_downlink_bytes_per_s": 2285275.3188383183,
  "delivery_topics": {},
  "estimation_metrics": {
    "ate": {
      "a": {
        "matches": 596,
        "rmse": 2.237762215410257,
        "R": [
          [
            0.9999352956265031,
            0.010497269240657369,
            0.004383138011370244
          ],
          [
            -0.010491402331390778,
            0.9999440397255104,
            -0.0013593728506993974
          ],
          [
            -0.004397162432576233,
            0.001313299628979421,
            0.9999894700478732
          ]
        ],
        "t": [
          -0.9628038402000385,
          0.9398595096942728,
          0.07394785618249333
        ],
        "s": 1.0
      },
      "c": {
        "matches": 562,
        "rmse": 2.128783472806829,
        "R": [
          [
            0.9999756992008667,
            0.006409241440452105,
            0.002742741675019625
          ],
          [
            -0.006412261354357244,
            0.9999788431570233,
            0.0010936830733467018
          ],
          [
            -0.0027356739683882664,
            -0.0011112436724217377,
            0.9999956406032177
          ]
        ],
        "t": [
          -0.32045707486668107,
          0.8846659639687289,
          0.1929195504220793
        ],
        "s": 1.0
      },
      "b": {
        "matches": 1020,
        "rmse": 2.1243051694900887,
        "R": [
          [
            0.9999578904264631,
            0.008540424542530461,
            0.0033583511565208734
          ],
          [
            -0.008535903464377369,
            0.9999626460477984,
            -0.0013582566518289818
          ],
          [
            -0.0033698257972766326,
            0.0013295328949490676,
            0.9999934382866607
          ]
        ],
        "t": [
          -1.160776584468877,
          0.9736046174937698,
          0.17704844182479107
        ],
        "s": 1.0
      }
    },
    "rpe": {
      "a": {
        "1": {
          "count": 595.0,
          "rmse": 0.1392450729972472,
          "mean": 0.09464135112439895,
          "pstd": 0.10213816628154698,
          "mean_dt": 1.0
        },
        "10": {
          "count": 586.0,
          "rmse": 0.6707189832876529,
          "mean": 0.5979357696726241,
          "pstd": 0.30386965937459137,
          "mean_dt": 10.0
        },
        "50": {
          "count": 546.0,
          "rmse": 2.127383623319654,
          "mean": 1.94795780339838,
          "pstd": 0.855114891080735,
          "mean_dt": 50.0
        }
      },
      "c": {
        "1": {
          "count": 561.0,
          "rmse": 1.110908482235404,
          "mean": 0.4559676332252023,
          "pstd": 1.0130208158540361,
          "mean_dt": 1.0
        },
        "10": {
          "count": 552.0,
          "rmse": 1.3071052613445029,
          "mean": 0.9458370706152112,
          "pstd": 0.9021731541586216,
          "mean_dt": 10.0
        },
        "50": {
          "count": 512.0,
          "rmse": 2.727098658691378,
          "mean": 2.467115864487435,
          "pstd": 1.1620698797536777,
          "mean_dt": 50.0
        }
      },
      "b": {
        "1": {
          "count": 1019.0,
          "rmse": 0.36527786284086855,
          "mean": 0.12694949094031352,
          "pstd": 0.342508020098198,
          "mean_dt": 1.0
        },
        "10": {
          "count": 1010.0,
          "rmse": 0.7735072068676614,
          "mean": 0.6274152008937085,
          "pstd": 0.4523975737818651,
          "mean_dt": 10.0
        },
        "50": {
          "count": 970.0,
          "rmse": 1.9653448255429171,
          "mean": 1.7491263442271336,
          "pstd": 0.8961792874302231,
          "mean_dt": 50.0
        }
      }
    }
  },
  "input_end_team_ts": 1770244211.7499835,
  "input_end_method": "input_end_event",
  "input_end_per_robot_ts": {
    "team": 1770244211.7499835
  },
  "time_from_input_end_to_team_convergence_s": 0.010972976684570312,
  "time_from_input_end_to_team_convergence_method": "stable_window",
  "time_from_input_end_to_team_convergence_per_robot_s": {
    "server": 0.010972976684570312
  },
  "time_from_input_end_to_team_convergence_params": {
    "epsilon": 0.001,
    "required": 3
  },
  "time_from_input_end_to_ddf_stop_team_s": null,
  "time_from_input_end_to_ddf_stop_method": "no_ddf_stop_event",
  "time_from_input_end_to_ddf_stop_per_robot_s": {},
  "stable_team_convergence_s": 0.010972976684570312,
  "stable_team_convergence_method": "stable_window",
  "stable_team_convergence_per_robot_s": {
    "server": 0.010972976684570312
  },
  "stable_team_convergence_params": {
    "epsilon": 0.001,
    "required": 3
  },
  "stable_loop_closure_correction": {
    "count": 383,
    "min": 0.19890141487121582,
    "max": 12.070487260818481,
    "mean": 6.803512257633259,
    "median": 7.408029317855835,
    "p90": 11.093544101715088,
    "p95": 11.41792757511139,
    "p99": 11.728988246917725,
    "stdev": 3.3160027752245815
  },
  "stable_loop_closure_correction_params": {
    "epsilon": 0.001,
    "required": 3
  },
  "stable_interface_correction": {
    "count": 3,
    "min": 11.453567266464233,
    "max": 12.072232246398926,
    "mean": 11.751836140950521,
    "median": 11.729708909988403,
    "p90": 12.003727579116822,
    "p95": 12.037979912757875,
    "p99": 12.065381779670716,
    "stdev": 0.2530530907562502
  },
  "stable_interface_correction_params": {
    "epsilon": 0.001,
    "required": 3
  },
  "event_time_to_global_convergence_s": 12.038390636444092,
  "event_time_to_global_convergence_method": "last_map_broadcast",
  "event_loop_closure_correction": {
    "count": 383,
    "min": 0.005075991968624294,
    "max": 0.21796668000752106,
    "mean": 0.05033261039401903,