{
  "ate": {
    "matches": 617,
    "rmse": 4.720069623378595,
    "R": [
      [
        0.9997934730433681,
        -0.002004292444213535,
        -0.020223601847363194
      ],
      [
        0.0019522330440756557,
        0.9999947309865922,
        -0.0025936046723419384
      ],
      [
        0.02022869363118193,
        0.002553587839265653,
        0.9997921179640912
      ]
    ],
    "t": [
      -4.070778997842822,
      -1.2703788416474708,
      -6.174188443015723
    ],
    "s": 1.0
  },
  "rpe": {
    "1": {
      "count": 616.0,
      "rmse": 0.32443276608183746,
      "mean": 0.1556110784513781,
      "pstd": 0.2846784360830855,
      "mean_dt": 1.0
    },
    "10": {
      "count": 607.0,
      "rmse": 1.3555921681373149,
      "mean": 1.0670841590914657,
      "pstd": 0.8360391879160245,
      "mean_dt": 10.0
    },
    "50": {
      "count": 567.0,
      "rmse": 4.7204079171238,
      "mean": 3.7121309711813244,
      "pstd": 2.9158762931306685,
      "mean_dt": 50.0
    }
  }
}