{
  "ate": {
    "matches": 1347,
    "rmse": 2.7533066538972295,
    "R": [
      [
        0.9992396138928675,
        0.03790669591304055,
        -0.009125592155486407
      ],
      [
        -0.03800619349086282,
        0.9992170853874988,
        -0.010988426914104704
      ],
      [
        0.008701912638444508,
        0.011326900488120094,
        0.9998979838172316
      ]
    ],
    "t": [
      -3.448683949652093,
      4.3177325846512105,
      -2.5601905628996473
    ],
    "s": 1.0
  },
  "rpe": {
    "1": {
      "count": 1346.0,
      "rmse": 0.15131815294204665,
      "mean": 0.10624748327079181,
      "pstd": 0.1077434717670422,
      "mean_dt": 1.0
    },
    "10": {
      "count": 1337.0,
      "rmse": 0.8744920379628802,
      "mean": 0.768324011186789,
      "pstd": 0.4176296664442228,
      "mean_dt": 10.0
    },
    "50": {
      "count": 1297.0,
      "rmse": 2.9631861424209696,
      "mean": 2.6342850810978193,
      "pstd": 1.356839793837547,
      "mean_dt": 50.0
    }
  }
}