{
  "a": {
    "ate": {
      "matches": 1347,
      "rmse": 2.7533066538972295,
      "R": [
        [
          0.9992396138928675,
          0.03790669591304055,
          -0.009125592155486407
        ],
        [
          -0.03800619349086282,
          0.9992170853874988,
          -0.010988426914104704
        ],
        [
          0.008701912638444508,
          0.011326900488120094,
          0.9998979838172316
        ]
      ],
      "t": [
        -3.448683949652093,
        4.3177325846512105,
        -2.5601905628996473
      ],
      "s": 1.0
    },
    "rpe": {
      "1": {
        "count": 1346.0,
        "rmse": 0.15131815294204665,
        "mean": 0.10624748327079181,
        "pstd": 0.1077434717670422,
        "mean_dt": 1.0
      },
      "10": {
        "count": 1337.0,
        "rmse": 0.8744920379628802,
        "mean": 0.768324011186789,
        "pstd": 0.4176296664442228,
        "mean_dt": 10.0
      },
      "50": {
        "count": 1297.0,
        "rmse": 2.9631861424209696,
        "mean": 2.6342850810978193,
        "pstd": 1.356839793837547,
        "mean_dt": 50.0
      }
    }
  },
  "b": {
    "ate": {
      "matches": 617,
      "rmse": 4.720069623378595,
      "R": [
        [
          0.9997934730433681,
          -0.002004292444213535,
          -0.020223601847363194
        ],
        [
          0.0019522330440756557,
          0.9999947309865922,
          -0.0025936046723419384
        ],
        [
          0.02022869363118193,
          0.002553587839265653,
          0.9997921179640912
        ]
      ],
      "t": [
        -4.070778997842822,
        -1.2703788416474708,
        -6.174188443015723
      ],
      "s": 1.0
    },
    "rpe": {
      "1": {
        "count": 616.0,
        "rmse": 0.32443276608183746,
        "mean": 0.1556110784513781,
        "pstd": 0.2846784360830855,
        "mean_dt": 1.0
      },
      "10": {
        "count": 607.0,
        "rmse": 1.3555921681373149,
        "mean": 1.0670841590914657,
        "pstd": 0.8360391879160245,
        "mean_dt": 10.0
      },
      "50": {
        "count": 567.0,
        "rmse": 4.7204079171238,
        "mean": 3.7121309711813244,
        "pstd": 2.9158762931306685,
        "mean_dt": 50.0
      }
    }
  },
  "c": {
    "ate": {
      "matches": 1070,
      "rmse": 3.2852108867152725,
      "R": [
        [
          0.9992292125564235,
          0.0388114166324326,
          -0.00588682536297367
        ],
        [
          -0.03887878027510727,
          0.9991743028140969,
          -0.011796314690758317
        ],
        [
          0.005424132943647245,
          0.012016094829319188,
          0.9999130923469611
        ]
      ],
      "t": [
        -3.4439510526504478,
        5.138103136755177,
        -2.1214249308483604
      ],
      "s": 1.0
    },
    "rpe": {
      "1": {
        "count": 1069.0,
        "rmse": 0.8695658407972512,
        "mean": 0.2452490981623694,
        "pstd": 0.8342647249716215,
        "mean_dt": 1.0
      },
      "10": {
        "count": 1060.0,
        "rmse": 1.2990582996537718,
        "mean": 0.9272727908822388,
        "pstd": 0.9097898862862854,
        "mean_dt": 10.0
      },
      "50": {
        "count": 1020.0,
        "rmse": 3.0091096618590787,
        "mean": 2.667781348819027,
        "pstd": 1.3920070517015994,
        "mean_dt": 50.0
      }
    }
  }
}