{
  "ate": {
    "matches": 1020,
    "rmse": 3.046639947891193,
    "R": [
      [
        0.9998043333023552,
        0.014031761561951645,
        0.013942911363907969
      ],
      [
        -0.01388217014669879,
        0.9998456522585801,
        -0.010768333744493111
      ],
      [
        -0.014091857998552376,
        0.010572668872296076,
        0.9998448070631086
      ]
    ],
    "t": [
      -1.8349373574218077,
      1.8092394552177637,
      1.2451076773249392
    ],
    "s": 1.0
  },
  "rpe": {
    "1": {
      "count": 1019.0,
      "rmse": 0.6201082978386773,
      "mean": 0.17259216911608857,
      "pstd": 0.5956057791930706,
      "mean_dt": 1.0
    },
    "10": {
      "count": 1010.0,
      "rmse": 1.0637347408558582,
      "mean": 0.8534637455147812,
      "pstd": 0.6349261642077446,
      "mean_dt": 10.0
    },
    "50": {
      "count": 970.0,
      "rmse": 2.853689841151594,
      "mean": 2.5065539465420423,
      "pstd": 1.3640868823378967,
      "mean_dt": 50.0
    }
  }
}