{
  "ate": {
    "matches": 596,
    "rmse": 3.0146671848302233,
    "R": [
      [
        0.9999656153645604,
        0.0015851969550879069,
        0.00813973213256906
      ],
      [
        -0.001635398910452069,
        0.9999796615556029,
        0.006164571805537956
      ],
      [
        -0.008129794522624113,
        -0.006177671548044765,
        0.9999478700488664
      ]
    ],
    "t": [
      -2.3255585831739154,
      0.8422730193045567,
      0.8321961251922911
    ],
    "s": 1.0
  },
  "rpe": {
    "1": {
      "count": 595.0,
      "rmse": 1.3245022073246377,
      "mean": 0.17976636082150665,
      "pstd": 1.3122462241229074,
      "mean_dt": 1.0
    },
    "10": {
      "count": 586.0,
      "rmse": 1.5640276819522985,
      "mean": 0.7960856784978011,
      "pstd": 1.3462652719296375,
      "mean_dt": 10.0
    },
    "50": {
      "count": 546.0,
      "rmse": 2.969692478964277,
      "mean": 2.520526618871393,
      "pstd": 1.5703563236341411,
      "mean_dt": 50.0
    }
  }
}