{
  "stats": {
    "topics": {
      "/c_slam/factor_batch/a": {
        "attempts": 96,
        "drops": 0,
        "published": 96,
        "delivered": 96,
        "delivery_rate": 1.0,
        "bytes_attempted": 1131500,
        "bytes_published": 1131500,
        "bytes_delivered": null,
        "drop_reasons": {},
        "delivery_method": "ack",
        "ack_latency_s": {
          "count": 96,
          "min": 0.003541524987667799,
          "max": 0.0953553490107879,
          "mean": 0.018668309928519495,
          "median": 0.006805066019296646,
          "p90": 0.05370748651330359,
          "p95": 0.06068882877298165,
          "stdev": 0.020306349902158457
        }
      },
      "/c_slam/factor_batch/c": {
        "attempts": 97,
        "drops": 0,
        "published": 97,
        "delivered": 97,
        "delivery_rate": 1.0,
        "bytes_attempted": 1140611,
        "bytes_published": 1140611,
        "bytes_delivered": null,
        "drop_reasons": {},
        "delivery_method": "ack",
        "ack_latency_s": {
          "count": 97,
          "min": 0.002479602990206331,
          "max": 0.09658819198375568,
          "mean": 0.03245717721580787,
          "median": 0.03281665296526626,
          "p90": 0.061319579195696874,
          "p95": 0.06582095858175308,
          "stdev": 0.024087408320679318
        }
      },
      "/c_slam/factor_batch/b": {
        "attempts": 171,
        "drops": 0,
        "published": 171,
        "delivered": 171,
        "delivery_rate": 1.0,
        "bytes_attempted": 2024312,
        "bytes_published": 2024312,
        "bytes_delivered": null,
        "drop_reasons": {},
        "delivery_method": "ack",
        "ack_latency_s": {
          "count": 171,
          "min": 0.0025784900062717497,
          "max": 0.09617262799292803,
          "mean": 0.03412192962091547,
          "median": 0.03850074502406642,
          "p90": 0.06364033999852836,
          "p95": 0.0651877409836743,
          "stdev": 0.02345842848954548
        }
      }
    },
    "generated_by": {
      "component": "ros2_factor_publisher",
      "pid": 490378
    }
  }
}