{
  "loop_closure_correction": {
    "count": 512,
    "min": 0.009816081030294299,
    "max": 0.2066745669580996,
    "mean": 0.07068810518967439,
    "median": 0.06371955148642883,
    "p90": 0.1127152109052986,
    "p95": 0.14336260425916406,
    "p99": 0.18667880703811535,
    "stdev": 0.03720766727712256
  },
  "interface_correction": {
    "count": 5,
    "min": 0.023012910969555378,
    "max": 0.1860121670179069,
    "mean": 0.0816830257885158,
    "median": 0.07331057399278507,
    "p90": 0.14103755741380156,
    "p95": 0.1635248622158542,
    "p99": 0.18151470605749637,
    "stdev": 0.05534257840620541
  },
  "loop_closure_correction_stabilised": {
    "count": 512,
    "min": 0.46676206588745117,
    "max": 20.304570198059082,
    "mean": 12.814640901517123,
    "median": 14.16647458076477,
    "p90": 19.04655776023865,
    "p95": 19.540783512592316,
    "p99": 19.992716994285583,
    "stdev": 5.686438401976276
  },
  "loop_closure_correction_stabilised_params": {
    "epsilon": 0.001,
    "required": 3
  },
  "interface_correction_stabilised": {
    "count": 5,
    "min": 19.045886516571045,
    "max": 21.353976488113403,
    "mean": 19.9328715801239,
    "median": 19.705085039138794,
    "p90": 20.810319089889525,
    "p95": 21.082147789001464,
    "p99": 21.299610748291016,
    "stdev": 0.7742930433767432
  },
  "interface_correction_stabilised_params": {
    "epsilon": 0.001,
    "required": 3
  },
  "time_to_global_convergence_s": 21.205223083496094,
  "time_to_global_convergence_method": "last_map_broadcast",
  "timeline_start_ts": 1770257454.857354,
  "timeline_end_ts": 1770257476.062577,
  "optimization_duration_s": {
    "count": 279,
    "min": 0.0006116510485298932,
    "max": 0.07247397903120145,
    "mean": 0.009802934402177664,
    "median": 0.00440768402768299,
    "p90": 0.02934832299361009,
    "p95": 0.048782958422088976,
    "p99": 0.06636411747662345,
    "stdev": 0.014984589023809752
  },
  "communication_uplink_messages": 586,
  "communication_uplink_bytes": 6916970,
  "communication_downlink_messages": 279,
  "communication_downlink_bytes": 70605074,
  "communication_uplink_bytes_per_s": 326191.80532853905,
  "communication_downlink_bytes_per_s": 3329607.6972164246,
  "delivery_topics": {
    "/c_slam/factor_batch/d": {
      "attempts": 176.0,
      "drops": 0.0,
      "delivered": 176.0,
      "delivery_rate": 1.0
    },
    "/c_slam/factor_batch/b": {
      "attempts": 50.0,
      "drops": 0.0,
      "delivered": 50.0,
      "delivery_rate": 1.0
    },
    "/c_slam/factor_batch/c": {
      "attempts": 95.0,
      "drops": 0.0,
      "delivered": 95.0,
      "delivery_rate": 1.0
    },
    "/c_slam/factor_batch/a": {
      "attempts": 233.0,
      "drops": 0.0,
      "delivered": 233.0,
      "delivery_rate": 1.0
    },
    "/c_slam/factor_batch/e": {
      "attempts": 83.0,
      "drops": 51.0,
      "delivered": 32.0,
      "delivery_rate": 0.3855421686746988
    }
  },
  "delivery_rate": {
    "count": 5,
    "min": 0.3855421686746988,
    "max": 1.0,
    "mean": 0.8771084337349397,
    "median": 1.0,
    "p90": 1.0,
    "p95": 1.0,
    "p99": 1.0,
    "stdev": 0.24578313253012046
  },
  "estimation_metrics": {
    "ate": {
      "d": {
        "matches": 1062,
        "rmse": 2.159993883504428,
        "R": [
          [
            0.999920885676964,
            0.012372860950114856,
            -0.002265987401785508
          ],
          [
            -0.012396857403439387,
            0.9998637329666863,
            -0.010901074462733033
          ],
          [
            0.0021308011438704905,
            0.010928303154304486,
            0.9999380140171953
          ]
        ],
        "t": [
          -0.7471268626192256,
          1.5767604127675554,
          -0.3839234489384138
        ],
        "s": 1.0
      },
      "e": {
        "matches": 216,
        "rmse": 1.1635189550403557,
        "R": [
          [
            0.999995785752281,
            0.002841544923504285,
            -0.0005950631286104381
          ],
          [
            -0.0028427596528483403,
            0.999993856968279,
            -0.002050547064039461
          ],
          [
            0.0005892327515185543,
            0.0020522300439790933,
            0.9999977205757077
          ]
        ],
        "t": [
          0.398776530202241,
          1.2699643855626697,
          -0.1841880598455079
        ],
        "s": 1.0
      },
      "b": {
        "matches": 265,
        "rmse": 1.2687620462443951,
        "R": [
          [
            0.9999350886706451,
            0.010138963169672811,
            -0.0051980641658787375
          ],
          [
            -0.010150120270475392,
            0.9999462292782804,
            -0.0021245259807286462
          ],
          [
            0.005176244171545384,
            0.0021771490513802887,
            0.9999842331348453
          ]
        ],
        "t": [
          -0.7956769449765346,
          1.5601216486272946,
          -0.5586281719901667
        ],
        "s": 1.0
      },
      "c": {
        "matches": 624,
        "rmse": 1.557406405598216,
        "R": [
          [
            0.9999547242166311,
            0.007925210130318982,
            -0.005266930911938731
          ],
          [
            -0.007966802272900185,
            0.9999368733087662,
            -0.007923348978297107
          ],
          [
            0.005203804222428443,
            0.007964950839625631,
            0.9999547389655875
          ]
        ],
        "t": [
          -0.643110249942282,
          1.2698932855658143,
          -0.93541540004771
        ],
        "s": 1.0
      },
      "a": {
        "matches": 1357,
        "rmse": 2.147064045141918,
        "R": [
          [
            0.9999435838593275,
            0.010497844539548475,
            0.0016199872183977814
          ],
          [
            -0.01048336067400306,
            0.9999071636010332,
            -0.008704213250823073
          ],
          [
            -0.0017112123021642781,
            0.00868673928240616,
            0.9999608053884391
          ]
        ],
        "t": [
          -0.3495827838547285,
          1.5235530300345062,
          -0.30456875907390746
        ],
        "s": 1.0
      }
    },
    "rpe": {
      "d": {
        "1": {
          "count": 1061.0,
          "rmse": 0.7121014923497406,
          "mean": 0.21815066907796848,
          "pstd": 0.6778634235504692,
          "mean_dt": 1.0
        },
        "10": {
          "count": 1052.0,
          "rmse": 0.9900228306842349,
          "mean": 0.6624751772321021,
          "pstd": 0.735711794677319,
          "mean_dt": 10.0
        },
        "50": {
          "count": 1012.0,
          "rmse": 2.2437147788705145,
          "mean": 1.851405902790863,
          "pstd": 1.267498399223097,
          "mean_dt": 50.0
        }
      },
      "e": {
        "1": {
          "count": 215.0,
          "rmse": 0.5783410112792065,
          "mean": 0.20931142016060417,
          "pstd": 0.5391354697270494,
          "mean_dt": 1.0
        },
        "10": {
          "count": 206.0,
          "rmse": 0.9584470890147126,
          "mean": 0.5485665838929613,
          "pstd": 0.785936082309995,
          "mean_dt": 10.0
        },
        "50": {
          "count": 166.0,
          "rmse": 1.4883152837518605,
          "mean": 1.228228925278509,
          "pstd": 0.8405570123189617,
          "mean_dt": 50.0
        }
      },
      "b": {
        "1": {
          "count": 264.0,
          "rmse": 0.38321764097818545,
          "mean": 0.14959023941557656,
          "pstd": 0.35281513662040626,
          "mean_dt": 1.0
        },
        "10": {
          "count": 255.0,
          "rmse": 0.7035263634159842,
          "mean": 0.580515216300624,
          "pstd": 0.3974310351051605,
          "mean_dt": 10.0
        },
        "50": {
          "count": 215.0,
          "rmse": 2.0797530241121915,