{
  "stats": {
    "topics": {
      "/c_slam/factor_batch/a": {
        "attempts": 221,
        "drops": 0,
        "published": 221,
        "delivered": 221,
        "delivery_rate": 1.0,
        "bytes_attempted": 2614032,
        "bytes_published": 2614032,
        "bytes_delivered": null,
        "drop_reasons": {},
        "delivery_method": "ack",
        "ack_latency_s": {
          "count": 221,
          "min": 0.00255333399400115,
          "max": 0.00857435300713405,
          "mean": 0.00634166080429855,
          "median": 0.006584168993867934,
          "p90": 0.006851601006928831,
          "p95": 0.007016052026301622,
          "stdev": 0.0008536564195234784
        }
      },
      "/c_slam/factor_batch/c": {
        "attempts": 182,
        "drops": 0,
        "published": 182,
        "delivered": 182,
        "delivery_rate": 1.0,
        "bytes_attempted": 2149986,
        "bytes_published": 2149986,
        "bytes_delivered": null,
        "drop_reasons": {},
        "delivery_method": "ack",
        "ack_latency_s": {
          "count": 182,
          "min": 0.0033209589892067015,
          "max": 0.008729544992092997,
          "mean": 0.006310056164543462,
          "median": 0.006577902007848024,
          "p90": 0.006795182370115072,
          "p95": 0.0069495305797318,
          "stdev": 0.0008163839812573713
        }
      },
      "/c_slam/factor_batch/b": {
        "attempts": 94,
        "drops": 0,
        "published": 94,
        "delivered": 94,
        "delivery_rate": 1.0,
        "bytes_attempted": 1107418,
        "bytes_published": 1107418,
        "bytes_delivered": null,
        "drop_reasons": {},
        "delivery_method": "ack",
        "ack_latency_s": {
          "count": 94,
          "min": 0.0035794050199911,
          "max": 0.008151929010637105,
          "mean": 0.006493891680370422,
          "median": 0.006595349492272362,
          "p90": 0.006879719212884083,
          "p95": 0.006972844986012205,
          "stdev": 0.0006254892854276868
        }
      }
    },
    "generated_by": {
      "component": "ros2_factor_publisher",
      "pid": 447515
    }
  }
}