{
  "loop_closure_correction": {
    "count": 441,
    "min": 0.003924146993085742,
    "max": 0.9826712590293027,
    "mean": 0.10112538468211471,
    "median": 0.0889069540426135,
    "p90": 0.16913670196663588,
    "p95": 0.22561680199578404,
    "p99": 0.6410129609866999,
    "stdev": 0.10705225721104925
  },
  "interface_correction": {
    "count": 4,
    "min": 0.00958726101089269,
    "max": 0.08187453105347231,
    "mean": 0.045142209259211086,
    "median": 0.04455352248623967,
    "p90": 0.07811726203653963,
    "p95": 0.07999589654500595,
    "p99": 0.08149880415177904,
    "stdev": 0.030999481296456743
  },
  "loop_closure_correction_stabilised": {
    "count": 441,
    "min": 0.385969877243042,
    "max": 20.56995439529419,
    "mean": 10.475957233078626,
    "median": 10.444667100906372,
    "p90": 18.489771842956543,
    "p95": 19.29416060447693,
    "p99": 20.341533803939818,
    "stdev": 6.297822039326412
  },
  "loop_closure_correction_stabilised_params": {
    "epsilon": 0.001,
    "required": 3
  },
  "interface_correction_stabilised": {
    "count": 4,
    "min": 18.48948836326599,
    "max": 20.808016538619995,
    "mean": 19.700524032115936,
    "median": 19.75229561328888,
    "p90": 20.64631724357605,
    "p95": 20.727166891098022,
    "p99": 20.7918466091156,
    "stdev": 0.8989596101409165
  },
  "interface_correction_stabilised_params": {
    "epsilon": 0.001,
    "required": 3
  },
  "time_to_global_convergence_s": 20.63816785812378,
  "time_to_global_convergence_method": "last_map_broadcast",
  "timeline_start_ts": 1770277704.068577,
  "timeline_end_ts": 1770277724.706745,
  "optimization_duration_s": {
    "count": 263,
    "min": 0.0004718689597211778,
    "max": 0.07352759002242237,
    "mean": 0.010030412479673827,
    "median": 0.004090286034625024,
    "p90": 0.029019007994793372,
    "p95": 0.058922827732749226,
    "p99": 0.06945098571944981,
    "stdev": 0.015908602028637617
  },
  "communication_uplink_messages": 598,
  "communication_uplink_bytes": 7052972,
  "communication_downlink_messages": 263,
  "communication_downlink_bytes": 65259688,
  "communication_uplink_bytes_per_s": 341744.09513893677,
  "communication_downlink_bytes_per_s": 3162087.2767691878,
  "delivery_topics": {
    "/c_slam/factor_batch/a": {
      "attempts": 230.0,
      "drops": 0.0,
      "delivered": 230.0,
      "delivery_rate": 1.0
    },
    "/c_slam/factor_batch/b": {
      "attempts": 93.0,
      "drops": 0.0,
      "delivered": 93.0,
      "delivery_rate": 1.0
    },
    "/c_slam/factor_batch/c": {
      "attempts": 188.0,
      "drops": 0.0,
      "delivered": 188.0,
      "delivery_rate": 1.0
    },
    "/c_slam/factor_batch/d": {
      "attempts": 87.0,
      "drops": 0.0,
      "delivered": 86.0,
      "delivery_rate": 0.9885057471264368
    }
  },
  "delivery_rate": {
    "count": 4,
    "min": 0.9885057471264368,
    "max": 1.0,
    "mean": 0.9971264367816092,
    "median": 1.0,
    "p90": 1.0,
    "p95": 1.0,
    "p99": 1.0,
    "stdev": 0.004977157493014009
  },
  "estimation_metrics": {
    "ate": {
      "a": {
        "matches": 1341,
        "rmse": 1.757372365950682,
        "R": [
          [
            0.9999789416379605,
            0.006480214646466578,
            -0.0003508543299157157
          ],
          [
            -0.006481869394209266,
            0.999966786682891,
            -0.004940738836460366
          ],
          [
            0.00031882562870718485,
            0.004942908984536115,
            0.9999877329252538
          ]
        ],
        "t": [
          -1.545593624635515,
          0.8774533701337575,
          -0.23335683184484957
        ],
        "s": 1.0
      },
      "c": {
        "matches": 1064,
        "rmse": 2.2584795635179624,
        "R": [
          [
            0.9999849026419495,
            0.005383192066947924,
            -0.0011026020772550934
          ],
          [
            -0.005387866157934596,
            0.9999763217920055,
            -0.004280975776098171
          ],
          [
            0.0010795306547770828,
            0.004286851817091798,
            0.9999902287097926
          ]
        ],
        "t": [
          -1.0759623127769373,
          0.5970645577147522,
          -0.22550875400510328
        ],
        "s": 1.0
      },
      "d": {
        "matches": 530,
        "rmse": 2.57879755231419,
        "R": [
          [
            0.9999878651462121,
            0.004873970671723917,
            0.0007169171579514333
          ],
          [
            -0.004869711501236058,
            0.999971163625548,
            -0.005827334490295277
          ],
          [
            -0.0007452987420598408,
            0.005823772596713739,
            0.999982763952723
          ]
        ],
        "t": [
          0.12415481802975137,
          0.2727257556159728,
          -0.018635678517315846
        ],
        "s": 1.0
      },
      "b": {
        "matches": 620,
        "rmse": 2.0081899920075768,
        "R": [
          [
            0.9999704175873848,
            0.007689446447919705,
            0.00019069198959925648
          ],
          [
            -0.007688793635249709,
            0.9999652701848356,
            -0.003215723340548267
          ],
          [
            -0.0002154124993201654,
            0.003214162020337613,
            0.9999948113665201
          ]
        ],
        "t": [
          -1.406061911322638,
          0.9885445444785859,
          -0.296371344859788
        ],
        "s": 1.0
      }
    },
    "rpe": {
      "a": {
        "1": {
          "count": 1340.0,
          "rmse": 0.14313372636436747,
          "mean": 0.08720613265008524,
          "pstd": 0.11350045837425234,
          "mean_dt": 1.0
        },
        "10": {
          "count": 1331.0,
          "rmse": 0.6296562971745269,
          "mean": 0.541028581748326,
          "pstd": 0.3221104256352638,
          "mean_dt": 10.0
        },
        "50": {
          "count": 1291.0,
          "rmse": 1.8011205562312331,
          "mean": 1.606779322692578,
          "pstd": 0.8138153760198197,
          "mean_dt": 50.0
        }
      },
      "c": {
        "1": {
          "count": 1063.0,
          "rmse": 0.519818433456056,
          "mean": 0.18768432693627526,
          "pstd": 0.4847533364332681,
          "mean_dt": 1.0
        },
        "10": {
          "count": 1054.0,
          "rmse": 0.866933064152431,
          "mean": 0.6846128356010116,
          "pstd": 0.5318629551407629,
          "mean_dt": 10.0
        },
        "50": {
          "count": 1014.0,
          "rmse": 2.1668332299754662,
          "mean": 1.8813766623161092,
          "pstd": 1.0749828375458843,
          "mean_dt": 50.0
        }
      },
      "d": {
        "1": {
          "count": 529.0,
          "rmse": 0.539708287518477,
          "mean": 0.17662606466813952,
          "pstd": 0.5099884987879362,
          "mean_dt": 1.0
        },
        "10": {
          "count": 520.0,
          "rmse": 0.9213216219774386,
          "mean": 0.7609520949005012,
          "pstd": 0.5194087411563997,
          "mean_dt": 10.0
        },
        "50": {
          "count": 480.0,
          "rmse": 2.7857951122371323,
          "mean": 2.608379262476918,
          "pstd": 0.9782699169680438,
          "mean_dt": 50.0
        }
      },
      "b": {
        "1": {
          "count": 619.0,
          "rmse": 0.38246051800277786,
          "mean": 0.13517817092748338,
          "pstd": 0.3577749431355599,
          "mean_dt": 1.0
        },
        "10": {
          "count": 610.0,
          "rmse": 0.7745725709661553,
          "mean": 0.63540908340819,
          "pstd": 0.44296496973855987,
          "mean_dt": 10.0
        },
        "50": {
          "count": 570.0,
          "rmse": 2.166897385307582,
          "mean": 1.9855672832249247,
          "pstd": 0.8677366203172628,
          "mean_dt": 50.0
        }
      }
    }
  },