{
  "stats": {
    "topics": {
      "/c_slam/factor_batch/a": {
        "attempts": 230,
        "drops": 0,
        "published": 230,
        "delivered": 230,
        "delivery_rate": 1.0,
        "bytes_attempted": 2716278,
        "bytes_published": 2716278,
        "bytes_delivered": null,
        "drop_reasons": {},
        "delivery_method": "ack",
        "ack_latency_s": {
          "count": 230,
          "min": 0.005601048993412405,
          "max": 6.041304510028567,
          "mean": 2.0642008132096277,
          "median": 1.988821397011634,
          "p90": 5.347626890515675,
          "p95": 5.73581435662345,
          "stdev": 1.8876349012993596
        }
      },
      "/c_slam/factor_batch/b": {
        "attempts": 93,
        "drops": 0,
        "published": 93,
        "delivered": 93,
        "delivery_rate": 1.0,
        "bytes_attempted": 1097934,
        "bytes_published": 1097934,
        "bytes_delivered": null,
        "drop_reasons": {},
        "delivery_method": "ack",
        "ack_latency_s": {
          "count": 93,
          "min": 0.007385311007965356,
          "max": 6.00530543300556,
          "mean": 0.6623770399350843,
          "median": 0.07748274400364608,
          "p90": 2.0272407935932275,
          "p95": 2.386274141992908,
          "stdev": 1.0995994719214548
        }
      },
      "/c_slam/factor_batch/c": {
        "attempts": 188,
        "drops": 0,
        "published": 188,
        "delivered": 188,
        "delivery_rate": 1.0,
        "bytes_attempted": 2217933,
        "bytes_published": 2217933,
        "bytes_delivered": null,
        "drop_reasons": {},
        "delivery_method": "ack",
        "ack_latency_s": {
          "count": 188,
          "min": 0.007489936018828303,
          "max": 6.0024758750223555,
          "mean": 2.187423968949588,
          "median": 2.195135084039066,
          "p90": 4.631868656387088,
          "p95": 5.0579468882584475,
          "stdev": 1.6405303411621335
        }
      },
      "/c_slam/factor_batch/d": {
        "attempts": 87,
        "drops": 0,
        "published": 87,
        "delivered": 86,
        "delivery_rate": 0.9885057471264368,
        "bytes_attempted": 1020827,
        "bytes_published": 1020827,
        "bytes_delivered": null,
        "drop_reasons": {},
        "delivery_method": "ack",
        "ack_latency_s": {
          "count": 86,
          "min": 0.005490112002007663,
          "max": 6.001545873004943,
          "mean": 0.7846166955585981,
          "median": 0.3635758654854726,
          "p90": 2.152729605528293,
          "p95": 2.264304521260783,
          "stdev": 0.9854363345426276
        }
      }
    },
    "generated_by": {
      "component": "ros2_factor_publisher",
      "pid": 516874
    }
  }
}