{
  "stats": {
    "topics": {
      "/c_slam/factor_batch/a": {
        "attempts": 96,
        "drops": 0,
        "published": 96,
        "delivered": 96,
        "delivery_rate": 1.0,
        "bytes_attempted": 1131484,
        "bytes_published": 1131484,
        "bytes_delivered": null,
        "drop_reasons": {},
        "delivery_method": "ack",
        "ack_latency_s": {
          "count": 96,
          "min": 0.004650080983992666,
          "max": 0.27256995800416917,
          "mean": 0.06795082687616134,
          "median": 0.033852950524305925,
          "p90": 0.19781377800973132,
          "p95": 0.2366337455168832,
          "stdev": 0.07546918773135448
        }
      },
      "/c_slam/factor_batch/c": {
        "attempts": 97,
        "drops": 0,
        "published": 97,
        "delivered": 97,
        "delivery_rate": 1.0,
        "bytes_attempted": 1140613,
        "bytes_published": 1140613,
        "bytes_delivered": null,
        "drop_reasons": {},
        "delivery_method": "ack",
        "ack_latency_s": {
          "count": 97,
          "min": 0.006883380003273487,
          "max": 0.168966956960503,
          "mean": 0.04253856067068049,
          "median": 0.030044747982174158,
          "p90": 0.0906301977694966,
          "p95": 0.12671495039248834,
          "stdev": 0.0384747172759326
        }
      },
      "/c_slam/factor_batch/b": {
        "attempts": 171,
        "drops": 0,
        "published": 171,
        "delivered": 171,
        "delivery_rate": 1.0,
        "bytes_attempted": 2024312,
        "bytes_published": 2024312,
        "bytes_delivered": null,
        "drop_reasons": {},
        "delivery_method": "ack",
        "ack_latency_s": {
          "count": 171,
          "min": 0.005205861001741141,
          "max": 0.2719511479954235,
          "mean": 0.05505302729941523,
          "median": 0.041801729996223,
          "p90": 0.14807573496364057,
          "p95": 0.20395434851525351,
          "stdev": 0.060163060793223505
        }
      }
    },
    "generated_by": {
      "component": "ros2_factor_publisher",
      "pid": 524749
    }
  }
}