{
  "stats": {
    "topics": {
      "/c_slam/factor_batch/a": {
        "attempts": 228,
        "drops": 0,
        "published": 228,
        "delivered": 228,
        "delivery_rate": 1.0,
        "bytes_attempted": 2698471,
        "bytes_published": 2698471,
        "bytes_delivered": null,
        "drop_reasons": {},
        "delivery_method": "ack",
        "ack_latency_s": {
          "count": 228,
          "min": 0.005706041993107647,
          "max": 6.924340668017976,
          "mean": 2.355224734211796,
          "median": 2.236420030501904,
          "p90": 6.235419797507349,
          "p95": 6.677476068472606,
          "stdev": 2.2862951015570157
        }
      },
      "/c_slam/factor_batch/b": {
        "attempts": 89,
        "drops": 0,
        "published": 89,
        "delivered": 89,
        "delivery_rate": 1.0,
        "bytes_attempted": 1046966,
        "bytes_published": 1046966,
        "bytes_delivered": null,
        "drop_reasons": {},
        "delivery_method": "ack",
        "ack_latency_s": {
          "count": 89,
          "min": 0.00646693300222978,
          "max": 6.869376144022681,
          "mean": 0.5454406333770707,
          "median": 0.06479460198897868,
          "p90": 1.7090397992287767,
          "p95": 2.134686907357536,
          "stdev": 0.9662480708051764
        }
      },
      "/c_slam/factor_batch/c": {
        "attempts": 180,
        "drops": 0,
        "published": 180,
        "delivered": 180,
        "delivery_rate": 1.0,
        "bytes_attempted": 2129902,
        "bytes_published": 2129902,
        "bytes_delivered": null,
        "drop_reasons": {},
        "delivery_method": "ack",
        "ack_latency_s": {
          "count": 180,
          "min": 0.007405687996651977,
          "max": 6.8707633829908445,
          "mean": 2.5130173753005995,
          "median": 2.3384596465039067,
          "p90": 5.58129977681674,
          "p95": 6.0451421375706555,
          "stdev": 2.0487796339251934
        }
      },
      "/c_slam/factor_batch/d": {
        "attempts": 87,
        "drops": 0,
        "published": 87,
        "delivered": 87,
        "delivery_rate": 1.0,
        "bytes_attempted": 1024384,
        "bytes_published": 1024384,
        "bytes_delivered": null,
        "drop_reasons": {},
        "delivery_method": "ack",
        "ack_latency_s": {
          "count": 87,
          "min": 0.006438618991523981,
          "max": 7.080305568000767,
          "mean": 0.7096834022962574,
          "median": 0.20342662296025082,
          "p90": 1.976553354633507,
          "p95": 2.107207725290209,
          "stdev": 1.0454086463000323
        }
      }
    },
    "generated_by": {
      "component": "ros2_factor_publisher",
      "pid": 454593
    }
  }
}