{
  "ate": {
    "matches": 1355,
    "rmse": 2.2394598061844877,
    "R": [
      [
        0.999858565732006,
        0.014094700514468022,
        0.00917539915982965
      ],
      [
        -0.014038285189607019,
        0.9998823342861354,
        -0.006184183975505221
      ],
      [
        -0.009261483750998644,
        0.006054502449837303,
        0.9999387820855908
      ]
    ],
    "t": [
      -1.1449056868387686,
      2.232431652692867,
      0.37120616347283786
    ],
    "s": 1.0
  },
  "rpe": {
    "1": {
      "count": 1354.0,
      "rmse": 0.1290622142953886,
      "mean": 0.09730080334704967,
      "pstd": 0.08479156105915026,
      "mean_dt": 1.0
    },
    "10": {
      "count": 1345.0,
      "rmse": 0.7534814693725458,
      "mean": 0.6716708868934783,
      "pstd": 0.34145650438604785,
      "mean_dt": 10.0
    },
    "50": {
      "count": 1305.0,
      "rmse": 2.5276878994447967,
      "mean": 2.2602066145520263,
      "pstd": 1.131667873775214,
      "mean_dt": 50.0
    }
  }
}