{
  "stats": {
    "topics": {
      "/c_slam/factor_batch/a": {
        "attempts": 228,
        "drops": 0,
        "published": 228,
        "delivered": 228,
        "delivery_rate": 1.0,
        "bytes_attempted": 2698447,
        "bytes_published": 2698447,
        "bytes_delivered": null,
        "drop_reasons": {},
        "delivery_method": "ack",
        "ack_latency_s": {
          "count": 228,
          "min": 0.0025406909990124404,
          "max": 0.00777971203206107,
          "mean": 0.006393701070919633,
          "median": 0.006550313497427851,
          "p90": 0.006732226588064804,
          "p95": 0.006827367600635625,
          "stdev": 0.0006250147202264298
        }
      },
      "/c_slam/factor_batch/b": {
        "attempts": 89,
        "drops": 0,
        "published": 89,
        "delivered": 89,
        "delivery_rate": 1.0,
        "bytes_attempted": 1046978,
        "bytes_published": 1046978,
        "bytes_delivered": null,
        "drop_reasons": {},
        "delivery_method": "ack",
        "ack_latency_s": {
          "count": 89,
          "min": 0.003816829004790634,
          "max": 0.007982003036886454,
          "mean": 0.006398641586099657,
          "median": 0.00649576005525887,
          "p90": 0.00666842219652608,
          "p95": 0.006696334201842546,
          "stdev": 0.0005132931643036433
        }
      },
      "/c_slam/factor_batch/c": {
        "attempts": 180,
        "drops": 0,
        "published": 180,
        "delivered": 180,
        "delivery_rate": 1.0,
        "bytes_attempted": 2129895,
        "bytes_published": 2129895,
        "bytes_delivered": null,
        "drop_reasons": {},
        "delivery_method": "ack",
        "ack_latency_s": {
          "count": 180,
          "min": 0.0031193429604172707,
          "max": 0.007932129024993628,
          "mean": 0.006509307777741924,
          "median": 0.006580184999620542,
          "p90": 0.006780025834450499,
          "p95": 0.006823362119030207,
          "stdev": 0.0004550405806398897
        }
      },
      "/c_slam/factor_batch/d": {
        "attempts": 87,
        "drops": 0,
        "published": 87,
        "delivered": 87,
        "delivery_rate": 1.0,
        "bytes_attempted": 1024385,
        "bytes_published": 1024385,
        "bytes_delivered": null,
        "drop_reasons": {},
        "delivery_method": "ack",
        "ack_latency_s": {
          "count": 87,
          "min": 0.004283057991415262,
          "max": 0.008060481981374323,
          "mean": 0.0065114127603177535,
          "median": 0.006601370056159794,
          "p90": 0.006794103409629316,
          "p95": 0.006870398099999875,
          "stdev": 0.00044691157485404363
        }
      }
    },
    "generated_by": {
      "component": "ros2_factor_publisher",
      "pid": 531532
    }
  }
}