{
  "a": {
    "ate": {
      "matches": 596,
      "rmse": 2.146043243575897,
      "R": [
        [
          0.9999307127411431,
          -0.004762639361180466,
          0.010765081667370788
        ],
        [
          0.0046567954323977045,
          0.9999407826475237,
          0.009835926726003516
        ],
        [
          -0.010811289159514202,
          -0.009785114438464339,
          0.9998936781288977
        ]
      ],
      "t": [
        -0.7587711615824873,
        -0.39466687333195694,
        0.8862676263416325
      ],
      "s": 1.0
    },
    "rpe": {
      "1": {
        "count": 595.0,
        "rmse": 1.2948061823732802,
        "mean": 0.16469716465392395,
        "pstd": 1.2842888669871066,
        "mean_dt": 1.0
      },
      "10": {
        "count": 586.0,
        "rmse": 1.46245925572514,
        "mean": 0.6692998444102246,
        "pstd": 1.3003171893536527,
        "mean_dt": 10.0
      },
      "50": {
        "count": 546.0,
        "rmse": 2.373181704928529,
        "mean": 2.005680466453262,
        "pstd": 1.2685571611461988,
        "mean_dt": 50.0
      }
    }
  },
  "b": {
    "ate": {
      "matches": 1020,
      "rmse": 3.155036531571214,
      "R": [
        [
          0.9995180229564289,
          -0.01600259497689066,
          0.026601480020429405
        ],
        [
          0.01593455937237537,
          0.9998692065083239,
          0.002767615223007558
        ],
        [
          -0.026642289745439456,
          -0.002342398433226027,
          0.9996422868039846
        ]
      ],
      "t": [
        0.5897059422876083,
        -1.2520396651553725,
        3.053757679120923
      ],
      "s": 1.0
    },
    "rpe": {
      "1": {
        "count": 1019.0,
        "rmse": 0.6970190606425887,
        "mean": 0.18217758034059903,
        "pstd": 0.6727903834927497,
        "mean_dt": 1.0
      },
      "10": {
        "count": 1010.0,
        "rmse": 1.2534464925114286,
        "mean": 0.9072357218849285,
        "pstd": 0.8648996788790814,
        "mean_dt": 10.0
      },
      "50": {
        "count": 970.0,
        "rmse": 3.231283758900307,
        "mean": 2.669872217181266,
        "pstd": 1.8201585300342644,
        "mean_dt": 50.0
      }
    }
  },
  "c": {
    "ate": {
      "matches": 428,
      "rmse": 2.8996061217891893,
      "R": [
        [
          0.9970519763844456,
          -0.07462781906949287,
          0.017833816439635202
        ],
        [
          0.07443824402383901,
          0.9971641987427787,
          0.011068359061790115
        ],
        [
          -0.018609250778014053,
          -0.009708211297880562,
          0.9997796989431603
        ]
      ],
      "t": [
        4.041290835176085,
        -7.521872175189754,
        1.8774903416414688
      ],
      "s": 1.0
    },
    "rpe": {
      "1": {
        "count": 427.0,
        "rmse": 1.1247321412621676,
        "mean": 0.4435145897238336,
        "pstd": 1.033594310302781,
        "mean_dt": 1.0
      },
      "10": {
        "count": 418.0,
        "rmse": 1.6231953153661978,
        "mean": 1.1521822203062964,
        "pstd": 1.143345600873517,
        "mean_dt": 10.0
      },
      "50": {
        "count": 378.0,
        "rmse": 3.289364274464384,
        "mean": 3.062726687017035,
        "pstd": 1.1998427275090116,
        "mean_dt": 50.0
      }
    }
  }
}