{
  "ate": {
    "matches": 624,
    "rmse": 2.2869234631750692,
    "R": [
      [
        0.9999475787216983,
        0.004171221823823578,
        -0.009350974126213631
      ],
      [
        -0.004227062072089592,
        0.9999733059632947,
        -0.005959807637658361
      ],
      [
        0.009325864831283063,
        0.00599902236498958,
        0.999938518097894
      ]
    ],
    "t": [
      -0.8214283410006544,
      1.264827881855112,
      -2.3090133339008734
    ],
    "s": 1.0
  },
  "rpe": {
    "1": {
      "count": 623.0,
      "rmse": 0.2357249634780361,
      "mean": 0.11462018081569907,
      "pstd": 0.2059817286957703,
      "mean_dt": 1.0
    },
    "10": {
      "count": 614.0,
      "rmse": 0.782451327219293,
      "mean": 0.6623877005654182,
      "pstd": 0.41650043650264146,
      "mean_dt": 10.0
    },
    "50": {
      "count": 574.0,
      "rmse": 2.538351780072585,
      "mean": 2.2669824403130594,
      "pstd": 1.141937115041761,
      "mean_dt": 50.0
    }
  }
}