{
  "ate": {
    "matches": 265,
    "rmse": 1.5555447924294552,
    "R": [
      [
        0.999478242739055,
        0.03229447296450652,
        -0.0005561539310605119
      ],
      [
        -0.0322976303249593,
        0.9994526447689037,
        -0.007160582367078477
      ],
      [
        0.00032460228363331844,
        0.007174808735305009,
        0.9999742080438722
      ]
    ],
    "t": [
      -2.6634069852519957,
      4.33614491654129,
      -0.7884516568907003
    ],
    "s": 1.0
  },
  "rpe": {
    "1": {
      "count": 264.0,
      "rmse": 0.42228410818549456,
      "mean": 0.17609829760560514,
      "pstd": 0.3838140925062888,
      "mean_dt": 1.0
    },
    "10": {
      "count": 255.0,
      "rmse": 0.9618175002518531,
      "mean": 0.8573987585822784,
      "pstd": 0.43584432148680236,
      "mean_dt": 10.0
    },
    "50": {
      "count": 215.0,
      "rmse": 2.7600837632599053,
      "mean": 2.6488027293482483,
      "pstd": 0.7758263215489856,
      "mean_dt": 50.0
    }
  }
}