{
  "stats": {
    "topics": {
      "/c_slam/factor_batch/a": {
        "attempts": 228,
        "drops": 0,
        "published": 228,
        "delivered": 228,
        "delivery_rate": 1.0,
        "bytes_attempted": 2698484,
        "bytes_published": 2698484,
        "bytes_delivered": null,
        "drop_reasons": {},
        "delivery_method": "ack",
        "ack_latency_s": {
          "count": 228,
          "min": 0.002652196038980037,
          "max": 0.05178177199559286,
          "mean": 0.007195019713355833,
          "median": 0.006677552504697815,
          "p90": 0.006927085679490119,
          "p95": 0.007905523810768499,
          "stdev": 0.00395135668710843
        }
      },
      "/c_slam/factor_batch/b": {
        "attempts": 89,
        "drops": 0,
        "published": 89,
        "delivered": 89,
        "delivery_rate": 1.0,
        "bytes_attempted": 1046971,
        "bytes_published": 1046971,
        "bytes_delivered": null,
        "drop_reasons": {},
        "delivery_method": "ack",
        "ack_latency_s": {
          "count": 89,
          "min": 0.0025825349730439484,
          "max": 0.05169619101798162,
          "mean": 0.0070554643824926756,
          "median": 0.006669697992037982,
          "p90": 0.0068648250075057145,
          "p95": 0.007002804218791425,
          "stdev": 0.00479626878714831
        }
      },
      "/c_slam/factor_batch/c": {
        "attempts": 180,
        "drops": 0,
        "published": 180,
        "delivered": 180,
        "delivery_rate": 1.0,
        "bytes_attempted": 2129889,
        "bytes_published": 2129889,
        "bytes_delivered": null,
        "drop_reasons": {},
        "delivery_method": "ack",
        "ack_latency_s": {
          "count": 180,
          "min": 0.002613321994431317,
          "max": 0.054777443991042674,
          "mean": 0.007560118665828163,
          "median": 0.006696282507618889,
          "p90": 0.0069920960871968415,
          "p95": 0.01257987144927024,
          "stdev": 0.004734514319250415
        }
      },
      "/c_slam/factor_batch/d": {
        "attempts": 87,
        "drops": 0,
        "published": 87,
        "delivered": 87,
        "delivery_rate": 1.0,
        "bytes_attempted": 1024380,
        "bytes_published": 1024380,
        "bytes_delivered": null,
        "drop_reasons": {},
        "delivery_method": "ack",
        "ack_latency_s": {
          "count": 87,
          "min": 0.002731535001657903,
          "max": 0.05162488698260859,
          "mean": 0.007397556571081152,
          "median": 0.00666649203049019,
          "p90": 0.00695316499331966,
          "p95": 0.0072634800977539275,
          "stdev": 0.005341039535810431
        }
      }
    },
    "generated_by": {
      "component": "ros2_factor_publisher",
      "pid": 498957
    }
  }
}