{
  "loop_closure_correction": {
    "count": 383,
    "min": 0.004046209040097892,
    "max": 0.18650558800436556,
    "mean": 0.049128610980283594,
    "median": 0.04853155999444425,
    "p90": 0.07805256403516979,
    "p95": 0.09385464412625877,
    "p99": 0.17042767472099515,
    "stdev": 0.027851505764734108
  },
  "interface_correction": {
    "count": 3,
    "min": 0.04172952700173482,
    "max": 0.07122276403242722,
    "mean": 0.05836842932815974,
    "median": 0.062152996950317174,
    "p90": 0.0694088106160052,
    "p95": 0.07031578732421621,
    "p99": 0.07104136869078502,
    "stdev": 0.01233436856111581
  },
  "loop_closure_correction_stabilised": {
    "count": 383,
    "min": 0.20845937728881836,
    "max": 11.60413670539856,
    "mean": 6.515573826533385,
    "median": 7.098570346832275,
    "p90": 10.732429647445679,
    "p95": 11.051031351089478,
    "p99": 11.312561044692993,
    "stdev": 3.232737180638067
  },
  "loop_closure_correction_stabilised_params": {
    "epsilon": 0.001,
    "required": 3
  },
  "interface_correction_stabilised": {
    "count": 3,
    "min": 11.086962938308716,
    "max": 11.606254816055298,
    "mean": 11.33551541964213,
    "median": 11.313328504562378,
    "p90": 11.547669553756714,
    "p95": 11.576962184906007,
    "p99": 11.60039628982544,
    "stdev": 0.21257972304363038
  },
  "interface_correction_stabilised_params": {
    "epsilon": 0.001,
    "required": 3
  },
  "time_to_global_convergence_s": 11.567492723464966,
  "time_to_global_convergence_method": "last_map_broadcast",
  "timeline_start_ts": 1770226389.339038,
  "timeline_end_ts": 1770226400.9065306,
  "optimization_duration_s": {
    "count": 176,
    "min": 0.00045407400466501713,
    "max": 0.06403732002945617,
    "mean": 0.006809210437826219,
    "median": 0.003357764973770827,
    "p90": 0.01949649551534094,
    "p95": 0.030138388989144005,
    "p99": 0.04791071450745221,
    "stdev": 0.010278845430030152
  },
  "communication_uplink_messages": 364,
  "communication_uplink_bytes": 4296422,
  "communication_downlink_messages": 176,
  "communication_downlink_bytes": 27511297,
  "communication_uplink_bytes_per_s": 371422.0620415515,
  "communication_downlink_bytes_per_s": 2378328.446595225,
  "delivery_topics": {},
  "estimation_metrics": {
    "ate": {
      "a": {
        "matches": 596,
        "rmse": 2.2377622391707943,
        "R": [
          [
            0.9999352956255367,
            0.010497269384376421,
            0.0043831378875536925
          ],
          [
            -0.010491402474473596,
            0.9999440397237611,
            -0.0013593730327442904
          ],
          [
            -0.004397162310865306,
            0.0013132998116830302,
            0.9999894700481686
          ]
        ],
        "t": [
          -0.9628038616682488,
          0.9398595236144587,
          0.07394785232192236
        ],
        "s": 1.0
      },
      "c": {
        "matches": 562,
        "rmse": 2.128783502302346,
        "R": [
          [
            0.9999756992007707,
            0.006409241510246047,
            0.002742741546929354
          ],
          [
            -0.006412261423363359,
            0.9999788431568389,
            0.0010936828373656927
          ],
          [
            -0.0027356738417363266,
            -0.0011112434358142714,
            0.9999956406038271
          ]
        ],
        "t": [
          -0.3204570898643908,
          0.8846659636735659,
          0.1929195368872385
        ],
        "s": 1.0
      },
      "b": {
        "matches": 1020,
        "rmse": 2.1243051972148366,
        "R": [
          [
            0.9999578904262374,
            0.008540424612749963,
            0.003358351045234061
          ],
          [
            -0.008535903534254204,
            0.9999626460470044,
            -0.0013582567973973794
          ],
          [
            -0.0033698256873298865,
            0.0013295330412263079,
            0.9999934382868368
          ]
        ],
        "t": [
          -1.1607766168876879,
          0.9736046248400498,
          0.17704843353631627
        ],
        "s": 1.0
      }
    },
    "rpe": {
      "a": {
        "1": {
          "count": 595.0,
          "rmse": 0.13924507353865279,
          "mean": 0.0946413512669436,
          "pstd": 0.10213816688756375,
          "mean_dt": 1.0
        },
        "10": {
          "count": 586.0,
          "rmse": 0.6707189859198638,
          "mean": 0.5979357722318398,
          "pstd": 0.3038696601486957,
          "mean_dt": 10.0
        },
        "50": {
          "count": 546.0,
          "rmse": 2.127383638931735,
          "mean": 1.9479578201061536,
          "pstd": 0.8551148918605682,
          "mean_dt": 50.0
        }
      },
      "c": {
        "1": {
          "count": 561.0,
          "rmse": 1.1109084916378296,
          "mean": 0.4559676358241017,
          "pstd": 1.0130208249952293,
          "mean_dt": 1.0
        },
        "10": {
          "count": 552.0,
          "rmse": 1.3071052734456676,
          "mean": 0.9458370790798164,
          "pstd": 0.9021731628170038,
          "mean_dt": 10.0
        },
        "50": {
          "count": 512.0,
          "rmse": 2.727098694848438,
          "mean": 2.467115893841951,
          "pstd": 1.1620699022849208,
          "mean_dt": 50.0
        }
      },
      "b": {
        "1": {
          "count": 1019.0,
          "rmse": 0.36527786465795564,
          "mean": 0.12694949170955572,
          "pstd": 0.34250802175096745,
          "mean_dt": 1.0
        },
        "10": {
          "count": 1010.0,
          "rmse": 0.7735072099750987,
          "mean": 0.6274152038234774,
          "pstd": 0.452397575031748,
          "mean_dt": 10.0
        },
        "50": {
          "count": 970.0,
          "rmse": 1.9653448441175574,
          "mean": 1.7491263611726484,
          "pstd": 0.8961792950913332,
          "mean_dt": 50.0
        }
      }
    }
  },
  "input_end_team_ts": 1770226400.9090927,
  "input_end_method": "input_end_event",
  "input_end_per_robot_ts": {
    "team": 1770226400.9090927
  },
  "time_from_input_end_to_team_convergence_s": 0.013118267059326172,
  "time_from_input_end_to_team_convergence_method": "stable_window",
  "time_from_input_end_to_team_convergence_per_robot_s": {
    "server": 0.013118267059326172
  },
  "time_from_input_end_to_team_convergence_params": {
    "epsilon": 0.001,
    "required": 3
  },
  "time_from_input_end_to_ddf_stop_team_s": null,
  "time_from_input_end_to_ddf_stop_method": "no_ddf_stop_event",
  "time_from_input_end_to_ddf_stop_per_robot_s": {},
  "stable_team_convergence_s": 0.013118267059326172,
  "stable_team_convergence_method": "stable_window",
  "stable_team_convergence_per_robot_s": {
    "server": 0.013118267059326172
  },
  "stable_team_convergence_params": {
    "epsilon": 0.001,
    "required": 3
  },
  "stable_loop_closure_correction": {
    "count": 383,
    "min": 0.20845937728881836,
    "max": 11.60413670539856,
    "mean": 6.515573826533385,
    "median": 7.098570346832275,
    "p90": 10.732429647445679,
    "p95": 11.051031351089478,
    "p99": 11.312561044692993,
    "stdev": 3.232737180638067
  },
  "stable_loop_closure_correction_params": {
    "epsilon": 0.001,
    "required": 3
  },
  "stable_interface_correction": {
    "count": 3,
    "min": 11.086962938308716,
    "max": 11.606254816055298,
    "mean": 11.33551541964213,
    "median": 11.313328504562378,
    "p90": 11.547669553756714,
    "p95": 11.576962184906007,
    "p99": 11.60039628982544,
    "stdev": 0.21257972304363038
  },
  "stable_interface_correction_params": {
    "epsilon": 0.001,
    "required": 3
  },
  "event_time_to_global_convergence_s": 11.567492723464966,
  "event_time_to_global_convergence_method": "last_map_broadcast",
  "event_loop_closure_correction": {
    "count": 383,
    "min": 0.004046209040097892,
    "max": 0.18650558800436556,
    "mean": 0.049128610980283594,