{
  "stats": {
    "topics": {
      "/c_slam/factor_batch/a": {
        "attempts": 96,
        "drops": 0,
        "published": 96,
        "delivered": 96,
        "delivery_rate": 1.0,
        "bytes_attempted": 1131496,
        "bytes_published": 1131496,
        "bytes_delivered": null,
        "drop_reasons": {},
        "delivery_method": "ack",
        "ack_latency_s": {
          "count": 96,
          "min": 0.00583850999828428,
          "max": 0.284552937024273,
          "mean": 0.07637433002552522,
          "median": 0.03990393999265507,
          "p90": 0.21119321999140084,
          "p95": 0.24768911526189186,
          "stdev": 0.08083526216437605
        }
      },
      "/c_slam/factor_batch/c": {
        "attempts": 97,
        "drops": 0,
        "published": 97,
        "delivered": 97,
        "delivery_rate": 1.0,
        "bytes_attempted": 1140608,
        "bytes_published": 1140608,
        "bytes_delivered": null,
        "drop_reasons": {},
        "delivery_method": "ack",
        "ack_latency_s": {
          "count": 97,
          "min": 0.004700821009464562,
          "max": 0.1903286770102568,
          "mean": 0.052026414721676136,
          "median": 0.03340652503538877,
          "p90": 0.13163293837569662,
          "p95": 0.14335791821358723,
          "stdev": 0.04866017609445472
        }
      },
      "/c_slam/factor_batch/b": {
        "attempts": 171,
        "drops": 0,
        "published": 171,
        "delivered": 171,
        "delivery_rate": 1.0,
        "bytes_attempted": 2024318,
        "bytes_published": 2024318,
        "bytes_delivered": null,
        "drop_reasons": {},
        "delivery_method": "ack",
        "ack_latency_s": {
          "count": 171,
          "min": 0.004357434983830899,
          "max": 0.27592762699350715,
          "mean": 0.06049480196428948,
          "median": 0.04422077297931537,
          "p90": 0.1629298990010284,
          "p95": 0.22733006800990552,
          "stdev": 0.06543950068279081
        }
      }
    },
    "generated_by": {
      "component": "ros2_factor_publisher",
      "pid": 452153
    }
  }
}