{
  "stats": {
    "topics": {
      "/c_slam/factor_batch/d": {
        "attempts": 171,
        "drops": 0,
        "published": 171,
        "delivered": 171,
        "delivery_rate": 1.0,
        "bytes_attempted": 2024082,
        "bytes_published": 2024082,
        "bytes_delivered": null,
        "drop_reasons": {},
        "delivery_method": "ack",
        "ack_latency_s": {
          "count": 171,
          "min": 0.2851934659993276,
          "max": 4.945914084033575,
          "mean": 0.7374942880423402,
          "median": 0.5787448739865795,
          "p90": 1.1693582099978812,
          "p95": 2.611708512500627,
          "stdev": 0.8725034497016969
        }
      },
      "/c_slam/factor_batch/b": {
        "attempts": 36,
        "drops": 0,
        "published": 36,
        "delivered": 36,
        "delivery_rate": 1.0,
        "bytes_attempted": 420748,
        "bytes_published": 420748,
        "bytes_delivered": null,
        "drop_reasons": {},
        "delivery_method": "ack",
        "ack_latency_s": {
          "count": 36,
          "min": 0.2887249969644472,
          "max": 3.487902778026182,
          "mean": 0.7026572575850878,
          "median": 0.5779308390046936,
          "p90": 1.3197228545031976,
          "p95": 2.1214909340196755,
          "stdev": 0.7060916340351053
        }
      },
      "/c_slam/factor_batch/c": {
        "attempts": 126,
        "drops": 0,
        "published": 126,
        "delivered": 126,
        "delivery_rate": 1.0,
        "bytes_attempted": 1489186,
        "bytes_published": 1489186,
        "bytes_delivered": null,
        "drop_reasons": {},
        "delivery_method": "ack",
        "ack_latency_s": {
          "count": 126,
          "min": 0.2126762000261806,
          "max": 5.573727227980271,
          "mean": 0.8617235397294511,
          "median": 0.580767655512318,
          "p90": 2.0564072404813487,
          "p95": 3.604056094758562,
          "stdev": 1.1159082768440676
        }
      },
      "/c_slam/factor_batch/a": {
        "attempts": 243,
        "drops": 0,
        "published": 243,
        "delivered": 243,
        "delivery_rate": 1.0,
        "bytes_attempted": 2877847,
        "bytes_published": 2877847,
        "bytes_delivered": null,
        "drop_reasons": {},
        "delivery_method": "ack",
        "ack_latency_s": {
          "count": 243,
          "min": 0.25044859503395855,
          "max": 5.256590456992853,
          "mean": 0.5636885364596452,
          "median": 0.5795536739751697,
          "p90": 0.7334365181974136,
          "p95": 0.7452334961562881,
          "stdev": 0.5082553832039929
        }
      },
      "/c_slam/factor_batch/e": {
        "attempts": 88,
        "drops": 0,
        "published": 88,
        "delivered": 88,
        "delivery_rate": 1.0,
        "bytes_attempted": 1036268,
        "bytes_published": 1036268,
        "bytes_delivered": null,
        "drop_reasons": {},
        "delivery_method": "ack",
        "ack_latency_s": {
          "count": 88,
          "min": 0.2878312789835036,
          "max": 5.219979334040545,
          "mean": 0.617737503099885,
          "median": 0.3664025039761327,
          "p90": 0.8800530284934212,
          "p95": 1.860041199027905,
          "stdev": 0.7218649368255872
        }
      }
    },
    "generated_by": {
      "component": "ros2_factor_publisher",
      "pid": 478930
    }
  }
}