{
  "stats": {
    "topics": {
      "/c_slam/factor_batch/a": {
        "attempts": 96,
        "drops": 0,
        "published": 96,
        "delivered": 96,
        "delivery_rate": 1.0,
        "bytes_attempted": 1131508,
        "bytes_published": 1131508,
        "bytes_delivered": null,
        "drop_reasons": {},
        "delivery_method": "ack",
        "ack_latency_s": {
          "count": 96,
          "min": 0.0047423000214621425,
          "max": 0.20452166302129626,
          "mean": 0.057896124990293174,
          "median": 0.03598150549805723,
          "p90": 0.15059516747714952,
          "p95": 0.1741613517224323,
          "stdev": 0.0568512051150392
        }
      },
      "/c_slam/factor_batch/c": {
        "attempts": 97,
        "drops": 0,
        "published": 97,
        "delivered": 97,
        "delivery_rate": 1.0,
        "bytes_attempted": 1140606,
        "bytes_published": 1140606,
        "bytes_delivered": null,
        "drop_reasons": {},
        "delivery_method": "ack",
        "ack_latency_s": {
          "count": 97,
          "min": 0.007606430968735367,
          "max": 0.15324836398940533,
          "mean": 0.040913285610155614,
          "median": 0.029474793991539627,
          "p90": 0.09019498717971147,
          "p95": 0.11799351518275211,
          "stdev": 0.03538557500328439
        }
      },
      "/c_slam/factor_batch/b": {
        "attempts": 171,
        "drops": 0,
        "published": 171,
        "delivered": 171,
        "delivery_rate": 1.0,
        "bytes_attempted": 2024316,
        "bytes_published": 2024316,
        "bytes_delivered": null,
        "drop_reasons": {},
        "delivery_method": "ack",
        "ack_latency_s": {
          "count": 171,
          "min": 0.005070829996839166,
          "max": 0.20494212699122727,
          "mean": 0.04832147813929049,
          "median": 0.03987762000178918,
          "p90": 0.12696632201550528,
          "p95": 0.1517642110120505,
          "stdev": 0.046329016405415015
        }
      }
    },
    "generated_by": {
      "component": "ros2_factor_publisher",
      "pid": 489558
    }
  }
}