{
  "ate": {
    "matches": 187,
    "rmse": 16.182104081579524,
    "R": [
      [
        0.9997059848928489,
        0.019377920713778952,
        0.014575320175843622
      ],
      [
        -0.01954455027628364,
        0.9997442421678641,
        0.011378084491683621
      ],
      [
        -0.01435110880439824,
        -0.011659607240922375,
        0.9998290350030207
      ]
    ],
    "t": [
      3.6837996203658037,
      4.215517334833512,
      -0.5475334712669451
    ],
    "s": 1.0
  },
  "rpe": {
    "1": {
      "count": 186.0,
      "rmse": 16.001810324212467,
      "mean": 4.362286013556294,
      "pstd": 15.3957264975708,
      "mean_dt": 1.0
    },
    "10": {
      "count": 177.0,
      "rmse": 21.44202962888387,
      "mean": 9.700760576144713,
      "pstd": 19.122130604361274,
      "mean_dt": 10.0
    },
    "50": {
      "count": 137.0,
      "rmse": 20.573787970481803,
      "mean": 10.389103131759086,
      "pstd": 17.758020373116345,
      "mean_dt": 50.0
    }
  }
}