{
  "ate": {
    "matches": 1062,
    "rmse": 6.467741293218999,
    "R": [
      [
        0.9915517396264258,
        0.12924449184889908,
        -0.011000407743818035
      ],
      [
        -0.12922257935437334,
        0.9916119839570444,
        0.002682956909567706
      ],
      [
        0.01125489354961338,
        -0.001238789528418563,
        0.9999358943310773
      ]
    ],
    "t": [
      -4.943364770461855,
      16.199889048229267,
      -2.7523007543581155
    ],
    "s": 1.0
  },
  "rpe": {
    "1": {
      "count": 1061.0,
      "rmse": 1.8808265509574713,
      "mean": 0.37715273074523886,
      "pstd": 1.8426243058415324,
      "mean_dt": 1.0
    },
    "10": {
      "count": 1052.0,
      "rmse": 3.93480214520354,
      "mean": 1.8137154319165223,
      "pstd": 3.4918625766095435,
      "mean_dt": 10.0
    },
    "50": {
      "count": 1012.0,
      "rmse": 7.087808082155251,
      "mean": 5.134565572618417,
      "pstd": 4.8860269943940144,
      "mean_dt": 50.0
    }
  }
}