{
  "a": {
    "ate": {
      "matches": 1341,
      "rmse": 2.001047960212529,
      "R": [
        [
          0.9999203663241126,
          0.012453011754359752,
          -0.0020453626813694576
        ],
        [
          -0.012452217236575129,
          0.9999223878407575,
          0.0004007252563486899
        ],
        [
          0.0020501941726828996,
          -0.00037522404468749715,
          0.9999978279530263
        ]
      ],
      "t": [
        -0.9581514073904458,
        3.224588000522772,
        -0.856675573222593
      ],
      "s": 1.0
    },
    "rpe": {
      "1": {
        "count": 1340.0,
        "rmse": 0.15196627101018306,
        "mean": 0.09188610008733528,
        "pstd": 0.121040043520649,
        "mean_dt": 1.0
      },
      "10": {
        "count": 1331.0,
        "rmse": 0.6752933945194058,
        "mean": 0.5790328963394072,
        "pstd": 0.3474796017586347,
        "mean_dt": 10.0
      },
      "50": {
        "count": 1291.0,
        "rmse": 2.1441290277288023,
        "mean": 1.897737418458732,
        "pstd": 0.9979388649265288,
        "mean_dt": 50.0
      }
    }
  },
  "b": {
    "ate": {
      "matches": 620,
      "rmse": 2.6052277966164517,
      "R": [
        [
          0.9999796810255926,
          0.00617076681539939,
          0.0015997414989790538
        ],
        [
          -0.006171876615181239,
          0.9999807159192278,
          0.0006897309007847033
        ],
        [
          -0.0015954544808806379,
          -0.0006995902933080583,
          0.9999984825480593
        ]
      ],
      "t": [
        -1.7786959319978024,
        1.3909774560537045,
        -0.06076493494195745
      ],
      "s": 1.0
    },
    "rpe": {
      "1": {
        "count": 619.0,
        "rmse": 0.4409377205155817,
        "mean": 0.15380893810493948,
        "pstd": 0.4132419193795665,
        "mean_dt": 1.0
      },
      "10": {
        "count": 610.0,
        "rmse": 1.0306602498661006,
        "mean": 0.8043358062683222,
        "pstd": 0.6444412008932552,
        "mean_dt": 10.0
      },
      "50": {
        "count": 570.0,
        "rmse": 2.940037298155771,
        "mean": 2.488700517054109,
        "pstd": 1.5653079731994266,
        "mean_dt": 50.0
      }
    }
  },
  "c": {
    "ate": {
      "matches": 1064,
      "rmse": 3.3063079459880194,
      "R": [
        [
          0.9998120784761868,
          0.018029558326147645,
          0.00712339523621422
        ],
        [
          -0.01802804308026001,
          0.9998374432896104,
          -0.00027687324067475483
        ],
        [
          -0.007127229182759523,
          0.00014840033403727693,
          0.9999745899679238
        ]
      ],
      "t": [
        -0.42160242037009255,
        3.0089552341601973,
        0.35017913688157876
      ],
      "s": 1.0
    },
    "rpe": {
      "1": {
        "count": 1063.0,
        "rmse": 0.9805561268273842,
        "mean": 0.20992437389667037,
        "pstd": 0.9578215257044561,
        "mean_dt": 1.0
      },
      "10": {
        "count": 1054.0,
        "rmse": 2.8279605472819087,
        "mean": 1.0021015449265,
        "pstd": 2.6444570994135876,
        "mean_dt": 10.0
      },
      "50": {
        "count": 1014.0,
        "rmse": 3.819909471142416,
        "mean": 2.3988658947766774,
        "pstd": 2.972734563764621,
        "mean_dt": 50.0
      }
    }
  },
  "d": {
    "ate": {
      "matches": 529,
      "rmse": 4.887230111931965,
      "R": [
        [
          0.9989979424906182,
          -0.04456847618069849,
          0.004094121449173778
        ],
        [
          0.04453644621960492,
          0.9989787967371236,
          0.007607143207257763
        ],
        [
          -0.004428979299827114,
          -0.007417182792544354,
          0.9999626840746526
        ]
      ],
      "t": [
        1.4002988275711346,
        -2.7895252000637356,
        0.20226637705941908
      ],
      "s": 1.0
    },
    "rpe": {
      "1": {
        "count": 528.0,
        "rmse": 0.7176141724745412,
        "mean": 0.21559855209994486,
        "pstd": 0.6844613684268295,
        "mean_dt": 1.0
      },
      "10": {
        "count": 519.0,
        "rmse": 1.4182575239651272,
        "mean": 1.1050353253023226,
        "pstd": 0.8890170606448916,
        "mean_dt": 10.0
      },
      "50": {
        "count": 479.0,
        "rmse": 4.539825617574905,
        "mean": 3.8889036140241333,
        "pstd": 2.3423162294659106,
        "mean_dt": 50.0
      }
    }
  }
}