{
  "ate": {
    "matches": 1341,
    "rmse": 2.001047960212529,
    "R": [
      [
        0.9999203663241126,
        0.012453011754359752,
        -0.0020453626813694576
      ],
      [
        -0.012452217236575129,
        0.9999223878407575,
        0.0004007252563486899
      ],
      [
        0.0020501941726828996,
        -0.00037522404468749715,
        0.9999978279530263
      ]
    ],
    "t": [
      -0.9581514073904458,
      3.224588000522772,
      -0.856675573222593
    ],
    "s": 1.0
  },
  "rpe": {
    "1": {
      "count": 1340.0,
      "rmse": 0.15196627101018306,
      "mean": 0.09188610008733528,
      "pstd": 0.121040043520649,
      "mean_dt": 1.0
    },
    "10": {
      "count": 1331.0,
      "rmse": 0.6752933945194058,
      "mean": 0.5790328963394072,
      "pstd": 0.3474796017586347,
      "mean_dt": 10.0
    },
    "50": {
      "count": 1291.0,
      "rmse": 2.1441290277288023,
      "mean": 1.897737418458732,
      "pstd": 0.9979388649265288,
      "mean_dt": 50.0
    }
  }
}