{
  "stats": {
    "topics": {
      "/c_slam/factor_batch/a": {
        "attempts": 230,
        "drops": 0,
        "published": 230,
        "delivered": 230,
        "delivery_rate": 1.0,
        "bytes_attempted": 2716277,
        "bytes_published": 2716277,
        "bytes_delivered": null,
        "drop_reasons": {},
        "delivery_method": "ack",
        "ack_latency_s": {
          "count": 230,
          "min": 0.002703086007386446,
          "max": 0.050942151981871575,
          "mean": 0.007355201648264799,
          "median": 0.006540602975292131,
          "p90": 0.007718114682938903,
          "p95": 0.015934367768932117,
          "stdev": 0.004856519969336447
        }
      },
      "/c_slam/factor_batch/b": {
        "attempts": 93,
        "drops": 0,
        "published": 93,
        "delivered": 93,
        "delivery_rate": 1.0,
        "bytes_attempted": 1097928,
        "bytes_published": 1097928,
        "bytes_delivered": null,
        "drop_reasons": {},
        "delivery_method": "ack",
        "ack_latency_s": {
          "count": 93,
          "min": 0.0031571570434607565,
          "max": 0.05201332998694852,
          "mean": 0.006731156883786322,
          "median": 0.0065034080180339515,
          "p90": 0.0066934107919223605,
          "p95": 0.006871332158334552,
          "stdev": 0.004809127220122611
        }
      },
      "/c_slam/factor_batch/c": {
        "attempts": 188,
        "drops": 0,
        "published": 188,
        "delivered": 188,
        "delivery_rate": 1.0,
        "bytes_attempted": 2217944,
        "bytes_published": 2217944,
        "bytes_delivered": null,
        "drop_reasons": {},
        "delivery_method": "ack",
        "ack_latency_s": {
          "count": 188,
          "min": 0.003345870994962752,
          "max": 0.05410008004400879,
          "mean": 0.008573216430104754,
          "median": 0.006541444483445957,
          "p90": 0.01613079592934812,
          "p95": 0.024289675056934357,
          "stdev": 0.006884815420076638
        }
      },
      "/c_slam/factor_batch/d": {
        "attempts": 87,
        "drops": 0,
        "published": 87,
        "delivered": 87,
        "delivery_rate": 1.0,
        "bytes_attempted": 1020834,
        "bytes_published": 1020834,
        "bytes_delivered": null,
        "drop_reasons": {},
        "delivery_method": "ack",
        "ack_latency_s": {
          "count": 87,
          "min": 0.002821237954776734,
          "max": 0.050981356005650014,
          "mean": 0.007063533746819386,
          "median": 0.0065074359881691635,
          "p90": 0.0068382860044948765,
          "p95": 0.007892890227958561,
          "stdev": 0.005261689855567329
        }
      }
    },
    "generated_by": {
      "component": "ros2_factor_publisher",
      "pid": 471536
    }
  }
}