{
  "loop_closure_correction": {
    "count": 0
  },
  "interface_correction": {
    "count": 0
  },
  "loop_closure_correction_stabilised": {
    "count": 0
  },
  "loop_closure_correction_stabilised_params": {
    "epsilon": 0.001,
    "required": 3
  },
  "interface_correction_stabilised": {
    "count": 29827,
    "min": 0.10199546813964844,
    "max": 8.727830171585083,
    "mean": 2.4709699236231972,
    "median": 1.0205209255218506,
    "p90": 7.397104167938233,
    "p95": 7.895518803596496,
    "p99": 8.53212007522583,
    "stdev": 2.6374700579511763
  },
  "interface_correction_stabilised_params": {
    "epsilon": 0.001,
    "required": 3
  },
  "time_to_global_convergence_s": 0.13440704345703125,
  "time_to_global_convergence_method": "delta_threshold",
  "timeline_start_ts": 1770242371.215861,
  "timeline_end_ts": 1770242371.3502681,
  "optimization_duration_s": {
    "count": 505,
    "min": 0.0005798979545943439,
    "max": 0.054396293009631336,
    "mean": 0.006267856957971828,
    "median": 0.0029613840160891414,
    "p90": 0.014458199031651022,
    "p95": 0.027667674596887074,
    "p99": 0.04075725622009486,
    "stdev": 0.008532276285465027
  },
  "communication_uplink_messages": 53809,
  "communication_uplink_bytes": 69678413,
  "communication_downlink_messages": 0,
  "communication_downlink_bytes": 0,
  "communication_uplink_bytes_per_s": 518413404.59419876,
  "communication_downlink_bytes_per_s": 0.0,
  "delivery_topics": {
    "/c_slam/factor_batch/d": {
      "attempts": 171.0,
      "drops": 0.0,
      "delivered": 171.0,
      "delivery_rate": 1.0
    },
    "/c_slam/factor_batch/b": {
      "attempts": 36.0,
      "drops": 0.0,
      "delivered": 36.0,
      "delivery_rate": 1.0
    },
    "/c_slam/factor_batch/c": {
      "attempts": 126.0,
      "drops": 0.0,
      "delivered": 126.0,
      "delivery_rate": 1.0
    },
    "/c_slam/factor_batch/a": {
      "attempts": 243.0,
      "drops": 0.0,
      "delivered": 243.0,
      "delivery_rate": 1.0
    },
    "/c_slam/factor_batch/e": {
      "attempts": 88.0,
      "drops": 0.0,
      "delivered": 88.0,
      "delivery_rate": 1.0
    },
    "/c_slam/iface/run_73b7d8fc/a": {
      "attempts": 2323.0,
      "drops": 0.0,
      "delivered": 2317.0,
      "delivery_rate": 0.9974171330176496
    },
    "/c_slam/iface/run_73b7d8fc/e": {
      "attempts": 16362.0,
      "drops": 0.0,
      "delivered": 4280.0,
      "delivery_rate": 0.26158171372692823
    },
    "/c_slam/iface/run_73b7d8fc/b": {
      "attempts": 13534.0,
      "drops": 0.0,
      "delivered": 3423.0,
      "delivery_rate": 0.25291857543963353
    },
    "/c_slam/iface/run_73b7d8fc/c": {
      "attempts": 21614.0,
      "drops": 0.0,
      "delivered": 8149.0,
      "delivery_rate": 0.37702415101323217
    },
    "/c_slam/iface/run_73b7d8fc/d": {
      "attempts": 11413.0,
      "drops": 0.0,
      "delivered": 7478.0,
      "delivery_rate": 0.6552177341627968
    }
  },
  "delivery_rate": {
    "count": 10,
    "min": 0.25291857543963353,
    "max": 1.0,
    "mean": 0.7544159307360241,
    "median": 0.9987085665088248,
    "p90": 1.0,
    "p95": 1.0,
    "p99": 1.0,
    "stdev": 0.3173731652363731
  },
  "estimation_metrics": {
    "a": {
      "ate": {
        "matches": 1350,
        "rmse": 2.1033128988435412,
        "R": [
          [
            0.9998854392866394,
            0.01463640345684806,
            0.0038579782803453257
          ],
          [
            -0.014646177083272358,
            0.9998895700171462,
            0.0025173930505948267
          ],
          [
            -0.0038207066635220126,
            -0.0025736092893285448,
            0.9999893893116154
          ]
        ],
        "t": [
          -1.3384959296848393,
          2.2422351886253438,
          -0.2787271713498267
        ],
        "s": 1.0
      },
      "rpe": {
        "1": {
          "count": 1349.0,
          "rmse": 0.14860897185254893,
          "mean": 0.09390569696783391,
          "pstd": 0.1151796275044204,
          "mean_dt": 1.0
        },
        "10": {
          "count": 1340.0,
          "rmse": 0.6996526807618954,
          "mean": 0.6211236994267681,
          "pstd": 0.32205469055381347,
          "mean_dt": 10.0
        },
        "50": {
          "count": 1300.0,
          "rmse": 2.3185443702741684,
          "mean": 2.0669290316211355,
          "pstd": 1.050453414089248,
          "mean_dt": 50.0
        }
      }
    },
    "b": {
      "ate": {
        "matches": 187,
        "rmse": 21.093781270390643,
        "R": [
          [
            0.9963519794705729,
            0.030255065094883,
            0.07979576455662053
          ],
          [
            -0.02967921651052305,
            0.9995242377693464,
            -0.00839298629383024
          ],
          [
            -0.08001173109233867,
            0.005994092734628517,
            0.9967758994577949
          ]
        ],
        "t": [
          7.870929968902047,
          6.169948894954699,
          2.012643632649108
        ],
        "s": 1.0
      },
      "rpe": {
        "1": {
          "count": 186.0,
          "rmse": 14.799207682961656,
          "mean": 4.110489093184146,
          "pstd": 14.216906395494254,
          "mean_dt": 1.0
        },
        "10": {
          "count": 177.0,
          "rmse": 25.776676455718324,
          "mean": 14.666286798314655,
          "pstd": 21.19757251791734,
          "mean_dt": 10.0
        },
        "50": {
          "count": 137.0,
          "rmse": 27.875703148904996,
          "mean": 18.255759114903377,
          "pstd": 21.06613598134442,
          "mean_dt": 50.0
        }
      }
    },
    "c": {
      "ate": {
        "matches": 703,
        "rmse": 1.9715435931023808,
        "R": [
          [
            0.9999778459154355,
            0.006578800651547323,
            -0.0010134398417307273
          ],
          [
            -0.006578650350909322,
            0.9999783489587164,
            0.00015156965721695864
          ],
          [
            0.0010144150462625414,
            -0.0001448992329595028,
            0.9999994749830254
          ]
        ],
        "t": [
          -0.3174669783884525,
          2.0757642284553057,
          -0.7873592537754805
        ],
        "s": 1.0
      },
      "rpe": {
        "1": {
          "count": 702.0,
          "rmse": 0.8603992931595916,
          "mean": 0.40071653437445276,
          "pstd": 0.7613889956838443,
          "mean_dt": 1.0
        },
        "10": {
          "count": 693.0,
          "rmse": 1.0489927719538406,
          "mean": 0.8214462931722811,
          "pstd": 0.652389318616516,
          "mean_dt": 10.0
        },
        "50": {
          "count": 653.0,
          "rmse": 2.1191487909230564,
          "mean": 1.9290343089774193,
          "pstd": 0.8772788797518534,
          "mean_dt": 50.0
        }
      }
    },
    "d": {
      "ate": {
        "matches": 1062,
        "rmse": 6.633184075142812,
        "R": [
          [
            0.9907102289770898,
            0.13583815939125826,
            -0.006421577170508906
          ],
          [
            -0.13581650453855798,
            0.9907271079684581,
            0.0036979225767163615
          ],
          [
            0.006864349575127101,
            -0.0027914135577951013,
            0.9999725439807136
          ]
        ],
        "t": [
          -4.99523498826656,
          17.1225598989911,
          -1.9885973230513505
        ],
        "s": 1.0
      },
      "rpe": {
        "1": {
          "count": 1061.0,
          "rmse": 1.9262657150294455,
          "mean": 0.3828076065135634,
          "pstd": 1.887844787394678,
          "mean_dt": 1.0
        },
        "10": {
          "count": 1052.0,
          "rmse": 4.034547923880356,
          "mean": 1.8300067811431855,
          "pstd": 3.5956434933203867,
          "mean_dt": 10.0
        },
        "50": {
          "count": 1012.0,