{
  "ate": {
    "matches": 1062,
    "rmse": 6.633184075142812,
    "R": [
      [
        0.9907102289770898,
        0.13583815939125826,
        -0.006421577170508906
      ],
      [
        -0.13581650453855798,
        0.9907271079684581,
        0.0036979225767163615
      ],
      [
        0.006864349575127101,
        -0.0027914135577951013,
        0.9999725439807136
      ]
    ],
    "t": [
      -4.99523498826656,
      17.1225598989911,
      -1.9885973230513505
    ],
    "s": 1.0
  },
  "rpe": {
    "1": {
      "count": 1061.0,
      "rmse": 1.9262657150294455,
      "mean": 0.3828076065135634,
      "pstd": 1.887844787394678,
      "mean_dt": 1.0
    },
    "10": {
      "count": 1052.0,
      "rmse": 4.034547923880356,
      "mean": 1.8300067811431855,
      "pstd": 3.5956434933203867,
      "mean_dt": 10.0
    },
    "50": {
      "count": 1012.0,
      "rmse": 7.293061424253717,
      "mean": 5.195745386013546,
      "pstd": 5.1179072697399075,
      "mean_dt": 50.0
    }
  }
}