{
  "loop_closure_correction": {
    "count": 0
  },
  "interface_correction": {
    "count": 0
  },
  "loop_closure_correction_stabilised": {
    "count": 0
  },
  "loop_closure_correction_stabilised_params": {
    "epsilon": 0.001,
    "required": 3
  },
  "interface_correction_stabilised": {
    "count": 30406,
    "min": 0.17082595825195312,
    "max": 7.639123201370239,
    "mean": 1.7093828742946204,
    "median": 0.8832701444625854,
    "p90": 5.3848748207092285,
    "p95": 6.536759555339813,
    "p99": 7.439081907272339,
    "stdev": 1.9431103601573403
  },
  "interface_correction_stabilised_params": {
    "epsilon": 0.001,
    "required": 3
  },
  "time_to_global_convergence_s": 0.19660210609436035,
  "time_to_global_convergence_method": "delta_threshold",
  "timeline_start_ts": 1770277843.9935706,
  "timeline_end_ts": 1770277844.1901727,
  "optimization_duration_s": {
    "count": 404,
    "min": 0.0005647040088661015,
    "max": 0.037723415007349104,
    "mean": 0.005934942768290777,
    "median": 0.0024472220393363386,
    "p90": 0.014341089571826155,
    "p95": 0.026101013712468542,
    "p99": 0.03345668142137582,
    "stdev": 0.007748423649013998
  },
  "communication_uplink_messages": 37765,
  "communication_uplink_bytes": 50501487,
  "communication_downlink_messages": 0,
  "communication_downlink_bytes": 0,
  "communication_uplink_bytes_per_s": 256871546.30867234,
  "communication_downlink_bytes_per_s": 0.0,
  "delivery_topics": {
    "/c_slam/factor_batch/a": {
      "attempts": 230.0,
      "drops": 0.0,
      "delivered": 230.0,
      "delivery_rate": 1.0
    },
    "/c_slam/factor_batch/b": {
      "attempts": 93.0,
      "drops": 0.0,
      "delivered": 93.0,
      "delivery_rate": 1.0
    },
    "/c_slam/factor_batch/c": {
      "attempts": 188.0,
      "drops": 0.0,
      "delivered": 188.0,
      "delivery_rate": 1.0
    },
    "/c_slam/factor_batch/d": {
      "attempts": 87.0,
      "drops": 0.0,
      "delivered": 87.0,
      "delivery_rate": 1.0
    },
    "/c_slam/iface/run_fe5d46f8/a": {
      "attempts": 3232.0,
      "drops": 0.0,
      "delivered": 3232.0,
      "delivery_rate": 1.0
    },
    "/c_slam/iface/run_fe5d46f8/c": {
      "attempts": 19291.0,
      "drops": 0.0,
      "delivered": 7899.0,
      "delivery_rate": 0.4094655538852315
    },
    "/c_slam/iface/run_fe5d46f8/d": {
      "attempts": 12120.0,
      "drops": 0.0,
      "delivered": 3639.0,
      "delivery_rate": 0.30024752475247524
    },
    "/c_slam/iface/run_fe5d46f8/b": {
      "attempts": 6464.0,
      "drops": 0.0,
      "delivered": 1729.0,
      "delivery_rate": 0.26748143564356436
    }
  },
  "delivery_rate": {
    "count": 8,
    "min": 0.26748143564356436,
    "max": 1.0,
    "mean": 0.7471493142851588,
    "median": 1.0,
    "p90": 1.0,
    "p95": 1.0,
    "p99": 1.0,
    "stdev": 0.32853845887091454
  },
  "estimation_metrics": {
    "a": {
      "ate": {
        "matches": 1341,
        "rmse": 2.114970931797677,
        "R": [
          [
            0.9999203227763612,
            0.012495749161631235,
            -0.00179007030818021
          ],
          [
            -0.012494733488211745,
            0.9999217710290706,
            0.0005774574838761648
          ],
          [
            0.0017971460366921234,
            -0.0005550450222412129,
            0.9999982310940085
          ]
        ],
        "t": [
          -0.761273136110276,
          3.4548693896445215,
          -0.7983828231924788
        ],
        "s": 1.0
      },
      "rpe": {
        "1": {
          "count": 1340.0,
          "rmse": 0.15806242258222927,
          "mean": 0.09346886789960424,
          "pstd": 0.12746489778024994,
          "mean_dt": 1.0
        },
        "10": {
          "count": 1331.0,
          "rmse": 0.7010721266433575,
          "mean": 0.6000320224964794,
          "pstd": 0.3625792309758316,
          "mean_dt": 10.0
        },
        "50": {
          "count": 1291.0,
          "rmse": 2.2494174092606567,
          "mean": 2.0117910910305867,
          "pstd": 1.0062679996575912,
          "mean_dt": 50.0
        }
      }
    },
    "b": {
      "ate": {
        "matches": 620,
        "rmse": 2.6279477469561927,
        "R": [
          [
            0.9999806038006477,
            0.005880925869569023,
            0.0020510322786434936
          ],
          [
            -0.005883354764874106,
            0.9999819964531169,
            0.001180214535037867
          ],
          [
            -0.0020440545985969923,
            -0.001192258593890952,
            0.9999972001762021
          ]
        ],
        "t": [
          -1.761569951397874,
          1.4170536992381528,
          -0.02732575875882093
        ],
        "s": 1.0
      },
      "rpe": {
        "1": {
          "count": 619.0,
          "rmse": 0.44354345419026137,
          "mean": 0.15478133046090695,
          "pstd": 0.4156603607463429,
          "mean_dt": 1.0
        },
        "10": {
          "count": 610.0,
          "rmse": 1.0320663667611125,
          "mean": 0.8084377781992278,
          "pstd": 0.6415522926307563,
          "mean_dt": 10.0
        },
        "50": {
          "count": 570.0,
          "rmse": 2.969096565237316,
          "mean": 2.51522321808859,
          "pstd": 1.5777156197781967,
          "mean_dt": 50.0
        }
      }
    },
    "c": {
      "ate": {
        "matches": 1064,
        "rmse": 3.3249057380374043,
        "R": [
          [
            0.9997601462463528,
            0.02052861780202641,
            0.0076305850764801335
          ],
          [
            -0.020534704655594607,
            0.9997888813270572,
            0.0007201940701956969
          ],
          [
            -0.007614189528674681,
            -0.0008767131398395162,
            0.9999706273145684
          ]
        ],
        "t": [
          -0.4009567402170262,
          3.3882380044231226,
          0.4436868450192959
        ],
        "s": 1.0
      },
      "rpe": {
        "1": {
          "count": 1063.0,
          "rmse": 0.9872910173121072,
          "mean": 0.2107364752753407,
          "pstd": 0.9645380712308366,
          "mean_dt": 1.0
        },
        "10": {
          "count": 1054.0,
          "rmse": 2.8403357294025855,
          "mean": 0.9883107028326542,
          "pstd": 2.662846035802174,
          "mean_dt": 10.0
        },
        "50": {
          "count": 1014.0,
          "rmse": 3.8477268422348443,
          "mean": 2.37179354834102,
          "pstd": 3.02978501159776,
          "mean_dt": 50.0
        }
      }
    },
    "d": {
      "ate": {
        "matches": 529,
        "rmse": 4.887230111931965,
        "R": [
          [
            0.9989979424906182,
            -0.04456847618069849,
            0.004094121449173778
          ],
          [
            0.04453644621960492,
            0.9989787967371236,
            0.007607143207257763
          ],
          [
            -0.004428979299827114,
            -0.007417182792544354,
            0.9999626840746526
          ]
        ],
        "t": [
          1.4002988275711346,
          -2.7895252000637356,
          0.20226637705941908
        ],
        "s": 1.0
      },
      "rpe": {
        "1": {
          "count": 528.0,
          "rmse": 0.7176141724745412,
          "mean": 0.21559855209994486,
          "pstd": 0.6844613684268295,
          "mean_dt": 1.0
        },
        "10": {
          "count": 519.0,
          "rmse": 1.4182575239651272,
          "mean": 1.1050353253023226,
          "pstd": 0.8890170606448916,
          "mean_dt": 10.0
        },
        "50": {
          "count": 479.0,
          "rmse": 4.539825617574905,
          "mean": 3.8889036140241333,
          "pstd": 2.3423162294659106,
          "mean_dt": 50.0
        }
      }
    }
  },
  "input_end_team_ts": 1770277843.9994361,
  "input_end_method": "input_end_event",
  "input_end_per_robot_ts": {
    "a": 1770277843.9935706,