{
  "stats": {
    "topics": {
      "/c_slam/factor_batch/a": {
        "attempts": 228,
        "drops": 0,
        "published": 228,
        "delivered": 228,
        "delivery_rate": 1.0,
        "bytes_attempted": 2698438,
        "bytes_published": 2698438,
        "bytes_delivered": null,
        "drop_reasons": {},
        "delivery_method": "ack",
        "ack_latency_s": {
          "count": 228,
          "min": 0.00258348899660632,
          "max": 0.008149827946908772,
          "mean": 0.005942176350416909,
          "median": 0.0065069929987657815,
          "p90": 0.006714985199505463,
          "p95": 0.006878440541913731,
          "stdev": 0.0012553135514077004
        }
      },
      "/c_slam/factor_batch/b": {
        "attempts": 89,
        "drops": 0,
        "published": 89,
        "delivered": 89,
        "delivery_rate": 1.0,
        "bytes_attempted": 1046972,
        "bytes_published": 1046972,
        "bytes_delivered": null,
        "drop_reasons": {},
        "delivery_method": "ack",
        "ack_latency_s": {
          "count": 89,
          "min": 0.001870929030701518,
          "max": 0.008294298953842372,
          "mean": 0.005946112957552829,
          "median": 0.006527406047098339,
          "p90": 0.006682860001455992,
          "p95": 0.006713824579492211,
          "stdev": 0.0013420940758937453
        }
      },
      "/c_slam/factor_batch/c": {
        "attempts": 180,
        "drops": 0,
        "published": 180,
        "delivered": 180,
        "delivery_rate": 1.0,
        "bytes_attempted": 2129907,
        "bytes_published": 2129907,
        "bytes_delivered": null,
        "drop_reasons": {},
        "delivery_method": "ack",
        "ack_latency_s": {
          "count": 180,
          "min": 0.00254229101119563,
          "max": 0.008930356008931994,
          "mean": 0.0060626360752697415,
          "median": 0.006512021995149553,
          "p90": 0.006771881796885282,
          "p95": 0.006895767911919393,
          "stdev": 0.0011655808892039926
        }
      },
      "/c_slam/factor_batch/d": {
        "attempts": 87,
        "drops": 0,
        "published": 87,
        "delivered": 87,
        "delivery_rate": 1.0,
        "bytes_attempted": 1024384,
        "bytes_published": 1024384,
        "bytes_delivered": null,
        "drop_reasons": {},
        "delivery_method": "ack",
        "ack_latency_s": {
          "count": 87,
          "min": 0.0025528109981678426,
          "max": 0.00793299003271386,
          "mean": 0.005905945782667433,
          "median": 0.006480238051153719,
          "p90": 0.006663429969921709,
          "p95": 0.00676207669894211,
          "stdev": 0.001211241622837002
        }
      }
    },
    "generated_by": {
      "component": "ros2_factor_publisher",
      "pid": 453765
    }
  }
}