{
  "ate": {
    "d": {
      "matches": 1063,
      "rmse": 2.5366531601072566,
      "R": [
        [
          0.9999800268818518,
          0.0057235983885238866,
          0.0026807198395050456
        ],
        [
          -0.005704805536840927,
          0.999959461919937,
          -0.006966326907200893
        ],
        [
          -0.002720483625729561,
          0.006950894782547422,
          0.9999721416272374
        ]
      ],
      "t": [
        -0.5311512959148104,
        -0.16748321955266476,
        -0.1539305683424832
      ],
      "s": 1.0
    },
    "b": {
      "matches": 188,
      "rmse": 0.9138612594823989,
      "R": [
        [
          0.9999914101639272,
          0.004089420177499376,
          -0.0006754561226348915
        ],
        [
          -0.004089775182945854,
          0.9999914990016934,
          -0.0005250364753667872
        ],
        [
          0.0006733032858272335,
          0.0005277944290770636,
          0.9999996340477962
        ]
      ],
      "t": [
        -0.5565029325521991,
        0.25758991943311305,
        -0.12331708096629423
      ],
      "s": 1.0
    },
    "c": {
      "matches": 703,
      "rmse": 1.725998299084745,
      "R": [
        [
          0.9999940222845105,
          0.002963269402099461,
          0.0017816929301145749
        ],
        [
          -0.0029506537811314925,
          0.9999708507223788,
          -0.007042112454838788
        ],
        [
          -0.0018025086714162676,
          0.007036813200113054,
          0.9999736167632005
        ]
      ],
      "t": [
        0.204405825166333,
        -0.05744320725037255,
        -0.16586177301995164
      ],
      "s": 1.0
    },
    "e": {
      "matches": 533,
      "rmse": 2.451262129221289,
      "R": [
        [
          0.9999864475802812,
          0.004061723006059821,
          0.0032568484752434797
        ],
        [
          -0.004051160792377556,
          0.9999865349690514,
          -0.0032431430470091192
        ],
        [
          -0.003269977370403958,
          0.003229905077723697,
          0.999989437424809
        ]
      ],
      "t": [
        0.45492325100681796,
        0.3193479997307307,
        0.2173703656203143
      ],
      "s": 1.0
    },
    "a": {
      "matches": 1350,
      "rmse": 1.8839568723125433,
      "R": [
        [
          0.9999943842362464,
          0.0030830687579970054,
          0.0013138428384005048
        ],
        [
          -0.0030752915446215136,
          0.9999779785052514,
          -0.005880908642944736
        ],
        [
          -0.0013319451513230393,
          0.005876835167379267,
          0.999981844200448
        ]
      ],
      "t": [
        0.07902170758806903,
        -0.11230360747656931,
        -0.12451009971533811
      ],
      "s": 1.0
    }
  },
  "rpe": {
    "d": {
      "1": {
        "count": 1062.0,
        "rmse": 0.7522229366631757,
        "mean": 0.2047917769378525,
        "pstd": 0.7238091423440359,
        "mean_dt": 1.0
      },
      "10": {
        "count": 1053.0,
        "rmse": 1.2741548801838212,
        "mean": 0.7388220990882477,
        "pstd": 1.038081193642908,
        "mean_dt": 10.0
      },
      "50": {
        "count": 1013.0,
        "rmse": 2.7314390914175006,
        "mean": 2.0648231465155695,
        "pstd": 1.7880897303371552,
        "mean_dt": 50.0
      }
    },
    "b": {
      "1": {
        "count": 187.0,
        "rmse": 0.3688864752085379,
        "mean": 0.1901800380222184,
        "pstd": 0.3160835091073986,
        "mean_dt": 1.0
      },
      "10": {
        "count": 178.0,
        "rmse": 0.6163054022201682,
        "mean": 0.5229287796138848,
        "pstd": 0.3261561593122173,
        "mean_dt": 10.0
      },
      "50": {
        "count": 138.0,
        "rmse": 1.5950472877692763,
        "mean": 1.463075452291555,
        "pstd": 0.6352842443520741,
        "mean_dt": 50.0
      }
    },
    "c": {
      "1": {
        "count": 702.0,
        "rmse": 1.647341110942071,
        "mean": 0.7513798085505196,
        "pstd": 1.4660017459411296,
        "mean_dt": 1.0
      },
      "10": {
        "count": 693.0,
        "rmse": 1.6407908382170984,
        "mean": 1.0015327194657941,
        "pstd": 1.2996641053043736,
        "mean_dt": 10.0
      },
      "50": {
        "count": 653.0,
        "rmse": 1.988530247215706,
        "mean": 1.7040407326115048,
        "pstd": 1.0249379130916203,
        "mean_dt": 50.0
      }
    },
    "e": {
      "1": {
        "count": 532.0,
        "rmse": 0.33780840790026134,
        "mean": 0.1484325216202282,
        "pstd": 0.3034506664576136,
        "mean_dt": 1.0
      },
      "10": {
        "count": 523.0,
        "rmse": 0.7630278826750777,
        "mean": 0.6195367181196978,
        "pstd": 0.44540521398057986,
        "mean_dt": 10.0
      },
      "50": {
        "count": 483.0,
        "rmse": 2.4771573589305356,
        "mean": 2.140273092857279,
        "pstd": 1.2472127600753786,
        "mean_dt": 50.0
      }
    },
    "a": {
      "1": {
        "count": 1349.0,
        "rmse": 0.10811931307960941,
        "mean": 0.079646022658322,
        "pstd": 0.07311837618216545,
        "mean_dt": 1.0
      },
      "10": {
        "count": 1340.0,
        "rmse": 0.48438294002811666,
        "mean": 0.4320468417429934,
        "pstd": 0.21900310301497306,
        "mean_dt": 10.0
      },
      "50": {
        "count": 1300.0,
        "rmse": 1.7128339413831635,
        "mean": 1.5164572777752798,
        "pstd": 0.7963400250122858,
        "mean_dt": 50.0
      }
    }
  }
}