{
  "loop_closure_correction": {
    "count": 0
  },
  "interface_correction": {
    "count": 0
  },
  "loop_closure_correction_stabilised": {
    "count": 0
  },
  "loop_closure_correction_stabilised_params": {
    "epsilon": 0.001,
    "required": 3
  },
  "interface_correction_stabilised": {
    "count": 22892,
    "min": 0.13800573348999023,
    "max": 4.3423237800598145,
    "mean": 1.2912401626644572,
    "median": 0.9209122657775879,
    "p90": 3.0219340085983277,
    "p95": 3.5389909029006956,
    "p99": 4.147514705657959,
    "stdev": 0.9891926260478506
  },
  "interface_correction_stabilised_params": {
    "epsilon": 0.001,
    "required": 3
  },
  "time_to_global_convergence_s": 0.1562213897705078,
  "time_to_global_convergence_method": "delta_threshold",
  "timeline_start_ts": 1770228018.6349568,
  "timeline_end_ts": 1770228018.7911782,
  "optimization_duration_s": {
    "count": 505,
    "min": 0.0007297230185940862,
    "max": 0.07552506396314129,
    "mean": 0.006304041929842702,
    "median": 0.0025219240342266858,
    "p90": 0.01474411858944224,
    "p95": 0.028506202576681936,
    "p99": 0.050886539544444526,
    "stdev": 0.009753146816360638
  },
  "communication_uplink_messages": 37894,
  "communication_uplink_bytes": 51166926,
  "communication_downlink_messages": 0,
  "communication_downlink_bytes": 0,
  "communication_uplink_bytes_per_s": 327528298.6226482,
  "communication_downlink_bytes_per_s": 0.0,
  "delivery_topics": {
    "/c_slam/factor_batch/d": {
      "attempts": 176.0,
      "drops": 0.0,
      "delivered": 176.0,
      "delivery_rate": 1.0
    },
    "/c_slam/factor_batch/b": {
      "attempts": 50.0,
      "drops": 0.0,
      "delivered": 50.0,
      "delivery_rate": 1.0
    },
    "/c_slam/factor_batch/c": {
      "attempts": 95.0,
      "drops": 0.0,
      "delivered": 95.0,
      "delivery_rate": 1.0
    },
    "/c_slam/factor_batch/a": {
      "attempts": 233.0,
      "drops": 0.0,
      "delivered": 233.0,
      "delivery_rate": 1.0
    },
    "/c_slam/factor_batch/e": {
      "attempts": 83.0,
      "drops": 0.0,
      "delivered": 83.0,
      "delivery_rate": 1.0
    },
    "/c_slam/iface/run_7de484c2/a": {
      "attempts": 2020.0,
      "drops": 0.0,
      "delivered": 2020.0,
      "delivery_rate": 1.0
    },
    "/c_slam/iface/run_7de484c2/d": {
      "attempts": 10201.0,
      "drops": 0.0,
      "delivered": 6170.0,
      "delivery_rate": 0.6048426624840701
    },
    "/c_slam/iface/run_7de484c2/e": {
      "attempts": 17473.0,
      "drops": 0.0,
      "delivered": 4154.0,
      "delivery_rate": 0.23773822468952097
    },
    "/c_slam/iface/run_7de484c2/c": {
      "attempts": 3434.0,
      "drops": 0.0,
      "delivered": 1601.0,
      "delivery_rate": 0.46622015142690737
    },
    "/c_slam/iface/run_7de484c2/b": {
      "attempts": 14443.0,
      "drops": 0.0,
      "delivered": 2727.0,
      "delivery_rate": 0.1888111888111888
    }
  },
  "delivery_rate": {
    "count": 10,
    "min": 0.1888111888111888,
    "max": 1.0,
    "mean": 0.7497612227411687,
    "median": 1.0,
    "p90": 1.0,
    "p95": 1.0,
    "p99": 1.0,
    "stdev": 0.3246453593065582
  },
  "estimation_metrics": {
    "a": {
      "ate": {
        "matches": 1357,
        "rmse": 2.370600553891435,
        "R": [
          [
            0.9991537222998624,
            0.04111750463171178,
            0.0010908836741084517
          ],
          [
            -0.04111846256160304,
            0.9991538989985113,
            0.0008707196117728466
          ],
          [
            -0.0010541588586692832,
            -0.0009148382006952532,
            0.9999990259096094
          ]
        ],
        "t": [
          -2.019110319685538,
          6.305610850410524,
          -0.48366503445431075
        ],
        "s": 1.0
      },
      "rpe": {
        "1": {
          "count": 1356.0,
          "rmse": 0.11013060231912579,
          "mean": 0.09271160068824896,
          "pstd": 0.05944164083364543,
          "mean_dt": 1.0
        },
        "10": {
          "count": 1347.0,
          "rmse": 0.7150981622912175,
          "mean": 0.6503739225591014,
          "pstd": 0.2972862973084439,
          "mean_dt": 10.0
        },
        "50": {
          "count": 1307.0,
          "rmse": 2.567476242991444,
          "mean": 2.2626884870161965,
          "pstd": 1.2133322170987708,
          "mean_dt": 50.0
        }
      }
    },
    "b": {
      "ate": {
        "matches": 265,
        "rmse": 1.6299302666992757,
        "R": [
          [
            0.9989479249942617,
            0.04565120271872428,
            0.004360142198561956
          ],
          [
            -0.04565187111887517,
            0.9989574083834285,
            5.384430406908669e-05
          ],
          [
            -0.004353138293618377,
            -0.00025283630553129405,
            0.9999904930852088
          ]
        ],
        "t": [
          -2.8029424664773046,
          6.833372397041812,
          0.29394439063343203
        ],
        "s": 1.0
      },
      "rpe": {
        "1": {
          "count": 264.0,
          "rmse": 0.4561671596993162,
          "mean": 0.17967486540676664,
          "pstd": 0.41929156958994757,
          "mean_dt": 1.0
        },
        "10": {
          "count": 255.0,
          "rmse": 1.0373994157994428,
          "mean": 0.8841565482011474,
          "pstd": 0.5426460597609254,
          "mean_dt": 10.0
        },
        "50": {
          "count": 215.0,
          "rmse": 2.919875876160792,
          "mean": 2.7700368555655674,
          "pstd": 0.9233476869490607,
          "mean_dt": 50.0
        }
      }
    },
    "c": {
      "ate": {
        "matches": 624,
        "rmse": 2.48527504808417,
        "R": [
          [
            0.9999300444708542,
            0.007444756208725903,
            -0.00919139649391229
          ],
          [
            -0.007515777148500684,
            0.9999419812555504,
            -0.007716684299523449
          ],
          [
            0.009133414387278311,
            0.007785224962521785,
            0.9999279829137262
          ]
        ],
        "t": [
          -0.4278628880867217,
          2.4032937603376894,
          -1.9418328918922114
        ],
        "s": 1.0
      },
      "rpe": {
        "1": {
          "count": 623.0,
          "rmse": 0.25827377259076484,
          "mean": 0.12109596722138231,
          "pstd": 0.22812520319110735,
          "mean_dt": 1.0
        },
        "10": {
          "count": 614.0,
          "rmse": 0.8503879921343377,
          "mean": 0.7036694793588776,
          "pstd": 0.47750288060395635,
          "mean_dt": 10.0
        },
        "50": {
          "count": 574.0,
          "rmse": 2.6423279825063646,
          "mean": 2.3613790754990758,
          "pstd": 1.1856584790449918,
          "mean_dt": 50.0
        }
      }
    },
    "d": {
      "ate": {
        "matches": 1062,
        "rmse": 2.567491155013491,
        "R": [
          [
            0.9992246602275472,
            0.03899157556413282,
            0.005453020096157947
          ],
          [
            -0.03900535698432083,
            0.9992360122439136,
            0.0024441688578538817
          ],
          [
            -0.005353552060858312,
            -0.0026549707920211496,
            0.9999821451458145
          ]
        ],
        "t": [
          -2.28462356992452,
          6.061982273545638,
          0.2619605515748944
        ],
        "s": 1.0
      },
      "rpe": {
        "1": {
          "count": 1061.0,
          "rmse": 0.5828845824849855,
          "mean": 0.184234684840582,
          "pstd": 0.5530027282033857,
          "mean_dt": 1.0
        },
        "10": {
          "count": 1052.0,
          "rmse": 0.8902037388439822,
          "mean": 0.6805078053261691,
          "pstd": 0.5739092467820713,
          "mean_dt": 10.0
        },
        "50": {
          "count": 1012.0,