{
  "ate": {
    "matches": 1062,
    "rmse": 2.567491155013491,
    "R": [
      [
        0.9992246602275472,
        0.03899157556413282,
        0.005453020096157947
      ],
      [
        -0.03900535698432083,
        0.9992360122439136,
        0.0024441688578538817
      ],
      [
        -0.005353552060858312,
        -0.0026549707920211496,
        0.9999821451458145
      ]
    ],
    "t": [
      -2.28462356992452,
      6.061982273545638,
      0.2619605515748944
    ],
    "s": 1.0
  },
  "rpe": {
    "1": {
      "count": 1061.0,
      "rmse": 0.5828845824849855,
      "mean": 0.184234684840582,
      "pstd": 0.5530027282033857,
      "mean_dt": 1.0
    },
    "10": {
      "count": 1052.0,
      "rmse": 0.8902037388439822,
      "mean": 0.6805078053261691,
      "pstd": 0.5739092467820713,
      "mean_dt": 10.0
    },
    "50": {
      "count": 1012.0,
      "rmse": 2.2934200425368947,
      "mean": 2.0111067856141087,
      "pstd": 1.1023724363239586,
      "mean_dt": 50.0
    }
  }
}