{
  "a": {
    "ate": {
      "matches": 1357,
      "rmse": 2.370600553891435,
      "R": [
        [
          0.9991537222998624,
          0.04111750463171178,
          0.0010908836741084517
        ],
        [
          -0.04111846256160304,
          0.9991538989985113,
          0.0008707196117728466
        ],
        [
          -0.0010541588586692832,
          -0.0009148382006952532,
          0.9999990259096094
        ]
      ],
      "t": [
        -2.019110319685538,
        6.305610850410524,
        -0.48366503445431075
      ],
      "s": 1.0
    },
    "rpe": {
      "1": {
        "count": 1356.0,
        "rmse": 0.11013060231912579,
        "mean": 0.09271160068824896,
        "pstd": 0.05944164083364543,
        "mean_dt": 1.0
      },
      "10": {
        "count": 1347.0,
        "rmse": 0.7150981622912175,
        "mean": 0.6503739225591014,
        "pstd": 0.2972862973084439,
        "mean_dt": 10.0
      },
      "50": {
        "count": 1307.0,
        "rmse": 2.567476242991444,
        "mean": 2.2626884870161965,
        "pstd": 1.2133322170987708,
        "mean_dt": 50.0
      }
    }
  },
  "b": {
    "ate": {
      "matches": 265,
      "rmse": 1.6299302666992757,
      "R": [
        [
          0.9989479249942617,
          0.04565120271872428,
          0.004360142198561956
        ],
        [
          -0.04565187111887517,
          0.9989574083834285,
          5.384430406908669e-05
        ],
        [
          -0.004353138293618377,
          -0.00025283630553129405,
          0.9999904930852088
        ]
      ],
      "t": [
        -2.8029424664773046,
        6.833372397041812,
        0.29394439063343203
      ],
      "s": 1.0
    },
    "rpe": {
      "1": {
        "count": 264.0,
        "rmse": 0.4561671596993162,
        "mean": 0.17967486540676664,
        "pstd": 0.41929156958994757,
        "mean_dt": 1.0
      },
      "10": {
        "count": 255.0,
        "rmse": 1.0373994157994428,
        "mean": 0.8841565482011474,
        "pstd": 0.5426460597609254,
        "mean_dt": 10.0
      },
      "50": {
        "count": 215.0,
        "rmse": 2.919875876160792,
        "mean": 2.7700368555655674,
        "pstd": 0.9233476869490607,
        "mean_dt": 50.0
      }
    }
  },
  "c": {
    "ate": {
      "matches": 624,
      "rmse": 2.48527504808417,
      "R": [
        [
          0.9999300444708542,
          0.007444756208725903,
          -0.00919139649391229
        ],
        [
          -0.007515777148500684,
          0.9999419812555504,
          -0.007716684299523449
        ],
        [
          0.009133414387278311,
          0.007785224962521785,
          0.9999279829137262
        ]
      ],
      "t": [
        -0.4278628880867217,
        2.4032937603376894,
        -1.9418328918922114
      ],
      "s": 1.0
    },
    "rpe": {
      "1": {
        "count": 623.0,
        "rmse": 0.25827377259076484,
        "mean": 0.12109596722138231,
        "pstd": 0.22812520319110735,
        "mean_dt": 1.0
      },
      "10": {
        "count": 614.0,
        "rmse": 0.8503879921343377,
        "mean": 0.7036694793588776,
        "pstd": 0.47750288060395635,
        "mean_dt": 10.0
      },
      "50": {
        "count": 574.0,
        "rmse": 2.6423279825063646,
        "mean": 2.3613790754990758,
        "pstd": 1.1856584790449918,
        "mean_dt": 50.0
      }
    }
  },
  "d": {
    "ate": {
      "matches": 1062,
      "rmse": 2.567491155013491,
      "R": [
        [
          0.9992246602275472,
          0.03899157556413282,
          0.005453020096157947
        ],
        [
          -0.03900535698432083,
          0.9992360122439136,
          0.0024441688578538817
        ],
        [
          -0.005353552060858312,
          -0.0026549707920211496,
          0.9999821451458145
        ]
      ],
      "t": [
        -2.28462356992452,
        6.061982273545638,
        0.2619605515748944
      ],
      "s": 1.0
    },
    "rpe": {
      "1": {
        "count": 1061.0,
        "rmse": 0.5828845824849855,
        "mean": 0.184234684840582,
        "pstd": 0.5530027282033857,
        "mean_dt": 1.0
      },
      "10": {
        "count": 1052.0,
        "rmse": 0.8902037388439822,
        "mean": 0.6805078053261691,
        "pstd": 0.5739092467820713,
        "mean_dt": 10.0
      },
      "50": {
        "count": 1012.0,
        "rmse": 2.2934200425368947,
        "mean": 2.0111067856141087,
        "pstd": 1.1023724363239586,
        "mean_dt": 50.0
      }
    }
  },
  "e": {
    "ate": {
      "matches": 528,
      "rmse": 5.508511752141242,
      "R": [
        [
          0.9985056336449107,
          -0.05393578926385371,
          0.00879944406542817
        ],
        [
          0.0538926115202887,
          0.9985338532407008,
          0.005072509812855442
        ],
        [
          -0.009060132609333006,
          -0.004590704604242633,
          0.9999484183838375
        ]
      ],
      "t": [
        2.102602598261086,
        -3.6109944577859245,
        0.827374857397885
      ],
      "s": 1.0
    },
    "rpe": {
      "1": {
        "count": 527.0,
        "rmse": 0.8124001611300317,
        "mean": 0.2287245670482723,
        "pstd": 0.7795377439436023,
        "mean_dt": 1.0
      },
      "10": {
        "count": 518.0,
        "rmse": 1.415338747721236,
        "mean": 1.1411050357194952,
        "pstd": 0.8372950903096991,
        "mean_dt": 10.0
      },
      "50": {
        "count": 478.0,
        "rmse": 4.615441099131426,
        "mean": 4.066147389927989,
        "pstd": 2.1837449354110285,
        "mean_dt": 50.0
      }
    }
  }
}