{
  "ate": {
    "matches": 624,
    "rmse": 2.48527504808417,
    "R": [
      [
        0.9999300444708542,
        0.007444756208725903,
        -0.00919139649391229
      ],
      [
        -0.007515777148500684,
        0.9999419812555504,
        -0.007716684299523449
      ],
      [
        0.009133414387278311,
        0.007785224962521785,
        0.9999279829137262
      ]
    ],
    "t": [
      -0.4278628880867217,
      2.4032937603376894,
      -1.9418328918922114
    ],
    "s": 1.0
  },
  "rpe": {
    "1": {
      "count": 623.0,
      "rmse": 0.25827377259076484,
      "mean": 0.12109596722138231,
      "pstd": 0.22812520319110735,
      "mean_dt": 1.0
    },
    "10": {
      "count": 614.0,
      "rmse": 0.8503879921343377,
      "mean": 0.7036694793588776,
      "pstd": 0.47750288060395635,
      "mean_dt": 10.0
    },
    "50": {
      "count": 574.0,
      "rmse": 2.6423279825063646,
      "mean": 2.3613790754990758,
      "pstd": 1.1856584790449918,
      "mean_dt": 50.0
    }
  }
}