{
  "ate": {
    "matches": 1020,
    "rmse": 3.0732209528459453,
    "R": [
      [
        0.9998406687205272,
        0.013485270317911111,
        0.011695497293458309
      ],
      [
        -0.013372185238940154,
        0.9998635961332267,
        -0.00969400791550671
      ],
      [
        -0.011824628299608234,
        0.009536069000552636,
        0.9998846141198457
      ]
    ],
    "t": [
      -1.929111683776199,
      1.6870683080680138,
      0.9889648916379747
    ],
    "s": 1.0
  },
  "rpe": {
    "1": {
      "count": 1019.0,
      "rmse": 0.6297412554630668,
      "mean": 0.1735364285958586,
      "pstd": 0.6053587009223491,
      "mean_dt": 1.0
    },
    "10": {
      "count": 1010.0,
      "rmse": 1.0713063791823703,
      "mean": 0.8559747599152607,
      "pstd": 0.6442084821428943,
      "mean_dt": 10.0
    },
    "50": {
      "count": 970.0,
      "rmse": 2.8609486138464844,
      "mean": 2.5101359884098424,
      "pstd": 1.3726777811124715,
      "mean_dt": 50.0
    }
  }
}