{
  "loop_closure_correction": {
    "count": 0
  },
  "interface_correction": {
    "count": 0
  },
  "loop_closure_correction_stabilised": {
    "count": 0
  },
  "loop_closure_correction_stabilised_params": {
    "epsilon": 0.001,
    "required": 3
  },
  "interface_correction_stabilised": {
    "count": 25505,
    "min": 0.08270382881164551,
    "max": 23.224512338638306,
    "mean": 2.050119434873442,
    "median": 0.9322972297668457,
    "p90": 5.4948617935180675,
    "p95": 6.442479801177979,
    "p99": 7.317086591720581,
    "stdev": 2.1371433201792045
  },
  "interface_correction_stabilised_params": {
    "epsilon": 0.001,
    "required": 3
  },
  "time_to_global_convergence_s": 0.16723871231079102,
  "time_to_global_convergence_method": "delta_threshold",
  "timeline_start_ts": 1770248437.232161,
  "timeline_end_ts": 1770248437.3993998,
  "optimization_duration_s": {
    "count": 404,
    "min": 0.0006331479526124895,
    "max": 0.05603781301761046,
    "mean": 0.005561011268366543,
    "median": 0.002432086010230705,
    "p90": 0.013016245211474589,
    "p95": 0.02213170023460404,
    "p99": 0.034946895450702856,
    "stdev": 0.007642845453770567
  },
  "communication_uplink_messages": 26444,
  "communication_uplink_bytes": 37137755,
  "communication_downlink_messages": 0,
  "communication_downlink_bytes": 0,
  "communication_uplink_bytes_per_s": 222064344.3545798,
  "communication_downlink_bytes_per_s": 0.0,
  "delivery_topics": {
    "/c_slam/factor_batch/a": {
      "attempts": 228.0,
      "drops": 0.0,
      "delivered": 228.0,
      "delivery_rate": 1.0
    },
    "/c_slam/factor_batch/b": {
      "attempts": 89.0,
      "drops": 0.0,
      "delivered": 89.0,
      "delivery_rate": 1.0
    },
    "/c_slam/factor_batch/c": {
      "attempts": 180.0,
      "drops": 0.0,
      "delivered": 180.0,
      "delivery_rate": 1.0
    },
    "/c_slam/factor_batch/d": {
      "attempts": 87.0,
      "drops": 0.0,
      "delivered": 87.0,
      "delivery_rate": 1.0
    },
    "/c_slam/iface/run_fc7c601b/a": {
      "attempts": 2121.0,
      "drops": 0.0,
      "delivered": 2097.0,
      "delivery_rate": 0.9886845827439887
    },
    "/c_slam/iface/run_fc7c601b/c": {
      "attempts": 17170.0,
      "drops": 0.0,
      "delivered": 5905.0,
      "delivery_rate": 0.3439138031450204
    },
    "/c_slam/iface/run_fc7c601b/d": {
      "attempts": 6969.0,
      "drops": 0.0,
      "delivered": 1965.0,
      "delivery_rate": 0.28196297890658634
    },
    "/c_slam/iface/run_fc7c601b/b": {
      "attempts": 8181.0,
      "drops": 0.0,
      "delivered": 1913.0,
      "delivery_rate": 0.23383449456056718
    }
  },
  "delivery_rate": {
    "count": 8,
    "min": 0.23383449456056718,
    "max": 1.0,
    "mean": 0.7310494824195203,
    "median": 0.9943422913719944,
    "p90": 1.0,
    "p95": 1.0,
    "p99": 1.0,
    "stdev": 0.34541439505737354
  },
  "estimation_metrics": {
    "a": {
      "ate": {
        "matches": 1355,
        "rmse": 2.2157505422117505,
        "R": [
          [
            0.9998790025116131,
            0.014706510928667036,
            0.005069405555448174
          ],
          [
            -0.01468744913100343,
            0.9998849995382881,
            -0.0037771068744472946
          ],
          [
            -0.005124370634996519,
            0.003702193217782021,
            0.9999800170958283
          ]
        ],
        "t": [
          -1.189811656236202,
          2.099504155404908,
          0.16444012209401881
        ],
        "s": 1.0
      },
      "rpe": {
        "1": {
          "count": 1354.0,
          "rmse": 0.12818715262913258,
          "mean": 0.09901964233623871,
          "pstd": 0.08140673516833791,
          "mean_dt": 1.0
        },
        "10": {
          "count": 1345.0,
          "rmse": 0.7704838690388413,
          "mean": 0.6954538726529347,
          "pstd": 0.331646353004369,
          "mean_dt": 10.0
        },
        "50": {
          "count": 1305.0,
          "rmse": 2.5442546354923175,
          "mean": 2.2945760615459525,
          "pstd": 1.099159837332318,
          "mean_dt": 50.0
        }
      }
    },
    "b": {
      "ate": {
        "matches": 607,
        "rmse": 1.9186494723852927,
        "R": [
          [
            0.9999693762433474,
            0.0017441709100436207,
            0.007629183660543165
          ],
          [
            -0.001783354983084259,
            0.9999852394985518,
            0.0051322928626125405
          ],
          [
            -0.0076201194540539245,
            -0.005145741235222774,
            0.9999577266698059
          ]
        ],
        "t": [
          -0.6265581232203061,
          0.6017954051492609,
          0.22176272493240567
        ],
        "s": 1.0
      },
      "rpe": {
        "1": {
          "count": 606.0,
          "rmse": 0.11523206226393878,
          "mean": 0.09053625912898826,
          "pstd": 0.07128544000375503,
          "mean_dt": 1.0
        },
        "10": {
          "count": 597.0,
          "rmse": 0.7051819145859383,
          "mean": 0.6206928838893518,
          "pstd": 0.3346966933631242,
          "mean_dt": 10.0
        },
        "50": {
          "count": 557.0,
          "rmse": 2.38326931211634,
          "mean": 2.1131923747439414,
          "pstd": 1.1019939207634255,
          "mean_dt": 50.0
        }
      }
    },
    "c": {
      "ate": {
        "matches": 1062,
        "rmse": 2.4667354978999017,
        "R": [
          [
            0.9999376205726593,
            0.010437778533595172,
            0.003975895216321178
          ],
          [
            -0.010421987648249049,
            0.9999378012297403,
            -0.003971881832580057
          ],
          [
            -0.004017105543458114,
            0.0039301973380306485,
            0.999984208081276
          ]
        ],
        "t": [
          -0.7790229697960029,
          1.477068646294235,
          0.20993628978793666
        ],
        "s": 1.0
      },
      "rpe": {
        "1": {
          "count": 1061.0,
          "rmse": 0.5144965712163295,
          "mean": 0.18411804549961477,
          "pstd": 0.4804240492676873,
          "mean_dt": 1.0
        },
        "10": {
          "count": 1052.0,
          "rmse": 0.9193719689532128,
          "mean": 0.7276236329434665,
          "pstd": 0.5619685632480336,
          "mean_dt": 10.0
        },
        "50": {
          "count": 1012.0,
          "rmse": 2.390304873151258,
          "mean": 2.081358951014627,
          "pstd": 1.1753732614118524,
          "mean_dt": 50.0
        }
      }
    },
    "d": {
      "ate": {
        "matches": 531,
        "rmse": 4.360492827005843,
        "R": [
          [
            0.9994854194660694,
            -0.02789969563330921,
            0.01582729472472826
          ],
          [
            0.027959954072654693,
            0.9996025658686889,
            -0.003598788266638727
          ],
          [
            -0.015720599320310398,
            0.0040394668338487386,
            0.9998682640551747
          ]
        ],
        "t": [
          1.6106908232911792,
          -1.575652514849505,
          0.9955572029467188
        ],
        "s": 1.0
      },
      "rpe": {
        "1": {
          "count": 530.0,
          "rmse": 0.6319499375878789,
          "mean": 0.20605099659983472,
          "pstd": 0.5974141866557396,
          "mean_dt": 1.0
        },
        "10": {
          "count": 521.0,
          "rmse": 1.163593840364872,
          "mean": 0.9970240104833755,
          "pstd": 0.5999114500113466,
          "mean_dt": 10.0
        },
        "50": {
          "count": 481.0,
          "rmse": 3.9524320969846585,
          "mean": 3.5808599367334906,
          "pstd": 1.6730695128330977,
          "mean_dt": 50.0
        }
      }
    }
  },
  "input_end_team_ts": 1770248437.2406063,
  "input_end_method": "input_end_event",