{
  "ate": {
    "matches": 607,
    "rmse": 1.9186494723852927,
    "R": [
      [
        0.9999693762433474,
        0.0017441709100436207,
        0.007629183660543165
      ],
      [
        -0.001783354983084259,
        0.9999852394985518,
        0.0051322928626125405
      ],
      [
        -0.0076201194540539245,
        -0.005145741235222774,
        0.9999577266698059
      ]
    ],
    "t": [
      -0.6265581232203061,
      0.6017954051492609,
      0.22176272493240567
    ],
    "s": 1.0
  },
  "rpe": {
    "1": {
      "count": 606.0,
      "rmse": 0.11523206226393878,
      "mean": 0.09053625912898826,
      "pstd": 0.07128544000375503,
      "mean_dt": 1.0
    },
    "10": {
      "count": 597.0,
      "rmse": 0.7051819145859383,
      "mean": 0.6206928838893518,
      "pstd": 0.3346966933631242,
      "mean_dt": 10.0
    },
    "50": {
      "count": 557.0,
      "rmse": 2.38326931211634,
      "mean": 2.1131923747439414,
      "pstd": 1.1019939207634255,
      "mean_dt": 50.0
    }
  }
}