{
  "a": {
    "ate": {
      "matches": 1355,
      "rmse": 2.2157505422117505,
      "R": [
        [
          0.9998790025116131,
          0.014706510928667036,
          0.005069405555448174
        ],
        [
          -0.01468744913100343,
          0.9998849995382881,
          -0.0037771068744472946
        ],
        [
          -0.005124370634996519,
          0.003702193217782021,
          0.9999800170958283
        ]
      ],
      "t": [
        -1.189811656236202,
        2.099504155404908,
        0.16444012209401881
      ],
      "s": 1.0
    },
    "rpe": {
      "1": {
        "count": 1354.0,
        "rmse": 0.12818715262913258,
        "mean": 0.09901964233623871,
        "pstd": 0.08140673516833791,
        "mean_dt": 1.0
      },
      "10": {
        "count": 1345.0,
        "rmse": 0.7704838690388413,
        "mean": 0.6954538726529347,
        "pstd": 0.331646353004369,
        "mean_dt": 10.0
      },
      "50": {
        "count": 1305.0,
        "rmse": 2.5442546354923175,
        "mean": 2.2945760615459525,
        "pstd": 1.099159837332318,
        "mean_dt": 50.0
      }
    }
  },
  "b": {
    "ate": {
      "matches": 607,
      "rmse": 1.9186494723852927,
      "R": [
        [
          0.9999693762433474,
          0.0017441709100436207,
          0.007629183660543165
        ],
        [
          -0.001783354983084259,
          0.9999852394985518,
          0.0051322928626125405
        ],
        [
          -0.0076201194540539245,
          -0.005145741235222774,
          0.9999577266698059
        ]
      ],
      "t": [
        -0.6265581232203061,
        0.6017954051492609,
        0.22176272493240567
      ],
      "s": 1.0
    },
    "rpe": {
      "1": {
        "count": 606.0,
        "rmse": 0.11523206226393878,
        "mean": 0.09053625912898826,
        "pstd": 0.07128544000375503,
        "mean_dt": 1.0
      },
      "10": {
        "count": 597.0,
        "rmse": 0.7051819145859383,
        "mean": 0.6206928838893518,
        "pstd": 0.3346966933631242,
        "mean_dt": 10.0
      },
      "50": {
        "count": 557.0,
        "rmse": 2.38326931211634,
        "mean": 2.1131923747439414,
        "pstd": 1.1019939207634255,
        "mean_dt": 50.0
      }
    }
  },
  "c": {
    "ate": {
      "matches": 1062,
      "rmse": 2.4667354978999017,
      "R": [
        [
          0.9999376205726593,
          0.010437778533595172,
          0.003975895216321178
        ],
        [
          -0.010421987648249049,
          0.9999378012297403,
          -0.003971881832580057
        ],
        [
          -0.004017105543458114,
          0.0039301973380306485,
          0.999984208081276
        ]
      ],
      "t": [
        -0.7790229697960029,
        1.477068646294235,
        0.20993628978793666
      ],
      "s": 1.0
    },
    "rpe": {
      "1": {
        "count": 1061.0,
        "rmse": 0.5144965712163295,
        "mean": 0.18411804549961477,
        "pstd": 0.4804240492676873,
        "mean_dt": 1.0
      },
      "10": {
        "count": 1052.0,
        "rmse": 0.9193719689532128,
        "mean": 0.7276236329434665,
        "pstd": 0.5619685632480336,
        "mean_dt": 10.0
      },
      "50": {
        "count": 1012.0,
        "rmse": 2.390304873151258,
        "mean": 2.081358951014627,
        "pstd": 1.1753732614118524,
        "mean_dt": 50.0
      }
    }
  },
  "d": {
    "ate": {
      "matches": 531,
      "rmse": 4.360492827005843,
      "R": [
        [
          0.9994854194660694,
          -0.02789969563330921,
          0.01582729472472826
        ],
        [
          0.027959954072654693,
          0.9996025658686889,
          -0.003598788266638727
        ],
        [
          -0.015720599320310398,
          0.0040394668338487386,
          0.9998682640551747
        ]
      ],
      "t": [
        1.6106908232911792,
        -1.575652514849505,
        0.9955572029467188
      ],
      "s": 1.0
    },
    "rpe": {
      "1": {
        "count": 530.0,
        "rmse": 0.6319499375878789,
        "mean": 0.20605099659983472,
        "pstd": 0.5974141866557396,
        "mean_dt": 1.0
      },
      "10": {
        "count": 521.0,
        "rmse": 1.163593840364872,
        "mean": 0.9970240104833755,
        "pstd": 0.5999114500113466,
        "mean_dt": 10.0
      },
      "50": {
        "count": 481.0,
        "rmse": 3.9524320969846585,
        "mean": 3.5808599367334906,
        "pstd": 1.6730695128330977,
        "mean_dt": 50.0
      }
    }
  }
}