{
  "a": {
    "ate": {
      "matches": 1357,
      "rmse": 2.2677549879641528,
      "R": [
        [
          0.9992128973573885,
          0.0396342367613033,
          0.001647128107535807
        ],
        [
          -0.039634519392025926,
          0.9992142340211622,
          0.00013929129951199826
        ],
        [
          -0.0016403131459624596,
          -0.00020446479388130934,
          0.9999986337825325
        ]
      ],
      "t": [
        -1.9791342358765007,
        5.917644691968718,
        -0.434387190413819
      ],
      "s": 1.0
    },
    "rpe": {
      "1": {
        "count": 1356.0,
        "rmse": 0.11019874452341892,
        "mean": 0.09127356585492767,
        "pstd": 0.06174867991029401,
        "mean_dt": 1.0
      },
      "10": {
        "count": 1347.0,
        "rmse": 0.6904588570119189,
        "mean": 0.6240067235786152,
        "pstd": 0.29554871367489766,
        "mean_dt": 10.0
      },
      "50": {
        "count": 1307.0,
        "rmse": 2.474649630047412,
        "mean": 2.1666921882172465,
        "pstd": 1.1955483064318897,
        "mean_dt": 50.0
      }
    }
  },
  "b": {
    "ate": {
      "matches": 265,
      "rmse": 1.5639045591615075,
      "R": [
        [
          0.9990338450774802,
          0.04378538014818933,
          0.003770527149355017
        ],
        [
          -0.04378120348691803,
          0.9990404426862659,
          -0.0011832575663861672
        ],
        [
          -0.003818718494809672,
          0.0010170361398849706,
          0.9999921914827874
        ]
      ],
      "t": [
        -2.6584357930862126,
        6.617431813490537,
        0.14725541604742354
      ],
      "s": 1.0
    },
    "rpe": {
      "1": {
        "count": 264.0,
        "rmse": 0.4459862676872723,
        "mean": 0.17892340008752575,
        "pstd": 0.40852193070475723,
        "mean_dt": 1.0
      },
      "10": {
        "count": 255.0,
        "rmse": 1.0035990563196135,
        "mean": 0.8544403924844844,
        "pstd": 0.5264434267198896,
        "mean_dt": 10.0
      },
      "50": {
        "count": 215.0,
        "rmse": 2.801707132380146,
        "mean": 2.6597192437022397,
        "pstd": 0.8806000228876741,
        "mean_dt": 50.0
      }
    }
  },
  "c": {
    "ate": {
      "matches": 624,
      "rmse": 2.579219835155711,
      "R": [
        [
          0.999947008861057,
          0.006304810512254063,
          -0.00813810999121635
        ],
        [
          -0.006350248737840654,
          0.999964325887909,
          -0.0055696761581470605
        ],
        [
          0.008102703918576586,
          0.005621060037363998,
          0.9999513737543761
        ]
      ],
      "t": [
        -0.679460533951584,
        2.1848304669672842,
        -2.073413033731865
      ],
      "s": 1.0
    },
    "rpe": {
      "1": {
        "count": 623.0,
        "rmse": 0.24404611564589956,
        "mean": 0.11982234195669117,
        "pstd": 0.21260553362945558,
        "mean_dt": 1.0
      },
      "10": {
        "count": 614.0,
        "rmse": 0.8542036612830392,
        "mean": 0.7129447130641019,
        "pstd": 0.47050369930883057,
        "mean_dt": 10.0
      },
      "50": {
        "count": 574.0,
        "rmse": 2.787458543901673,
        "mean": 2.438001750039751,
        "pstd": 1.3513225376547013,
        "mean_dt": 50.0
      }
    }
  },
  "d": {
    "ate": {
      "matches": 1062,
      "rmse": 2.553510388740155,
      "R": [
        [
          0.9993882309788573,
          0.034531996881034865,
          0.005541206760160044
        ],
        [
          -0.034549294440862605,
          0.9993983199809815,
          0.003056840334553043
        ],
        [
          -0.005432313925872606,
          -0.0032464150382482543,
          0.9999799751769084
        ]
      ],
      "t": [
        -2.1080178258288385,
        5.364298562737616,
        0.22999817594762462
      ],
      "s": 1.0
    },
    "rpe": {
      "1": {
        "count": 1061.0,
        "rmse": 0.578061614881736,
        "mean": 0.18414383657545288,
        "pstd": 0.5479473314570965,
        "mean_dt": 1.0
      },
      "10": {
        "count": 1052.0,
        "rmse": 0.8782440134906316,
        "mean": 0.6747988580940228,
        "pstd": 0.5621023468614369,
        "mean_dt": 10.0
      },
      "50": {
        "count": 1012.0,
        "rmse": 2.2956079639015616,
        "mean": 2.0176090548891774,
        "pstd": 1.0950203767772888,
        "mean_dt": 50.0
      }
    }
  },
  "e": {
    "ate": {
      "matches": 528,
      "rmse": 5.508511752141242,
      "R": [
        [
          0.9985056336449107,
          -0.05393578926385371,
          0.00879944406542817
        ],
        [
          0.0538926115202887,
          0.9985338532407008,
          0.005072509812855442
        ],
        [
          -0.009060132609333006,
          -0.004590704604242633,
          0.9999484183838375
        ]
      ],
      "t": [
        2.102602598261086,
        -3.6109944577859245,
        0.827374857397885
      ],
      "s": 1.0
    },
    "rpe": {
      "1": {
        "count": 527.0,
        "rmse": 0.8124001611300317,
        "mean": 0.2287245670482723,
        "pstd": 0.7795377439436023,
        "mean_dt": 1.0
      },
      "10": {
        "count": 518.0,
        "rmse": 1.415338747721236,
        "mean": 1.1411050357194952,
        "pstd": 0.8372950903096991,
        "mean_dt": 10.0
      },
      "50": {
        "count": 478.0,
        "rmse": 4.615441099131426,
        "mean": 4.066147389927989,
        "pstd": 2.1837449354110285,
        "mean_dt": 50.0
      }
    }
  }
}