{
  "a": {
    "ate": {
      "matches": 1347,
      "rmse": 2.773709238572248,
      "R": [
        [
          0.9992582851081641,
          0.03756000530977262,
          -0.008492681780257482
        ],
        [
          -0.03764389552550355,
          0.9992417417016137,
          -0.00994378050796612
        ],
        [
          0.008112753685143645,
          0.01025610268354956,
          0.999914494137068
        ]
      ],
      "t": [
        -3.5129894964973403,
        4.237517500131737,
        -2.4725051137847585
      ],
      "s": 1.0
    },
    "rpe": {
      "1": {
        "count": 1346.0,
        "rmse": 0.15248159698236502,
        "mean": 0.10746330058002475,
        "pstd": 0.10817706063089198,
        "mean_dt": 1.0
      },
      "10": {
        "count": 1337.0,
        "rmse": 0.9009515110922178,
        "mean": 0.792217153647593,
        "pstd": 0.4290752927003123,
        "mean_dt": 10.0
      },
      "50": {
        "count": 1297.0,
        "rmse": 3.0378043373153374,
        "mean": 2.6956827521618916,
        "pstd": 1.4005533518965905,
        "mean_dt": 50.0
      }
    }
  },
  "b": {
    "ate": {
      "matches": 617,
      "rmse": 4.708810719227154,
      "R": [
        [
          0.9998541425568501,
          -0.00291085661108199,
          -0.01682915701084294
        ],
        [
          0.002975840117759615,
          0.9999882084838032,
          0.003837612401976137
        ],
        [
          0.016817787830134406,
          -0.003887133538224327,
          0.999851015004414
        ]
      ],
      "t": [
        -4.065838199494706,
        -1.7478365357731747,
        -6.172945888104799
      ],
      "s": 1.0
    },
    "rpe": {
      "1": {
        "count": 616.0,
        "rmse": 0.32534106277791747,
        "mean": 0.15642106909871636,
        "pstd": 0.2852704966719823,
        "mean_dt": 1.0
      },
      "10": {
        "count": 607.0,
        "rmse": 1.3546283702889366,
        "mean": 1.0618057156563407,
        "pstd": 0.841181694874055,
        "mean_dt": 10.0
      },
      "50": {
        "count": 567.0,
        "rmse": 4.71805677496822,
        "mean": 3.700510486832397,
        "pstd": 2.9268211200322787,
        "mean_dt": 50.0
      }
    }
  },
  "c": {
    "ate": {
      "matches": 1070,
      "rmse": 3.2852108867152725,
      "R": [
        [
          0.9992292125564235,
          0.0388114166324326,
          -0.00588682536297367
        ],
        [
          -0.03887878027510727,
          0.9991743028140969,
          -0.011796314690758317
        ],
        [
          0.005424132943647245,
          0.012016094829319188,
          0.9999130923469611
        ]
      ],
      "t": [
        -3.4439510526504478,
        5.138103136755177,
        -2.1214249308483604
      ],
      "s": 1.0
    },
    "rpe": {
      "1": {
        "count": 1069.0,
        "rmse": 0.8695658407972512,
        "mean": 0.2452490981623694,
        "pstd": 0.8342647249716215,
        "mean_dt": 1.0
      },
      "10": {
        "count": 1060.0,
        "rmse": 1.2990582996537718,
        "mean": 0.9272727908822388,
        "pstd": 0.9097898862862854,
        "mean_dt": 10.0
      },
      "50": {
        "count": 1020.0,
        "rmse": 3.0091096618590787,
        "mean": 2.667781348819027,
        "pstd": 1.3920070517015994,
        "mean_dt": 50.0
      }
    }
  }
}