{
  "ate": {
    "matches": 617,
    "rmse": 4.708810719227154,
    "R": [
      [
        0.9998541425568501,
        -0.00291085661108199,
        -0.01682915701084294
      ],
      [
        0.002975840117759615,
        0.9999882084838032,
        0.003837612401976137
      ],
      [
        0.016817787830134406,
        -0.003887133538224327,
        0.999851015004414
      ]
    ],
    "t": [
      -4.065838199494706,
      -1.7478365357731747,
      -6.172945888104799
    ],
    "s": 1.0
  },
  "rpe": {
    "1": {
      "count": 616.0,
      "rmse": 0.32534106277791747,
      "mean": 0.15642106909871636,
      "pstd": 0.2852704966719823,
      "mean_dt": 1.0
    },
    "10": {
      "count": 607.0,
      "rmse": 1.3546283702889366,
      "mean": 1.0618057156563407,
      "pstd": 0.841181694874055,
      "mean_dt": 10.0
    },
    "50": {
      "count": 567.0,
      "rmse": 4.71805677496822,
      "mean": 3.700510486832397,
      "pstd": 2.9268211200322787,
      "mean_dt": 50.0
    }
  }
}