{
  "stats": {
    "topics": {
      "/c_slam/factor_batch/a": {
        "attempts": 221,
        "drops": 0,
        "published": 221,
        "delivered": 221,
        "delivery_rate": 1.0,
        "bytes_attempted": 2614030,
        "bytes_published": 2614030,
        "bytes_delivered": null,
        "drop_reasons": {},
        "delivery_method": "ack",
        "ack_latency_s": {
          "count": 221,
          "min": 0.0027090939693152905,
          "max": 0.008079141960479319,
          "mean": 0.006726013145428488,
          "median": 0.006741883000358939,
          "p90": 0.006951481977012008,
          "p95": 0.006998340017162263,
          "stdev": 0.00037872387590533305
        }
      },
      "/c_slam/factor_batch/c": {
        "attempts": 182,
        "drops": 0,
        "published": 182,
        "delivered": 182,
        "delivery_rate": 1.0,
        "bytes_attempted": 2149972,
        "bytes_published": 2149972,
        "bytes_delivered": null,
        "drop_reasons": {},
        "delivery_method": "ack",
        "ack_latency_s": {
          "count": 182,
          "min": 0.003618607996031642,
          "max": 0.007849354995414615,
          "mean": 0.0066239105602777515,
          "median": 0.006635755009483546,
          "p90": 0.006872202595695853,
          "p95": 0.006963908832403831,
          "stdev": 0.000392168735813731
        }
      },
      "/c_slam/factor_batch/b": {
        "attempts": 94,
        "drops": 0,
        "published": 94,
        "delivered": 94,
        "delivery_rate": 1.0,
        "bytes_attempted": 1107433,
        "bytes_published": 1107433,
        "bytes_delivered": null,
        "drop_reasons": {},
        "delivery_method": "ack",
        "ack_latency_s": {
          "count": 94,
          "min": 0.004364575957879424,
          "max": 0.007975258980877697,
          "mean": 0.00658177768197307,
          "median": 0.006604887516004965,
          "p90": 0.006789555295836181,
          "p95": 0.006910678805434145,
          "stdev": 0.00036507266404279306
        }
      }
    },
    "generated_by": {
      "component": "ros2_factor_publisher",
      "pid": 513092
    }
  }
}