{
  "loop_closure_correction": {
    "count": 383,
    "min": 0.005158633983228356,
    "max": 0.21862363902619109,
    "mean": 0.05012869994932975,
    "median": 0.04882966395234689,
    "p90": 0.08365554518532009,
    "p95": 0.10216109179891636,
    "p99": 0.16613961839117114,
    "stdev": 0.031186014555996334
  },
  "interface_correction": {
    "count": 3,
    "min": 0.04507729900069535,
    "max": 0.0727269480121322,
    "mean": 0.0603600723358492,
    "median": 0.06327596999472007,
    "p90": 0.07083675240864977,
    "p95": 0.07178185021039098,
    "p99": 0.07253792845178396,
    "stdev": 0.011474685674174817
  },
  "loop_closure_correction_stabilised": {
    "count": 383,
    "min": 0.19964003562927246,
    "max": 12.192962169647217,
    "mean": 6.874109257605928,
    "median": 7.493236303329468,
    "p90": 11.211388444900512,
    "p95": 11.53651704788208,
    "p99": 11.849798398017882,
    "stdev": 3.3595087920474596
  },
  "loop_closure_correction_stabilised_params": {
    "epsilon": 0.001,
    "required": 3
  },
  "interface_correction_stabilised": {
    "count": 3,
    "min": 11.5733163356781,
    "max": 12.195031881332397,
    "mean": 11.872960805892944,
    "median": 11.850534200668335,
    "p90": 12.126132345199586,
    "p95": 12.160582113265992,
    "p99": 12.188141927719116,
    "stdev": 0.2543092204298806
  },
  "interface_correction_stabilised_params": {
    "epsilon": 0.001,
    "required": 3
  },
  "time_to_global_convergence_s": 12.160714149475098,
  "time_to_global_convergence_method": "last_map_broadcast",
  "timeline_start_ts": 1770247261.9421716,
  "timeline_end_ts": 1770247274.1028857,
  "optimization_duration_s": {
    "count": 176,
    "min": 0.0007998369983397424,
    "max": 0.06669813202461228,
    "mean": 0.006586973287498536,
    "median": 0.0032143785210791975,
    "p90": 0.016905806493014097,
    "p95": 0.027564718737266958,
    "p99": 0.05830677802441642,
    "stdev": 0.010313374383541017
  },
  "communication_uplink_messages": 364,
  "communication_uplink_bytes": 4296413,
  "communication_downlink_messages": 176,
  "communication_downlink_bytes": 27511297,
  "communication_uplink_bytes_per_s": 353302.68824594066,
  "communication_downlink_bytes_per_s": 2262309.3234361974,
  "delivery_topics": {},
  "estimation_metrics": {
    "ate": {
      "a": {
        "matches": 596,
        "rmse": 2.2377622391707943,
        "R": [
          [
            0.9999352956255367,
            0.010497269384376421,
            0.0043831378875536925
          ],
          [
            -0.010491402474473596,
            0.9999440397237611,
            -0.0013593730327442904
          ],
          [
            -0.004397162310865306,
            0.0013132998116830302,
            0.9999894700481686
          ]
        ],
        "t": [
          -0.9628038616682488,
          0.9398595236144587,
          0.07394785232192236
        ],
        "s": 1.0
      },
      "c": {
        "matches": 562,
        "rmse": 2.128783502302346,
        "R": [
          [
            0.9999756992007707,
            0.006409241510246047,
            0.002742741546929354
          ],
          [
            -0.006412261423363359,
            0.9999788431568389,
            0.0010936828373656927
          ],
          [
            -0.0027356738417363266,
            -0.0011112434358142714,
            0.9999956406038271
          ]
        ],
        "t": [
          -0.3204570898643908,
          0.8846659636735659,
          0.1929195368872385
        ],
        "s": 1.0
      },
      "b": {
        "matches": 1020,
        "rmse": 2.1243051972148366,
        "R": [
          [
            0.9999578904262374,
            0.008540424612749963,
            0.003358351045234061
          ],
          [
            -0.008535903534254204,
            0.9999626460470044,
            -0.0013582567973973794
          ],
          [
            -0.0033698256873298865,
            0.0013295330412263079,
            0.9999934382868368
          ]
        ],
        "t": [
          -1.1607766168876879,
          0.9736046248400498,
          0.17704843353631627
        ],
        "s": 1.0
      }
    },
    "rpe": {
      "a": {
        "1": {
          "count": 595.0,
          "rmse": 0.13924507353865279,
          "mean": 0.0946413512669436,
          "pstd": 0.10213816688756375,
          "mean_dt": 1.0
        },
        "10": {
          "count": 586.0,
          "rmse": 0.6707189859198638,
          "mean": 0.5979357722318398,
          "pstd": 0.3038696601486957,
          "mean_dt": 10.0
        },
        "50": {
          "count": 546.0,
          "rmse": 2.127383638931735,
          "mean": 1.9479578201061536,
          "pstd": 0.8551148918605682,
          "mean_dt": 50.0
        }
      },
      "c": {
        "1": {
          "count": 561.0,
          "rmse": 1.1109084916378296,
          "mean": 0.4559676358241017,
          "pstd": 1.0130208249952293,
          "mean_dt": 1.0
        },
        "10": {
          "count": 552.0,
          "rmse": 1.3071052734456676,
          "mean": 0.9458370790798164,
          "pstd": 0.9021731628170038,
          "mean_dt": 10.0
        },
        "50": {
          "count": 512.0,
          "rmse": 2.727098694848438,
          "mean": 2.467115893841951,
          "pstd": 1.1620699022849208,
          "mean_dt": 50.0
        }
      },
      "b": {
        "1": {
          "count": 1019.0,
          "rmse": 0.36527786465795564,
          "mean": 0.12694949170955572,
          "pstd": 0.34250802175096745,
          "mean_dt": 1.0
        },
        "10": {
          "count": 1010.0,
          "rmse": 0.7735072099750987,
          "mean": 0.6274152038234774,
          "pstd": 0.452397575031748,
          "mean_dt": 10.0
        },
        "50": {
          "count": 970.0,
          "rmse": 1.9653448441175574,
          "mean": 1.7491263611726484,
          "pstd": 0.8961792950913332,
          "mean_dt": 50.0
        }
      }
    }
  },
  "input_end_team_ts": 1770247274.1029458,
  "input_end_method": "input_end_event",
  "input_end_per_robot_ts": {
    "team": 1770247274.1029458
  },
  "time_from_input_end_to_team_convergence_s": 0.011293172836303711,
  "time_from_input_end_to_team_convergence_method": "stable_window",
  "time_from_input_end_to_team_convergence_per_robot_s": {
    "server": 0.011293172836303711
  },
  "time_from_input_end_to_team_convergence_params": {
    "epsilon": 0.001,
    "required": 3
  },
  "time_from_input_end_to_ddf_stop_team_s": null,
  "time_from_input_end_to_ddf_stop_method": "no_ddf_stop_event",
  "time_from_input_end_to_ddf_stop_per_robot_s": {},
  "stable_team_convergence_s": 0.011293172836303711,
  "stable_team_convergence_method": "stable_window",
  "stable_team_convergence_per_robot_s": {
    "server": 0.011293172836303711
  },
  "stable_team_convergence_params": {
    "epsilon": 0.001,
    "required": 3
  },
  "stable_loop_closure_correction": {
    "count": 383,
    "min": 0.19964003562927246,
    "max": 12.192962169647217,
    "mean": 6.874109257605928,
    "median": 7.493236303329468,
    "p90": 11.211388444900512,
    "p95": 11.53651704788208,
    "p99": 11.849798398017882,
    "stdev": 3.3595087920474596
  },
  "stable_loop_closure_correction_params": {
    "epsilon": 0.001,
    "required": 3
  },
  "stable_interface_correction": {
    "count": 3,
    "min": 11.5733163356781,
    "max": 12.195031881332397,
    "mean": 11.872960805892944,
    "median": 11.850534200668335,
    "p90": 12.126132345199586,
    "p95": 12.160582113265992,
    "p99": 12.188141927719116,
    "stdev": 0.2543092204298806
  },
  "stable_interface_correction_params": {
    "epsilon": 0.001,
    "required": 3
  },
  "event_time_to_global_convergence_s": 12.160714149475098,
  "event_time_to_global_convergence_method": "last_map_broadcast",
  "event_loop_closure_correction": {
    "count": 383,
    "min": 0.005158633983228356,
    "max": 0.21862363902619109,
    "mean": 0.05012869994932975,