{
  "loop_closure_correction": {
    "count": 0
  },
  "interface_correction": {
    "count": 0
  },
  "loop_closure_correction_stabilised": {
    "count": 0
  },
  "loop_closure_correction_stabilised_params": {
    "epsilon": 0.001,
    "required": 3
  },
  "interface_correction_stabilised": {
    "count": 26881,
    "min": 0.10619044303894043,
    "max": 129.40532565116882,
    "mean": 0.8123167646032798,
    "median": 0.5957064628601074,
    "p90": 1.3937644958496094,
    "p95": 1.7478806972503662,
    "p99": 2.110635805130005,
    "stdev": 2.3138628746162473
  },
  "interface_correction_stabilised_params": {
    "epsilon": 0.001,
    "required": 3
  },
  "time_to_global_convergence_s": 0.26961612701416016,
  "time_to_global_convergence_method": "delta_threshold",
  "timeline_start_ts": 1770238268.9401426,
  "timeline_end_ts": 1770238269.2097588,
  "optimization_duration_s": {
    "count": 290,
    "min": 0.0004307699855417013,
    "max": 0.03114955098135397,
    "mean": 0.005852937749948288,
    "median": 0.0023599989945068955,
    "p90": 0.019563214119989427,
    "p95": 0.026794965591398094,
    "p99": 0.030630541903083213,
    "stdev": 0.007517381767915035
  },
  "communication_uplink_messages": 27929,
  "communication_uplink_bytes": 38892555,
  "communication_downlink_messages": 0,
  "communication_downlink_bytes": 0,
  "communication_uplink_bytes_per_s": 144251589.9575895,
  "communication_downlink_bytes_per_s": 0.0,
  "delivery_topics": {
    "/c_slam/factor_batch/a": {
      "attempts": 230.0,
      "drops": 0.0,
      "delivered": 230.0,
      "delivery_rate": 1.0
    },
    "/c_slam/factor_batch/b": {
      "attempts": 93.0,
      "drops": 0.0,
      "delivered": 91.0,
      "delivery_rate": 0.978494623655914
    },
    "/c_slam/factor_batch/c": {
      "attempts": 188.0,
      "drops": 0.0,
      "delivered": 188.0,
      "delivery_rate": 1.0
    },
    "/c_slam/factor_batch/d": {
      "attempts": 87.0,
      "drops": 0.0,
      "delivered": 85.0,
      "delivery_rate": 0.9770114942528736
    },
    "/c_slam/iface/run_d2a4b94a/a": {
      "attempts": 2285.0,
      "drops": 0.0,
      "delivered": 2001.0,
      "delivery_rate": 0.875711159737418
    },
    "/c_slam/iface/run_d2a4b94a/c": {
      "attempts": 17443.0,
      "drops": 0.0,
      "delivered": 3775.0,
      "delivery_rate": 0.21641919394599554
    },
    "/c_slam/iface/run_d2a4b94a/d": {
      "attempts": 12120.0,
      "drops": 0.0,
      "delivered": 12120.0,
      "delivery_rate": 0.0
    },
    "/c_slam/iface/run_d2a4b94a/b": {
      "attempts": 6464.0,
      "drops": 0.0,
      "delivered": 6464.0,
      "delivery_rate": 0.0
    }
  },
  "delivery_rate": {
    "count": 8,
    "min": 0.0,
    "max": 1.0,
    "mean": 0.6309545589490252,
    "median": 0.9263613269951458,
    "p90": 1.0,
    "p95": 1.0,
    "p99": 1.0,
    "stdev": 0.4388737357649377
  },
  "estimation_metrics": {
    "a": {
      "ate": {
        "matches": 1341,
        "rmse": 2.293454879880602,
        "R": [
          [
            0.9996707988384151,
            0.023114155007890994,
            0.011136866167661769
          ],
          [
            -0.023218749777844556,
            0.9996866301333115,
            0.00935581057191577
          ],
          [
            -0.01091712455361175,
            -0.00961131473706419,
            0.9998942139149051
          ]
        ],
        "t": [
          -1.234595485635694,
          3.525256224950283,
          1.2083848110286173
        ],
        "s": 1.0
      },
      "rpe": {
        "1": {
          "count": 1340.0,
          "rmse": 0.19296048924346174,
          "mean": 0.0938116957556481,
          "pstd": 0.16862122093178475,
          "mean_dt": 1.0
        },
        "10": {
          "count": 1331.0,
          "rmse": 0.7638599082956677,
          "mean": 0.6099999957940746,
          "pstd": 0.4597629439533987,
          "mean_dt": 10.0
        },
        "50": {
          "count": 1291.0,
          "rmse": 2.3448885212159474,
          "mean": 2.0564317134348093,
          "pstd": 1.126761192493726,
          "mean_dt": 50.0
        }
      }
    },
    "c": {
      "ate": {
        "matches": 1064,
        "rmse": 3.633334309176563,
        "R": [
          [
            0.9996934811948776,
            0.010658189981650435,
            0.022346065487742203
          ],
          [
            -0.010887270478879505,
            0.9998891653589895,
            0.01015501547134283
          ],
          [
            -0.0222353546854357,
            -0.010395190427238354,
            0.9996987191239141
          ]
        ],
        "t": [
          -1.4507714020278115,
          3.619217042679736,
          2.7931469818196115
        ],
        "s": 1.0
      },
      "rpe": {
        "1": {
          "count": 1063.0,
          "rmse": 1.0467143181739806,
          "mean": 0.24166060341061318,
          "pstd": 1.0184355731363874,
          "mean_dt": 1.0
        },
        "10": {
          "count": 1054.0,
          "rmse": 2.919022101354595,
          "mean": 1.1571797033415658,
          "pstd": 2.679855436841865,
          "mean_dt": 10.0
        },
        "50": {
          "count": 1014.0,
          "rmse": 4.521753189523401,
          "mean": 2.9802410679026243,
          "pstd": 3.400649215098738,
          "mean_dt": 50.0
        }
      }
    },
    "d": {
      "ate": {
        "matches": 524,
        "rmse": 4.889481874254162,
        "R": [
          [
            0.9992587376258484,
            -0.038440715588889084,
            0.0020704259006786097
          ],
          [
            0.03842505508979896,
            0.9992360030989182,
            0.007136193119905876
          ],
          [
            -0.002343164471816258,
            -0.007051347099158483,
            0.9999723936611176
          ]
        ],
        "t": [
          1.5060301970228807,
          -2.17145740713282,
          0.0871276378460415
        ],
        "s": 1.0
      },
      "rpe": {
        "1": {
          "count": 523.0,
          "rmse": 0.5523194859493291,
          "mean": 0.18499770735688637,
          "pstd": 0.5204158556693164,
          "mean_dt": 1.0
        },
        "10": {
          "count": 514.0,
          "rmse": 1.286307020605599,
          "mean": 1.0745674556785367,
          "pstd": 0.707029373120954,
          "mean_dt": 10.0
        },
        "50": {
          "count": 474.0,
          "rmse": 4.400552597143904,
          "mean": 3.842878340914004,
          "pstd": 2.1440963637775217,
          "mean_dt": 50.0
        }
      }
    }
  },
  "input_end_team_ts": 1770238326.7676916,
  "input_end_method": "input_end_event",
  "input_end_per_robot_ts": {
    "d": 1770238268.9401426,
    "b": 1770238271.1434202,
    "a": 1770238326.7585154,
    "c": 1770238326.7676916
  },
  "time_from_input_end_to_team_convergence_s": 29.30189299583435,
  "time_from_input_end_to_team_convergence_method": "censored_end",
  "time_from_input_end_to_team_convergence_per_robot_s": {
    "d": 29.30189299583435,
    "b": 29.30189299583435,
    "c": 0.16386938095092773,
    "a": 3.99383282661438
  },
  "time_from_input_end_to_team_convergence_params": {
    "epsilon": 0.001,
    "required": 3
  },
  "time_from_input_end_to_ddf_stop_team_s": 29.30189299583435,
  "time_from_input_end_to_ddf_stop_method": "censored_end",
  "time_from_input_end_to_ddf_stop_per_robot_s": {
    "a": 29.30189299583435,
    "b": 29.30189299583435,
    "c": 19.629734754562378,
    "d": 0.0
  },
  "stable_team_convergence_s": 29.30189299583435,
  "stable_team_convergence_method": "censored_end",
  "stable_team_convergence_per_robot_s": {
    "d": 29.30189299583435,
    "b": 29.30189299583435,
    "c": 0.16386938095092773,
    "a": 3.99383282661438
  },
  "stable_team_convergence_params": {
    "epsilon": 0.001,
    "required": 3
  },
  "stable_loop_closure_correction": {
    "count": 0
  },
  "stable_loop_closure_correction_params": {
    "epsilon": 0.001,