{
  "ate": {
    "matches": 703,
    "rmse": 1.8161124032400897,
    "R": [
      [
        0.9999879755794926,
        0.004902937484256221,
        -9.950102078101113e-05
      ],
      [
        -0.00490304735775517,
        0.9999873349644033,
        -0.001135798132278605
      ],
      [
        9.393101335974973e-05,
        0.0011362723331812818,
        0.9999993500308633
      ]
    ],
    "t": [
      -0.3839972169707693,
      1.61777083850739,
      -0.49080531715485254
    ],
    "s": 1.0
  },
  "rpe": {
    "1": {
      "count": 702.0,
      "rmse": 0.7816209229744285,
      "mean": 0.3684447609759083,
      "pstd": 0.6893328117395865,
      "mean_dt": 1.0
    },
    "10": {
      "count": 693.0,
      "rmse": 0.9509111783259869,
      "mean": 0.7501271566216542,
      "pstd": 0.5844153642436424,
      "mean_dt": 10.0
    },
    "50": {
      "count": 653.0,
      "rmse": 1.9852115983649905,
      "mean": 1.8096667516187326,
      "pstd": 0.8161931991683006,
      "mean_dt": 50.0
    }
  }
}