{
  "stats": {
    "topics": {
      "/c_slam/factor_batch/d": {
        "attempts": 171,
        "drops": 0,
        "published": 171,
        "delivered": 171,
        "delivery_rate": 1.0,
        "bytes_attempted": 2024106,
        "bytes_published": 2024106,
        "bytes_delivered": null,
        "drop_reasons": {},
        "delivery_method": "ack",
        "ack_latency_s": {
          "count": 171,
          "min": 0.002581466978881508,
          "max": 0.03668148600263521,
          "mean": 0.006500904863272734,
          "median": 0.0065576579654589295,
          "p90": 0.00681123899994418,
          "p95": 0.006919348990777507,
          "stdev": 0.0024654042854192677
        }
      },
      "/c_slam/factor_batch/b": {
        "attempts": 36,
        "drops": 0,
        "published": 36,
        "delivered": 36,
        "delivery_rate": 1.0,
        "bytes_attempted": 420747,
        "bytes_published": 420747,
        "bytes_delivered": null,
        "drop_reasons": {},
        "delivery_method": "ack",
        "ack_latency_s": {
          "count": 36,
          "min": 0.0028616079944185913,
          "max": 0.0386266449932009,
          "mean": 0.0072350518102110885,
          "median": 0.00653631251771003,
          "p90": 0.006800803996156901,
          "p95": 0.00691450500744395,
          "stdev": 0.005361111813580049
        }
      },
      "/c_slam/factor_batch/c": {
        "attempts": 126,
        "drops": 0,
        "published": 126,
        "delivered": 126,
        "delivery_rate": 1.0,
        "bytes_attempted": 1489186,
        "bytes_published": 1489186,
        "bytes_delivered": null,
        "drop_reasons": {},
        "delivery_method": "ack",
        "ack_latency_s": {
          "count": 126,
          "min": 0.0025681310216896236,
          "max": 0.03446832799818367,
          "mean": 0.006618968295654105,
          "median": 0.006588842486962676,
          "p90": 0.006801781011745334,
          "p95": 0.007041886274237186,
          "stdev": 0.0026188491307804853
        }
      },
      "/c_slam/factor_batch/a": {
        "attempts": 243,
        "drops": 0,
        "published": 243,
        "delivered": 243,
        "delivery_rate": 1.0,
        "bytes_attempted": 2877849,
        "bytes_published": 2877849,
        "bytes_delivered": null,
        "drop_reasons": {},
        "delivery_method": "ack",
        "ack_latency_s": {
          "count": 243,
          "min": 0.0027091579977422953,
          "max": 0.03615197102772072,
          "mean": 0.006486646301178223,
          "median": 0.0065682370332069695,
          "p90": 0.006833284627646208,
          "p95": 0.007000440789852291,
          "stdev": 0.002058223984108149
        }
      },
      "/c_slam/factor_batch/e": {
        "attempts": 88,
        "drops": 0,
        "published": 88,
        "delivered": 88,
        "delivery_rate": 1.0,
        "bytes_attempted": 1036264,
        "bytes_published": 1036264,
        "bytes_delivered": null,
        "drop_reasons": {},
        "delivery_method": "ack",
        "ack_latency_s": {
          "count": 88,
          "min": 0.0024963050382211804,
          "max": 0.036214179010130465,
          "mean": 0.006800843003227122,
          "median": 0.0065964069799520075,
          "p90": 0.006861848704284057,
          "p95": 0.007037831487832591,
          "stdev": 0.0032168147426086587
        }
      }
    },
    "generated_by": {
      "component": "ros2_factor_publisher",
      "pid": 477155
    }
  }
}