{
  "stats": {
    "topics": {
      "/c_slam/factor_batch/a": {
        "attempts": 228,
        "drops": 0,
        "published": 228,
        "delivered": 228,
        "delivery_rate": 1.0,
        "bytes_attempted": 2698483,
        "bytes_published": 2698483,
        "bytes_delivered": null,
        "drop_reasons": {},
        "delivery_method": "ack",
        "ack_latency_s": {
          "count": 228,
          "min": 0.005572317983023822,
          "max": 6.706137154949829,
          "mean": 2.305466672736465,
          "median": 2.2180840599758085,
          "p90": 6.059952311683448,
          "p95": 6.470187580937635,
          "stdev": 2.2174610343092658
        }
      },
      "/c_slam/factor_batch/b": {
        "attempts": 89,
        "drops": 0,
        "published": 89,
        "delivered": 89,
        "delivery_rate": 1.0,
        "bytes_attempted": 1046971,
        "bytes_published": 1046971,
        "bytes_delivered": null,
        "drop_reasons": {},
        "delivery_method": "ack",
        "ack_latency_s": {
          "count": 89,
          "min": 0.005731589975766838,
          "max": 6.652172280999366,
          "mean": 0.5487546100990135,
          "median": 0.06567800301127136,
          "p90": 1.6991955198114743,
          "p95": 2.117563253792468,
          "stdev": 0.9484223652206972
        }
      },
      "/c_slam/factor_batch/c": {
        "attempts": 180,
        "drops": 0,
        "published": 180,
        "delivered": 180,
        "delivery_rate": 1.0,
        "bytes_attempted": 2129895,
        "bytes_published": 2129895,
        "bytes_delivered": null,
        "drop_reasons": {},
        "delivery_method": "ack",
        "ack_latency_s": {
          "count": 180,
          "min": 0.007444098999258131,
          "max": 6.65486976900138,
          "mean": 2.4670171308893867,
          "median": 2.3215430400159676,
          "p90": 5.431186590978177,
          "p95": 5.879544989668648,
          "stdev": 1.9881333587986956
        }
      },
      "/c_slam/factor_batch/d": {
        "attempts": 87,
        "drops": 0,
        "published": 87,
        "delivered": 87,
        "delivery_rate": 1.0,
        "bytes_attempted": 1024377,
        "bytes_published": 1024377,
        "bytes_delivered": null,
        "drop_reasons": {},
        "delivery_method": "ack",
        "ack_latency_s": {
          "count": 87,
          "min": 0.005445238959509879,
          "max": 6.862508688995149,
          "mean": 0.7137107346628407,
          "median": 0.2236227149842307,
          "p90": 1.9571956430096185,
          "p95": 2.0845663010026327,
          "stdev": 1.0224789022312841
        }
      }
    },
    "generated_by": {
      "component": "ros2_factor_publisher",
      "pid": 531227
    }
  }
}