{
  "loop_closure_correction": {
    "count": 0
  },
  "interface_correction": {
    "count": 0
  },
  "loop_closure_correction_stabilised": {
    "count": 0
  },
  "loop_closure_correction_stabilised_params": {
    "epsilon": 0.001,
    "required": 3
  },
  "interface_correction_stabilised": {
    "count": 52095,
    "min": 0.11005973815917969,
    "max": 123.07052445411682,
    "mean": 0.8706230261605238,
    "median": 0.6485135555267334,
    "p90": 1.3047203540802002,
    "p95": 1.566292953491211,
    "p99": 1.6683679151535031,
    "stdev": 2.3392014845961335
  },
  "interface_correction_stabilised_params": {
    "epsilon": 0.001,
    "required": 3
  },
  "time_to_global_convergence_s": 0.22863197326660156,
  "time_to_global_convergence_method": "delta_threshold",
  "timeline_start_ts": 1770241626.2893453,
  "timeline_end_ts": 1770241626.5179772,
  "optimization_duration_s": {
    "count": 505,
    "min": 0.0005626280326396227,
    "max": 0.030258494953159243,
    "mean": 0.004279850088958951,
    "median": 0.0018864870071411133,
    "p90": 0.012434178357943894,
    "p95": 0.01839719278505072,
    "p99": 0.028420149562880397,
    "stdev": 0.006002567485412874
  },
  "communication_uplink_messages": 53578,
  "communication_uplink_bytes": 68309090,
  "communication_downlink_messages": 0,
  "communication_downlink_bytes": 0,
  "communication_uplink_bytes_per_s": 298773128.8149563,
  "communication_downlink_bytes_per_s": 0.0,
  "delivery_topics": {
    "/c_slam/factor_batch/d": {
      "attempts": 171.0,
      "drops": 0.0,
      "delivered": 170.0,
      "delivery_rate": 0.9941520467836257
    },
    "/c_slam/factor_batch/b": {
      "attempts": 36.0,
      "drops": 0.0,
      "delivered": 34.0,
      "delivery_rate": 0.9444444444444444
    },
    "/c_slam/factor_batch/c": {
      "attempts": 126.0,
      "drops": 0.0,
      "delivered": 126.0,
      "delivery_rate": 1.0
    },
    "/c_slam/factor_batch/a": {
      "attempts": 243.0,
      "drops": 0.0,
      "delivered": 243.0,
      "delivery_rate": 1.0
    },
    "/c_slam/factor_batch/e": {
      "attempts": 88.0,
      "drops": 0.0,
      "delivered": 87.0,
      "delivery_rate": 0.9886363636363636
    },
    "/c_slam/iface/run_fe90d76e/a": {
      "attempts": 1818.0,
      "drops": 0.0,
      "delivered": 404.0,
      "delivery_rate": 0.2222222222222222
    },
    "/c_slam/iface/run_fe90d76e/e": {
      "attempts": 16362.0,
      "drops": 0.0,
      "delivered": 16362.0,
      "delivery_rate": 0.0
    },
    "/c_slam/iface/run_fe90d76e/b": {
      "attempts": 13433.0,
      "drops": 0.0,
      "delivered": 13433.0,
      "delivery_rate": 0.0
    },
    "/c_slam/iface/run_fe90d76e/c": {
      "attempts": 21210.0,
      "drops": 0.0,
      "delivered": 2626.0,
      "delivery_rate": 0.12380952380952381
    },
    "/c_slam/iface/run_fe90d76e/d": {
      "attempts": 11211.0,
      "drops": 0.0,
      "delivered": 11211.0,
      "delivery_rate": 0.0
    }
  },
  "delivery_rate": {
    "count": 10,
    "min": 0.0,
    "max": 1.0,
    "mean": 0.5273264600896179,
    "median": 0.5833333333333333,
    "p90": 1.0,
    "p95": 1.0,
    "p99": 1.0,
    "stdev": 0.46278450918316494
  },
  "estimation_metrics": {
    "a": {
      "ate": {
        "matches": 1350,
        "rmse": 2.2422322018919028,
        "R": [
          [
            0.9997812397629176,
            0.020259591586012135,
            -0.005198227283428381
          ],
          [
            -0.020279599725254126,
            0.9997870285239179,
            -0.0038256280917911487
          ],
          [
            0.005119614546591158,
            0.003930209165071606,
            0.9999791712844887
          ]
        ],
        "t": [
          -0.536808638230724,
          4.885313387843063,
          -1.9346116782342628
        ],
        "s": 1.0
      },
      "rpe": {
        "1": {
          "count": 1349.0,
          "rmse": 0.18339469884426357,
          "mean": 0.09987931353978408,
          "pstd": 0.15381072228879125,
          "mean_dt": 1.0
        },
        "10": {
          "count": 1340.0,
          "rmse": 0.7459296512739366,
          "mean": 0.6632670701658806,
          "pstd": 0.3413031471920873,
          "mean_dt": 10.0
        },
        "50": {
          "count": 1300.0,
          "rmse": 2.492299947145376,
          "mean": 2.212015552787373,
          "pstd": 1.1482796788098308,
          "mean_dt": 50.0
        }
      }
    },
    "b": {
      "ate": {
        "matches": 187,
        "rmse": 22.256077969614104,
        "R": [
          [
            0.9945519340807955,
            0.09328999198706979,
            0.046512662912389764
          ],
          [
            -0.09140106899103674,
            0.9949610819746723,
            -0.041210313552376254
          ],
          [
            -0.05012279923792037,
            0.03673448993577962,
            0.9980672734068148
          ]
        ],
        "t": [
          22.978692871016925,
          31.896253814269038,
          -1.9537924332004213
        ],
        "s": 1.0
      },
      "rpe": {
        "1": {
          "count": 186.0,
          "rmse": 14.908555766162001,
          "mean": 5.108297057457038,
          "pstd": 14.006082114764933,
          "mean_dt": 1.0
        },
        "10": {
          "count": 177.0,
          "rmse": 24.825120254091654,
          "mean": 15.652967960259701,
          "pstd": 19.268398731217772,
          "mean_dt": 10.0
        },
        "50": {
          "count": 137.0,
          "rmse": 30.40943294770813,
          "mean": 26.877013824906417,
          "pstd": 14.225320385036895,
          "mean_dt": 50.0
        }
      }
    },
    "c": {
      "ate": {
        "matches": 703,
        "rmse": 2.2026005310155057,
        "R": [
          [
            0.9998118411085584,
            0.017420305088788893,
            -0.008533191063627458
          ],
          [
            -0.017465297823191547,
            0.9998338079632402,
            -0.005226837062056344
          ],
          [
            0.008440719818954109,
            0.005374888309497436,
            0.9999499311588546
          ]
        ],
        "t": [
          0.778940753310394,
          5.265049093567086,
          -1.8870592551046106
        ],
        "s": 1.0
      },
      "rpe": {
        "1": {
          "count": 702.0,
          "rmse": 1.0984662667679117,
          "mean": 0.48251019585783106,
          "pstd": 0.9868191577590442,
          "mean_dt": 1.0
        },
        "10": {
          "count": 693.0,
          "rmse": 1.5883777015141087,
          "mean": 1.0964392006127939,
          "pstd": 1.1492453184707003,
          "mean_dt": 10.0
        },
        "50": {
          "count": 653.0,
          "rmse": 2.7138658684502586,
          "mean": 2.4298380406448907,
          "pstd": 1.2086997344974741,
          "mean_dt": 50.0
        }
      }
    },
    "d": {
      "ate": {
        "matches": 1057,
        "rmse": 6.449186344541638,
        "R": [
          [
            0.9919515373042948,
            0.12469383709667076,
            -0.02199078511005194
          ],
          [
            -0.12467111758531293,
            0.9921952032306736,
            0.0024064758617320103
          ],
          [
            0.02211922421054991,
            0.00035450832571793517,
            0.9997552771774555
          ]
        ],
        "t": [
          -4.839434757887176,
          15.326081486805663,
          -4.225946313385393
        ],
        "s": 1.0
      },
      "rpe": {
        "1": {
          "count": 1056.0,
          "rmse": 1.8153678916341824,
          "mean": 0.34638278066390554,
          "pstd": 1.7820155866983538,
          "mean_dt": 1.0
        },
        "10": {
          "count": 1047.0,
          "rmse": 3.8742794039888393,
          "mean": 1.7679578959494282,
          "pstd": 3.4473708501294418,
          "mean_dt": 10.0
        },
        "50": {
          "count": 1007.0,