{
  "stats": {
    "topics": {
      "/c_slam/factor_batch/d": {
        "attempts": 171,
        "drops": 0,
        "published": 171,
        "delivered": 170,
        "delivery_rate": 0.9941520467836257,
        "bytes_attempted": 2024091,
        "bytes_published": 2024091,
        "bytes_delivered": null,
        "drop_reasons": {},
        "delivery_method": "ack",
        "ack_latency_s": {
          "count": 170,
          "min": 0.2831159600173123,
          "max": 0.364030513970647,
          "mean": 0.2989338473892798,
          "median": 0.28680224501295015,
          "p90": 0.3389014609856531,
          "p95": 0.3489745368802687,
          "stdev": 0.023306171321730938
        }
      },
      "/c_slam/factor_batch/b": {
        "attempts": 36,
        "drops": 0,
        "published": 36,
        "delivered": 34,
        "delivery_rate": 0.9444444444444444,
        "bytes_attempted": 420748,
        "bytes_published": 420748,
        "bytes_delivered": null,
        "drop_reasons": {},
        "delivery_method": "ack",
        "ack_latency_s": {
          "count": 34,
          "min": 0.28518254100345075,
          "max": 0.38625022501219064,
          "mean": 0.28937284420552556,
          "median": 0.2865193164907396,
          "p90": 0.2870939435379114,
          "p95": 0.28732730975025333,
          "stdev": 0.016871612735043923
        }
      },
      "/c_slam/factor_batch/c": {
        "attempts": 126,
        "drops": 0,
        "published": 126,
        "delivered": 126,
        "delivery_rate": 1.0,
        "bytes_attempted": 1489177,
        "bytes_published": 1489177,
        "bytes_delivered": null,
        "drop_reasons": {},
        "delivery_method": "ack",
        "ack_latency_s": {
          "count": 126,
          "min": 0.21221194602549076,
          "max": 0.3640971510321833,
          "mean": 0.2898463222164927,
          "median": 0.28646405300241895,
          "p90": 0.2880772160133347,
          "p95": 0.33603028874495067,
          "stdev": 0.017485901845798704
        }
      },
      "/c_slam/factor_batch/a": {
        "attempts": 243,
        "drops": 0,
        "published": 243,
        "delivered": 243,
        "delivery_rate": 1.0,
        "bytes_attempted": 2877842,
        "bytes_published": 2877842,
        "bytes_delivered": null,
        "drop_reasons": {},
        "delivery_method": "ack",
        "ack_latency_s": {
          "count": 243,
          "min": 0.24958083196543157,
          "max": 0.3626662439783104,
          "mean": 0.3072932662103141,
          "median": 0.28701368998736143,
          "p90": 0.34961258263792844,
          "p95": 0.35283573890919795,
          "stdev": 0.027770892083905267
        }
      },
      "/c_slam/factor_batch/e": {
        "attempts": 88,
        "drops": 0,
        "published": 88,
        "delivered": 87,
        "delivery_rate": 0.9886363636363636,
        "bytes_attempted": 1036259,
        "bytes_published": 1036259,
        "bytes_delivered": null,
        "drop_reasons": {},
        "delivery_method": "ack",
        "ack_latency_s": {
          "count": 87,
          "min": 0.28438539197668433,
          "max": 0.36340459098573774,
          "mean": 0.2882469937522446,
          "median": 0.28662548604188487,
          "p90": 0.2873338668141514,
          "p95": 0.28757507317932324,
          "stdev": 0.011519597401688092
        }
      }
    },
    "generated_by": {
      "component": "ros2_factor_publisher",
      "pid": 481578
    }
  }
}