{
  "stats": {
    "topics": {
      "/c_slam/factor_batch/a": {
        "attempts": 96,
        "drops": 0,
        "published": 96,
        "delivered": 96,
        "delivery_rate": 1.0,
        "bytes_attempted": 1131509,
        "bytes_published": 1131509,
        "bytes_delivered": null,
        "drop_reasons": {},
        "delivery_method": "ack",
        "ack_latency_s": {
          "count": 96,
          "min": 0.00513240898726508,
          "max": 0.3025809350074269,
          "mean": 0.07893264588953268,
          "median": 0.040041833533905447,
          "p90": 0.23783662903588265,
          "p95": 0.2691641317360336,
          "stdev": 0.09008516378685492
        }
      },
      "/c_slam/factor_batch/c": {
        "attempts": 97,
        "drops": 0,
        "published": 97,
        "delivered": 97,
        "delivery_rate": 1.0,
        "bytes_attempted": 1140600,
        "bytes_published": 1140600,
        "bytes_delivered": null,
        "drop_reasons": {},
        "delivery_method": "ack",
        "ack_latency_s": {
          "count": 97,
          "min": 0.004579183994792402,
          "max": 0.21922761597670615,
          "mean": 0.04841185399912029,
          "median": 0.02981035498669371,
          "p90": 0.10865564036648724,
          "p95": 0.16076213761698446,
          "stdev": 0.04830009583697874
        }
      },
      "/c_slam/factor_batch/b": {
        "attempts": 171,
        "drops": 0,
        "published": 171,
        "delivered": 171,
        "delivery_rate": 1.0,
        "bytes_attempted": 2024306,
        "bytes_published": 2024306,
        "bytes_delivered": null,
        "drop_reasons": {},
        "delivery_method": "ack",
        "ack_latency_s": {
          "count": 171,
          "min": 0.004174571018666029,
          "max": 0.3029745279927738,
          "mean": 0.06166760749401448,
          "median": 0.04164105700328946,
          "p90": 0.186632996017579,
          "p95": 0.24494575898279436,
          "stdev": 0.07134254214582185
        }
      }
    },
    "generated_by": {
      "component": "ros2_factor_publisher",
      "pid": 525233
    }
  }
}