{
  "ate": {
    "matches": 1341,
    "rmse": 2.04435002873776,
    "R": [
      [
        0.9998991166442956,
        0.0139609220758551,
        -0.0026170954795962363
      ],
      [
        -0.013960578295157924,
        0.9999025351896541,
        0.00014958264387762016
      ],
      [
        0.002618928716516725,
        -0.00011303138712972366,
        0.9999965642122394
      ]
    ],
    "t": [
      -0.6784000349039019,
      3.550578182391959,
      -0.9359733150440395
    ],
    "s": 1.0
  },
  "rpe": {
    "1": {
      "count": 1340.0,
      "rmse": 0.15416161090045521,
      "mean": 0.09134678583872456,
      "pstd": 0.12418360194630175,
      "mean_dt": 1.0
    },
    "10": {
      "count": 1331.0,
      "rmse": 0.6783775177892294,
      "mean": 0.5797795362488837,
      "pstd": 0.35220980393638396,
      "mean_dt": 10.0
    },
    "50": {
      "count": 1291.0,
      "rmse": 2.192309736392748,
      "mean": 1.9495896922788138,
      "pstd": 1.0026574749348067,
      "mean_dt": 50.0
    }
  }
}