{
  "stats": {
    "topics": {
      "/c_slam/factor_batch/a": {
        "attempts": 230,
        "drops": 0,
        "published": 230,
        "delivered": 230,
        "delivery_rate": 1.0,
        "bytes_attempted": 2716269,
        "bytes_published": 2716269,
        "bytes_delivered": null,
        "drop_reasons": {},
        "delivery_method": "ack",
        "ack_latency_s": {
          "count": 230,
          "min": 0.0026431140140630305,
          "max": 0.03774060000432655,
          "mean": 0.006246005156603844,
          "median": 0.006546950520714745,
          "p90": 0.00689823972643353,
          "p95": 0.007174549752380697,
          "stdev": 0.0023564025463643527
        }
      },
      "/c_slam/factor_batch/b": {
        "attempts": 93,
        "drops": 0,
        "published": 93,
        "delivered": 93,
        "delivery_rate": 1.0,
        "bytes_attempted": 1097931,
        "bytes_published": 1097931,
        "bytes_delivered": null,
        "drop_reasons": {},
        "delivery_method": "ack",
        "ack_latency_s": {
          "count": 93,
          "min": 0.003401555004529655,
          "max": 0.03619174798950553,
          "mean": 0.006686053173090782,
          "median": 0.0065389350056648254,
          "p90": 0.006832186598330736,
          "p95": 0.007050818193238228,
          "stdev": 0.0031717648928671826
        }
      },
      "/c_slam/factor_batch/c": {
        "attempts": 188,
        "drops": 0,
        "published": 188,
        "delivered": 188,
        "delivery_rate": 1.0,
        "bytes_attempted": 2217941,
        "bytes_published": 2217941,
        "bytes_delivered": null,
        "drop_reasons": {},
        "delivery_method": "ack",
        "ack_latency_s": {
          "count": 188,
          "min": 0.0026129980105906725,
          "max": 0.03827029297826812,
          "mean": 0.0061403979588191,
          "median": 0.006484647485194728,
          "p90": 0.006755313259782269,
          "p95": 0.007117582531645895,
          "stdev": 0.0026196057230841703
        }
      },
      "/c_slam/factor_batch/d": {
        "attempts": 87,
        "drops": 0,
        "published": 87,
        "delivered": 87,
        "delivery_rate": 1.0,
        "bytes_attempted": 1020838,
        "bytes_published": 1020838,
        "bytes_delivered": null,
        "drop_reasons": {},
        "delivery_method": "ack",
        "ack_latency_s": {
          "count": 87,
          "min": 0.002588742005173117,
          "max": 0.03661883802851662,
          "mean": 0.006506364173041764,
          "median": 0.006525069009512663,
          "p90": 0.00676844681147486,
          "p95": 0.00709560708492063,
          "stdev": 0.0034157521198628226
        }
      }
    },
    "generated_by": {
      "component": "ros2_factor_publisher",
      "pid": 471320
    }
  }
}