{
  "ate": {
    "matches": 1355,
    "rmse": 2.2108302406164864,
    "R": [
      [
        0.9998855141649048,
        0.013066037987444398,
        0.007631331108912506
      ],
      [
        -0.013033899452844357,
        0.9999060398307936,
        -0.004246054045001731
      ],
      [
        -0.007686093171198989,
        0.0041461019295936305,
        0.9999618661781825
      ]
    ],
    "t": [
      -1.1194074899214002,
      1.8344425295847557,
      0.3738104750547473
    ],
    "s": 1.0
  },
  "rpe": {
    "1": {
      "count": 1354.0,
      "rmse": 0.12620504181729475,
      "mean": 0.09844125630969151,
      "pstd": 0.07897487978005877,
      "mean_dt": 1.0
    },
    "10": {
      "count": 1345.0,
      "rmse": 0.7663482855217653,
      "mean": 0.6953140102569659,
      "pstd": 0.3222237139977832,
      "mean_dt": 10.0
    },
    "50": {
      "count": 1305.0,
      "rmse": 2.525032047859565,
      "mean": 2.2829998849624524,
      "pstd": 1.0787485193404889,
      "mean_dt": 50.0
    }
  }
}