{
  "a": {
    "ate": {
      "matches": 1355,
      "rmse": 2.2108302406164864,
      "R": [
        [
          0.9998855141649048,
          0.013066037987444398,
          0.007631331108912506
        ],
        [
          -0.013033899452844357,
          0.9999060398307936,
          -0.004246054045001731
        ],
        [
          -0.007686093171198989,
          0.0041461019295936305,
          0.9999618661781825
        ]
      ],
      "t": [
        -1.1194074899214002,
        1.8344425295847557,
        0.3738104750547473
      ],
      "s": 1.0
    },
    "rpe": {
      "1": {
        "count": 1354.0,
        "rmse": 0.12620504181729475,
        "mean": 0.09844125630969151,
        "pstd": 0.07897487978005877,
        "mean_dt": 1.0
      },
      "10": {
        "count": 1345.0,
        "rmse": 0.7663482855217653,
        "mean": 0.6953140102569659,
        "pstd": 0.3222237139977832,
        "mean_dt": 10.0
      },
      "50": {
        "count": 1305.0,
        "rmse": 2.525032047859565,
        "mean": 2.2829998849624524,
        "pstd": 1.0787485193404889,
        "mean_dt": 50.0
      }
    }
  },
  "b": {
    "ate": {
      "matches": 607,
      "rmse": 1.8809168859669045,
      "R": [
        [
          0.9999815366869342,
          0.0013581058985007238,
          0.005922991947170466
        ],
        [
          -0.0013797292857390371,
          0.999992393472785,
          0.003648197317698665
        ],
        [
          -0.005917992255474956,
          -0.003656302085338181,
          0.9999758041186421
        ]
      ],
      "t": [
        -0.7511709985411699,
        0.44900157509637495,
        0.05604781379022272
      ],
      "s": 1.0
    },
    "rpe": {
      "1": {
        "count": 606.0,
        "rmse": 0.11456469036627388,
        "mean": 0.09137212737303634,
        "pstd": 0.06911007609636842,
        "mean_dt": 1.0
      },
      "10": {
        "count": 597.0,
        "rmse": 0.722875820325621,
        "mean": 0.631140520799016,
        "pstd": 0.3524359439912263,
        "mean_dt": 10.0
      },
      "50": {
        "count": 557.0,
        "rmse": 2.383830945076473,
        "mean": 2.107946030515653,
        "pstd": 1.1131996708306604,
        "mean_dt": 50.0
      }
    }
  },
  "c": {
    "ate": {
      "matches": 1062,
      "rmse": 2.487186765501836,
      "R": [
        [
          0.9999276214370488,
          0.009682234832046568,
          0.007141863615556618
        ],
        [
          -0.00963765749452804,
          0.9999340248229664,
          -0.006249924748503249
        ],
        [
          -0.007201905668937865,
          0.0061806415525320554,
          0.999954965098296
        ]
      ],
      "t": [
        -0.7949450491772865,
        1.2918106023072369,
        0.48867384436181993
      ],
      "s": 1.0
    },
    "rpe": {
      "1": {
        "count": 1061.0,
        "rmse": 0.5404545076421069,
        "mean": 0.1897834097660016,
        "pstd": 0.5060368881892523,
        "mean_dt": 1.0
      },
      "10": {
        "count": 1052.0,
        "rmse": 0.9351487205866622,
        "mean": 0.7466153627729143,
        "pstd": 0.5630884741196014,
        "mean_dt": 10.0
      },
      "50": {
        "count": 1012.0,
        "rmse": 2.4229641449377035,
        "mean": 2.1413210770341653,
        "pstd": 1.1337986120572494,
        "mean_dt": 50.0
      }
    }
  },
  "d": {
    "ate": {
      "matches": 531,
      "rmse": 4.360492827005843,
      "R": [
        [
          0.9994854194660694,
          -0.02789969563330921,
          0.01582729472472826
        ],
        [
          0.027959954072654693,
          0.9996025658686889,
          -0.003598788266638727
        ],
        [
          -0.015720599320310398,
          0.0040394668338487386,
          0.9998682640551747
        ]
      ],
      "t": [
        1.6106908232911792,
        -1.575652514849505,
        0.9955572029467188
      ],
      "s": 1.0
    },
    "rpe": {
      "1": {
        "count": 530.0,
        "rmse": 0.6319499375878789,
        "mean": 0.20605099659983472,
        "pstd": 0.5974141866557396,
        "mean_dt": 1.0
      },
      "10": {
        "count": 521.0,
        "rmse": 1.163593840364872,
        "mean": 0.9970240104833755,
        "pstd": 0.5999114500113466,
        "mean_dt": 10.0
      },
      "50": {
        "count": 481.0,
        "rmse": 3.9524320969846585,
        "mean": 3.5808599367334906,
        "pstd": 1.6730695128330977,
        "mean_dt": 50.0
      }
    }
  }
}