{
  "loop_closure_correction": {
    "count": 0
  },
  "interface_correction": {
    "count": 0
  },
  "loop_closure_correction_stabilised": {
    "count": 0
  },
  "loop_closure_correction_stabilised_params": {
    "epsilon": 0.001,
    "required": 3
  },
  "interface_correction_stabilised": {
    "count": 45901,
    "min": 0.1739959716796875,
    "max": 9.481964826583862,
    "mean": 3.0999602910176423,
    "median": 1.5906941890716553,
    "p90": 7.7316179275512695,
    "p95": 8.409512281417847,
    "p99": 9.174720764160156,
    "stdev": 2.8908580470694063
  },
  "interface_correction_stabilised_params": {
    "epsilon": 0.001,
    "required": 3
  },
  "time_to_global_convergence_s": 0.16727757453918457,
  "time_to_global_convergence_method": "delta_threshold",
  "timeline_start_ts": 1770278925.0941148,
  "timeline_end_ts": 1770278925.2613924,
  "optimization_duration_s": {
    "count": 505,
    "min": 0.0006042509921826422,
    "max": 0.06270165601745248,
    "mean": 0.006642138803640546,
    "median": 0.0031961670028977096,
    "p90": 0.015302888222504411,
    "p95": 0.02807451059343292,
    "p99": 0.04711637899512424,
    "stdev": 0.009160380015524995
  },
  "communication_uplink_messages": 63063,
  "communication_uplink_bytes": 80689586,
  "communication_downlink_messages": 0,
  "communication_downlink_bytes": 0,
  "communication_uplink_bytes_per_s": 482369416.35651565,
  "communication_downlink_bytes_per_s": 0.0,
  "delivery_topics": {
    "/c_slam/factor_batch/d": {
      "attempts": 171.0,
      "drops": 0.0,
      "delivered": 171.0,
      "delivery_rate": 1.0
    },
    "/c_slam/factor_batch/b": {
      "attempts": 36.0,
      "drops": 0.0,
      "delivered": 36.0,
      "delivery_rate": 1.0
    },
    "/c_slam/factor_batch/c": {
      "attempts": 126.0,
      "drops": 0.0,
      "delivered": 126.0,
      "delivery_rate": 1.0
    },
    "/c_slam/factor_batch/a": {
      "attempts": 243.0,
      "drops": 0.0,
      "delivered": 243.0,
      "delivery_rate": 1.0
    },
    "/c_slam/factor_batch/e": {
      "attempts": 88.0,
      "drops": 0.0,
      "delivered": 88.0,
      "delivery_rate": 1.0
    },
    "/c_slam/iface/run_ccc0ca20/a": {
      "attempts": 2323.0,
      "drops": 0.0,
      "delivered": 2318.0,
      "delivery_rate": 0.9978476108480413
    },
    "/c_slam/iface/run_ccc0ca20/e": {
      "attempts": 16362.0,
      "drops": 0.0,
      "delivered": 4532.0,
      "delivery_rate": 0.27698325388094364
    },
    "/c_slam/iface/run_ccc0ca20/b": {
      "attempts": 13534.0,
      "drops": 0.0,
      "delivered": 3726.0,
      "delivery_rate": 0.2753066351411261
    },
    "/c_slam/iface/run_ccc0ca20/c": {
      "attempts": 21614.0,
      "drops": 0.0,
      "delivered": 10440.0,
      "delivery_rate": 0.48302026464328673
    },
    "/c_slam/iface/run_ccc0ca20/d": {
      "attempts": 11413.0,
      "drops": 0.0,
      "delivered": 9428.0,
      "delivery_rate": 0.826075527906773
    }
  },
  "delivery_rate": {
    "count": 10,
    "min": 0.2753066351411261,
    "max": 1.0,
    "mean": 0.785923329242017,
    "median": 0.9989238054240206,
    "p90": 1.0,
    "p95": 1.0,
    "p99": 1.0,
    "stdev": 0.29785363522245506
  },
  "estimation_metrics": {
    "a": {
      "ate": {
        "matches": 1350,
        "rmse": 2.1275686193523993,
        "R": [
          [
            0.9998822170569078,
            0.014821831008468397,
            0.003983131797952445
          ],
          [
            -0.014834768833509052,
            0.9998847142992918,
            0.003238478698384034
          ],
          [
            -0.0039346724158201415,
            -0.0032971861002878064,
            0.9999868233715883
          ]
        ],
        "t": [
          -1.2773621685269063,
          2.239585981133736,
          -0.22603903071904785
        ],
        "s": 1.0
      },
      "rpe": {
        "1": {
          "count": 1349.0,
          "rmse": 0.15091657777326178,
          "mean": 0.09572786449487913,
          "pstd": 0.11667043072708293,
          "mean_dt": 1.0
        },
        "10": {
          "count": 1340.0,
          "rmse": 0.7132918485928804,
          "mean": 0.6374665159110187,
          "pstd": 0.3200339081430517,
          "mean_dt": 10.0
        },
        "50": {
          "count": 1300.0,
          "rmse": 2.3555210733744745,
          "mean": 2.1038553388410146,
          "pstd": 1.0593735131394402,
          "mean_dt": 50.0
        }
      }
    },
    "b": {
      "ate": {
        "matches": 187,
        "rmse": 16.18709326430276,
        "R": [
          [
            0.9996497085795357,
            0.021630925202070713,
            0.01525002333609846
          ],
          [
            -0.02182970334205798,
            0.9996772980495318,
            0.012990912838798836
          ],
          [
            -0.01496409665990053,
            -0.013319265718873874,
            0.9997993163489673
          ]
        ],
        "t": [
          3.6376219111995667,
          4.426965472476134,
          -0.5043389259688444
        ],
        "s": 1.0
      },
      "rpe": {
        "1": {
          "count": 186.0,
          "rmse": 15.954747061528963,
          "mean": 4.354559168570715,
          "pstd": 15.3489989329853,
          "mean_dt": 1.0
        },
        "10": {
          "count": 177.0,
          "rmse": 21.389261488719022,
          "mean": 9.71835584980631,
          "pstd": 19.05397771094881,
          "mean_dt": 10.0
        },
        "50": {
          "count": 137.0,
          "rmse": 20.63220947207009,
          "mean": 10.556984928542692,
          "pstd": 17.726763295026576,
          "mean_dt": 50.0
        }
      }
    },
    "c": {
      "ate": {
        "matches": 703,
        "rmse": 1.8235831215261833,
        "R": [
          [
            0.9999834764675505,
            0.005531578745520905,
            0.001564745491862151
          ],
          [
            -0.0055329445232626725,
            0.9999843148066021,
            0.0008698653187701189
          ],
          [
            -0.0015599092200177089,
            -0.0008785085955218055,
            0.9999983974516523
          ]
        ],
        "t": [
          -0.4683171187947295,
          1.7820695833096423,
          -0.35762707293733476
        ],
        "s": 1.0
      },
      "rpe": {
        "1": {
          "count": 702.0,
          "rmse": 0.8143360671345742,
          "mean": 0.3801270457513842,
          "pstd": 0.7201712708269684,
          "mean_dt": 1.0
        },
        "10": {
          "count": 693.0,
          "rmse": 0.9815112066531105,
          "mean": 0.7648975223979667,
          "pstd": 0.6150577444558325,
          "mean_dt": 10.0
        },
        "50": {
          "count": 653.0,
          "rmse": 1.9983504916414228,
          "mean": 1.8152378716936517,
          "pstd": 0.8356531317554033,
          "mean_dt": 50.0
        }
      }
    },
    "d": {
      "ate": {
        "matches": 1062,
        "rmse": 6.477483533483696,
        "R": [
          [
            0.9917313721977716,
            0.12802088206159618,
            -0.008918472677289893
          ],
          [
            -0.128004703095675,
            0.9917707428295833,
            0.00236424462446376
          ],
          [
            0.009147752954294382,
            -0.001203089118507271,
            0.9999574346903273
          ]
        ],
        "t": [
          -4.932906250392364,
          15.959742149846996,
          -2.4697596236419592
        ],
        "s": 1.0
      },
      "rpe": {
        "1": {
          "count": 1061.0,
          "rmse": 1.8849822966596101,
          "mean": 0.38046988656675856,
          "pstd": 1.846185506425619,
          "mean_dt": 1.0
        },
        "10": {
          "count": 1052.0,
          "rmse": 3.923465093219377,
          "mean": 1.8192917912643325,
          "pstd": 3.4761696903271537,
          "mean_dt": 10.0
        },
        "50": {
          "count": 1012.0,