{
  "a": {
    "ate": {
      "matches": 1350,
      "rmse": 2.1275686193523993,
      "R": [
        [
          0.9998822170569078,
          0.014821831008468397,
          0.003983131797952445
        ],
        [
          -0.014834768833509052,
          0.9998847142992918,
          0.003238478698384034
        ],
        [
          -0.0039346724158201415,
          -0.0032971861002878064,
          0.9999868233715883
        ]
      ],
      "t": [
        -1.2773621685269063,
        2.239585981133736,
        -0.22603903071904785
      ],
      "s": 1.0
    },
    "rpe": {
      "1": {
        "count": 1349.0,
        "rmse": 0.15091657777326178,
        "mean": 0.09572786449487913,
        "pstd": 0.11667043072708293,
        "mean_dt": 1.0
      },
      "10": {
        "count": 1340.0,
        "rmse": 0.7132918485928804,
        "mean": 0.6374665159110187,
        "pstd": 0.3200339081430517,
        "mean_dt": 10.0
      },
      "50": {
        "count": 1300.0,
        "rmse": 2.3555210733744745,
        "mean": 2.1038553388410146,
        "pstd": 1.0593735131394402,
        "mean_dt": 50.0
      }
    }
  },
  "b": {
    "ate": {
      "matches": 187,
      "rmse": 16.18709326430276,
      "R": [
        [
          0.9996497085795357,
          0.021630925202070713,
          0.01525002333609846
        ],
        [
          -0.02182970334205798,
          0.9996772980495318,
          0.012990912838798836
        ],
        [
          -0.01496409665990053,
          -0.013319265718873874,
          0.9997993163489673
        ]
      ],
      "t": [
        3.6376219111995667,
        4.426965472476134,
        -0.5043389259688444
      ],
      "s": 1.0
    },
    "rpe": {
      "1": {
        "count": 186.0,
        "rmse": 15.954747061528963,
        "mean": 4.354559168570715,
        "pstd": 15.3489989329853,
        "mean_dt": 1.0
      },
      "10": {
        "count": 177.0,
        "rmse": 21.389261488719022,
        "mean": 9.71835584980631,
        "pstd": 19.05397771094881,
        "mean_dt": 10.0
      },
      "50": {
        "count": 137.0,
        "rmse": 20.63220947207009,
        "mean": 10.556984928542692,
        "pstd": 17.726763295026576,
        "mean_dt": 50.0
      }
    }
  },
  "c": {
    "ate": {
      "matches": 703,
      "rmse": 1.8235831215261833,
      "R": [
        [
          0.9999834764675505,
          0.005531578745520905,
          0.001564745491862151
        ],
        [
          -0.0055329445232626725,
          0.9999843148066021,
          0.0008698653187701189
        ],
        [
          -0.0015599092200177089,
          -0.0008785085955218055,
          0.9999983974516523
        ]
      ],
      "t": [
        -0.4683171187947295,
        1.7820695833096423,
        -0.35762707293733476
      ],
      "s": 1.0
    },
    "rpe": {
      "1": {
        "count": 702.0,
        "rmse": 0.8143360671345742,
        "mean": 0.3801270457513842,
        "pstd": 0.7201712708269684,
        "mean_dt": 1.0
      },
      "10": {
        "count": 693.0,
        "rmse": 0.9815112066531105,
        "mean": 0.7648975223979667,
        "pstd": 0.6150577444558325,
        "mean_dt": 10.0
      },
      "50": {
        "count": 653.0,
        "rmse": 1.9983504916414228,
        "mean": 1.8152378716936517,
        "pstd": 0.8356531317554033,
        "mean_dt": 50.0
      }
    }
  },
  "d": {
    "ate": {
      "matches": 1062,
      "rmse": 6.477483533483696,
      "R": [
        [
          0.9917313721977716,
          0.12802088206159618,
          -0.008918472677289893
        ],
        [
          -0.128004703095675,
          0.9917707428295833,
          0.00236424462446376
        ],
        [
          0.009147752954294382,
          -0.001203089118507271,
          0.9999574346903273
        ]
      ],
      "t": [
        -4.932906250392364,
        15.959742149846996,
        -2.4697596236419592
      ],
      "s": 1.0
    },
    "rpe": {
      "1": {
        "count": 1061.0,
        "rmse": 1.8849822966596101,
        "mean": 0.38046988656675856,
        "pstd": 1.846185506425619,
        "mean_dt": 1.0
      },
      "10": {
        "count": 1052.0,
        "rmse": 3.923465093219377,
        "mean": 1.8192917912643325,
        "pstd": 3.4761696903271537,
        "mean_dt": 10.0
      },
      "50": {
        "count": 1012.0,
        "rmse": 7.0847644462828425,
        "mean": 5.157824472622803,
        "pstd": 4.857029335810806,
        "mean_dt": 50.0
      }
    }
  },
  "e": {
    "ate": {
      "matches": 533,
      "rmse": 5.036880742481791,
      "R": [
        [
          0.9992882736723377,
          -0.03752849683256875,
          0.003815498191054933
        ],
        [
          0.037505587121980384,
          0.9992789508478932,
          0.005908411543616217
        ],
        [
          -0.00403448083321953,
          -0.005761103871747601,
          0.9999752660174077
        ]
      ],
      "t": [
        1.941430238636059,
        -2.2846412830584484,
        0.19845354399768755
      ],
      "s": 1.0
    },
    "rpe": {
      "1": {
        "count": 532.0,
        "rmse": 0.9712500036749425,
        "mean": 0.2840309507580658,
        "pstd": 0.9287911437185677,
        "mean_dt": 1.0
      },
      "10": {
        "count": 523.0,
        "rmse": 1.5536907036682799,
        "mean": 1.2215298964658656,
        "pstd": 0.9601143237684391,
        "mean_dt": 10.0
      },
      "50": {
        "count": 483.0,
        "rmse": 4.587204834254532,
        "mean": 4.1066920860157845,
        "pstd": 2.0439002671518645,
        "mean_dt": 50.0
      }
    }
  }
}