{
  "stats": {
    "topics": {
      "/c_slam/factor_batch/d": {
        "attempts": 171,
        "drops": 0,
        "published": 171,
        "delivered": 171,
        "delivery_rate": 1.0,
        "bytes_attempted": 2024072,
        "bytes_published": 2024072,
        "bytes_delivered": null,
        "drop_reasons": {},
        "delivery_method": "ack",
        "ack_latency_s": {
          "count": 171,
          "min": 0.0026041220407932997,
          "max": 0.007628784980624914,
          "mean": 0.005833831269904013,
          "median": 0.0064693060121499,
          "p90": 0.0069400739739649,
          "p95": 0.007233281503431499,
          "stdev": 0.001328023480200109
        }
      },
      "/c_slam/factor_batch/b": {
        "attempts": 36,
        "drops": 0,
        "published": 36,
        "delivered": 36,
        "delivery_rate": 1.0,
        "bytes_attempted": 420755,
        "bytes_published": 420755,
        "bytes_delivered": null,
        "drop_reasons": {},
        "delivery_method": "ack",
        "ack_latency_s": {
          "count": 36,
          "min": 0.0028275870135985315,
          "max": 0.007977992005180568,
          "mean": 0.0059746498057696345,
          "median": 0.00635003499337472,
          "p90": 0.006763091485481709,
          "p95": 0.007024493985227309,
          "stdev": 0.0010448266924523943
        }
      },
      "/c_slam/factor_batch/c": {
        "attempts": 126,
        "drops": 0,
        "published": 126,
        "delivered": 126,
        "delivery_rate": 1.0,
        "bytes_attempted": 1489180,
        "bytes_published": 1489180,
        "bytes_delivered": null,
        "drop_reasons": {},
        "delivery_method": "ack",
        "ack_latency_s": {
          "count": 126,
          "min": 0.002518839028198272,
          "max": 0.007830937975086272,
          "mean": 0.0058552209677780786,
          "median": 0.00646042000153102,
          "p90": 0.007220106519525871,
          "p95": 0.007324029225856066,
          "stdev": 0.0014389233728891778
        }
      },
      "/c_slam/factor_batch/a": {
        "attempts": 243,
        "drops": 0,
        "published": 243,
        "delivered": 243,
        "delivery_rate": 1.0,
        "bytes_attempted": 2877845,
        "bytes_published": 2877845,
        "bytes_delivered": null,
        "drop_reasons": {},
        "delivery_method": "ack",
        "ack_latency_s": {
          "count": 243,
          "min": 0.0025458309683017433,
          "max": 0.007848531007766724,
          "mean": 0.005871318351120952,
          "median": 0.006442335026804358,
          "p90": 0.0068594872020185,
          "p95": 0.007240497920429334,
          "stdev": 0.0012840218994145689
        }
      },
      "/c_slam/factor_batch/e": {
        "attempts": 88,
        "drops": 0,
        "published": 88,
        "delivered": 88,
        "delivery_rate": 1.0,
        "bytes_attempted": 1036268,
        "bytes_published": 1036268,
        "bytes_delivered": null,
        "drop_reasons": {},
        "delivery_method": "ack",
        "ack_latency_s": {
          "count": 88,
          "min": 0.002582030021585524,
          "max": 0.007329565996769816,
          "mean": 0.005419454717246646,
          "median": 0.0062200065003708005,
          "p90": 0.007062199286883697,
          "p95": 0.007175928103970363,
          "stdev": 0.001530603236572195
        }
      }
    },
    "generated_by": {
      "component": "ros2_factor_publisher",
      "pid": 521757
    }
  }
}