{
  "a": {
    "ate": {
      "matches": 1341,
      "rmse": 2.309732873935372,
      "R": [
        [
          0.9998661929979595,
          0.014107340259736159,
          0.00828124692075543
        ],
        [
          -0.014183095880138899,
          0.9998574428824076,
          0.009161533927582566
        ],
        [
          -0.008150821493646845,
          -0.009277761769277859,
          0.9999237407150263
        ]
      ],
      "t": [
        -1.317589829928906,
        3.802126468972837,
        0.9918444987626582
      ],
      "s": 1.0
    },
    "rpe": {
      "1": {
        "count": 1340.0,
        "rmse": 0.16436054897733668,
        "mean": 0.09652267507625842,
        "pstd": 0.13303294049315206,
        "mean_dt": 1.0
      },
      "10": {
        "count": 1331.0,
        "rmse": 0.7058305809927763,
        "mean": 0.6184100298338547,
        "pstd": 0.3402438009214728,
        "mean_dt": 10.0
      },
      "50": {
        "count": 1291.0,
        "rmse": 2.3185273175692207,
        "mean": 2.079008610945927,
        "pstd": 1.0263002084806436,
        "mean_dt": 50.0
      }
    }
  },
  "b": {
    "ate": {
      "matches": 620,
      "rmse": 2.811220807811967,
      "R": [
        [
          0.9999670762038481,
          0.007917638739521327,
          0.001776937004624206
        ],
        [
          -0.007917312193463465,
          0.9999686394034314,
          -0.00019072828997863944
        ],
        [
          -0.0017783913965171254,
          0.00017665344546554523,
          0.9999984030575254
        ]
      ],
      "t": [
        -1.5070501297906276,
        2.3861617955835186,
        0.287516102074012
      ],
      "s": 1.0
    },
    "rpe": {
      "1": {
        "count": 619.0,
        "rmse": 0.4654503772672967,
        "mean": 0.1610879825454951,
        "pstd": 0.4366860606633684,
        "mean_dt": 1.0
      },
      "10": {
        "count": 610.0,
        "rmse": 1.0911558967446773,
        "mean": 0.8560826499284099,
        "pstd": 0.6765675779197763,
        "mean_dt": 10.0
      },
      "50": {
        "count": 570.0,
        "rmse": 3.1545270972341393,
        "mean": 2.653209671505919,
        "pstd": 1.706317568980612,
        "mean_dt": 50.0
      }
    }
  },
  "c": {
    "ate": {
      "matches": 1064,
      "rmse": 3.633334327271131,
      "R": [
        [
          0.9996934811987227,
          0.010658189232681142,
          0.022346065672919364
        ],
        [
          -0.01088726972528075,
          0.9998891653701213,
          0.010155015183186032
        ],
        [
          -0.02223535488151812,
          -0.010395190124385063,
          0.9996987191227019
        ]
      ],
      "t": [
        -1.4507713884662365,
        3.619216974427175,
        2.793147001224041
      ],
      "s": 1.0
    },
    "rpe": {
      "1": {
        "count": 1063.0,
        "rmse": 1.0467143184684045,
        "mean": 0.24166060433948586,
        "pstd": 1.0184355732185768,
        "mean_dt": 1.0
      },
      "10": {
        "count": 1054.0,
        "rmse": 2.919022096134511,
        "mean": 1.1571797066244558,
        "pstd": 2.6798554297383337,
        "mean_dt": 10.0
      },
      "50": {
        "count": 1014.0,
        "rmse": 4.521753219871709,
        "mean": 2.9802410916027373,
        "pstd": 3.4006492346819077,
        "mean_dt": 50.0
      }
    }
  }
}