{
  "ate": {
    "matches": 1341,
    "rmse": 2.309732873935372,
    "R": [
      [
        0.9998661929979595,
        0.014107340259736159,
        0.00828124692075543
      ],
      [
        -0.014183095880138899,
        0.9998574428824076,
        0.009161533927582566
      ],
      [
        -0.008150821493646845,
        -0.009277761769277859,
        0.9999237407150263
      ]
    ],
    "t": [
      -1.317589829928906,
      3.802126468972837,
      0.9918444987626582
    ],
    "s": 1.0
  },
  "rpe": {
    "1": {
      "count": 1340.0,
      "rmse": 0.16436054897733668,
      "mean": 0.09652267507625842,
      "pstd": 0.13303294049315206,
      "mean_dt": 1.0
    },
    "10": {
      "count": 1331.0,
      "rmse": 0.7058305809927763,
      "mean": 0.6184100298338547,
      "pstd": 0.3402438009214728,
      "mean_dt": 10.0
    },
    "50": {
      "count": 1291.0,
      "rmse": 2.3185273175692207,
      "mean": 2.079008610945927,
      "pstd": 1.0263002084806436,
      "mean_dt": 50.0
    }
  }
}