{
  "loop_closure_correction": {
    "count": 512,
    "min": 0.010434227995574474,
    "max": 0.22368815302615985,
    "mean": 0.07543263329148431,
    "median": 0.07171686048968695,
    "p90": 0.11888796397834085,
    "p95": 0.15682859795342657,
    "p99": 0.2165642335248408,
    "stdev": 0.03894815037977174
  },
  "interface_correction": {
    "count": 5,
    "min": 0.009083279990591109,
    "max": 0.16408064897404984,
    "mean": 0.07602043480146677,
    "median": 0.07181781198596582,
    "p90": 0.1274293566006236,
    "p95": 0.1457550027873367,
    "p99": 0.1604155197367072,
    "stdev": 0.0498876014868488
  },
  "loop_closure_correction_stabilised": {
    "count": 512,
    "min": 0.42921900749206543,
    "max": 23.610682010650635,
    "mean": 15.03487965092063,
    "median": 16.907363653182983,
    "p90": 22.34925916194916,
    "p95": 22.864333581924438,
    "p99": 23.30031705379486,
    "stdev": 6.827827911567514
  },
  "loop_closure_correction_stabilised_params": {
    "epsilon": 0.001,
    "required": 3
  },
  "interface_correction_stabilised": {
    "count": 5,
    "min": 22.348599433898926,
    "max": 24.65773367881775,
    "mean": 23.238916158676147,
    "median": 23.0116286277771,
    "p90": 24.11562180519104,
    "p95": 24.386677742004395,
    "p99": 24.603522491455077,
    "stdev": 0.7738794569620413
  },
  "interface_correction_stabilised_params": {
    "epsilon": 0.001,
    "required": 3
  },
  "time_to_global_convergence_s": 24.448827505111694,
  "time_to_global_convergence_method": "last_map_broadcast",
  "timeline_start_ts": 1770282245.6724136,
  "timeline_end_ts": 1770282270.121241,
  "optimization_duration_s": {
    "count": 304,
    "min": 0.000395134964492172,
    "max": 0.0802090159850195,
    "mean": 0.010918077599183706,
    "median": 0.004975913994712755,
    "p90": 0.03469307891791683,
    "p95": 0.05486003230325877,
    "p99": 0.07451560336281544,
    "stdev": 0.016519207672368884
  },
  "communication_uplink_messages": 637,
  "communication_uplink_bytes": 7521223,
  "communication_downlink_messages": 304,
  "communication_downlink_bytes": 83483954,
  "communication_uplink_bytes_per_s": 307631.2350122918,
  "communication_downlink_bytes_per_s": 3414640.394617918,
  "delivery_topics": {
    "/c_slam/factor_batch/d": {
      "attempts": 176.0,
      "drops": 0.0,
      "delivered": 176.0,
      "delivery_rate": 1.0
    },
    "/c_slam/factor_batch/b": {
      "attempts": 50.0,
      "drops": 0.0,
      "delivered": 50.0,
      "delivery_rate": 1.0
    },
    "/c_slam/factor_batch/c": {
      "attempts": 95.0,
      "drops": 0.0,
      "delivered": 95.0,
      "delivery_rate": 1.0
    },
    "/c_slam/factor_batch/a": {
      "attempts": 233.0,
      "drops": 0.0,
      "delivered": 233.0,
      "delivery_rate": 1.0
    },
    "/c_slam/factor_batch/e": {
      "attempts": 83.0,
      "drops": 0.0,
      "delivered": 83.0,
      "delivery_rate": 1.0
    }
  },
  "delivery_rate": {
    "count": 5,
    "min": 1.0,
    "max": 1.0,
    "mean": 1.0,
    "median": 1.0,
    "p90": 1.0,
    "p95": 1.0,
    "p99": 1.0,
    "stdev": 0.0
  },
  "estimation_metrics": {
    "ate": {
      "d": {
        "matches": 1062,
        "rmse": 2.296171685950303,
        "R": [
          [
            0.9999449170916019,
            0.010464982497457857,
            0.0008043158567863935
          ],
          [
            -0.010457419743878885,
            0.9999057747701284,
            -0.008892915924986387
          ],
          [
            -0.0008973042794462546,
            0.008884015008792018,
            0.9999601337665183
          ]
        ],
        "t": [
          -0.6312028092173421,
          1.4927899631715391,
          0.05512520387911035
        ],
        "s": 1.0
      },
      "e": {
        "matches": 529,
        "rmse": 2.4660602072278306,
        "R": [
          [
            0.9999926615744744,
            0.0038261270765104272,
            0.0001937751121268861
          ],
          [
            -0.0038260258144571413,
            0.999992545391251,
            -0.0005202772287017515
          ],
          [
            -0.00019576431440126042,
            0.0005195320221048766,
            0.9999998458813936
          ]
        ],
        "t": [
          0.4216256370739302,
          0.6234302748665428,
          0.06877282773997795
        ],
        "s": 1.0
      },
      "b": {
        "matches": 265,
        "rmse": 1.3407884776668482,
        "R": [
          [
            0.9999648073652249,
            0.008389510331221,
            -1.2142078153059253e-05
          ],
          [
            -0.008389516248758168,
            0.9999646150431524,
            -0.000620224726030072
          ],
          [
            6.938266759445866e-06,
            0.0006203047648497446,
            0.9999998075869109
          ]
        ],
        "t": [
          -0.8279121963466025,
          1.4338554651273672,
          0.031353721596494744
        ],
        "s": 1.0
      },
      "c": {
        "matches": 624,
        "rmse": 1.5901465495754628,
        "R": [
          [
            0.9999862991816076,
            0.00505168176579927,
            -0.0013718456215756395
          ],
          [
            -0.0050593710414636095,
            0.9999711794360636,
            -0.005660659141210146
          ],
          [
            0.0013432102356451393,
            0.005667522261558408,
            0.9999830373449732
          ]
        ],
        "t": [
          -0.4366170069088895,
          1.1520798839044204,
          -0.44736809708268943
        ],
        "s": 1.0
      },
      "a": {
        "matches": 1357,
        "rmse": 2.0936133737628526,
        "R": [
          [
            0.9999457634746158,
            0.008568691236329347,
            0.005920104700491827
          ],
          [
            -0.00852908519860023,
            0.9999412926680692,
            -0.006683256914560787
          ],
          [
            -0.005977023911894048,
            0.006632401360552362,
            0.9999601424243617
          ]
        ],
        "t": [
          -0.38111047324935043,
          1.3926136046616833,
          0.27945757768102286
        ],
        "s": 1.0
      }
    },
    "rpe": {
      "d": {
        "1": {
          "count": 1061.0,
          "rmse": 0.6587435447505379,
          "mean": 0.21686444961712348,
          "pstd": 0.6220232055500543,
          "mean_dt": 1.0
        },
        "10": {
          "count": 1052.0,
          "rmse": 1.0380040298155246,
          "mean": 0.7357508424793064,
          "pstd": 0.7322042499905743,
          "mean_dt": 10.0
        },
        "50": {
          "count": 1012.0,
          "rmse": 2.3692657316029275,
          "mean": 2.0229335267737176,
          "pstd": 1.2333531745622603,
          "mean_dt": 50.0
        }
      },
      "e": {
        "1": {
          "count": 528.0,
          "rmse": 0.48587426920564164,
          "mean": 0.15437898968002026,
          "pstd": 0.460696139577371,
          "mean_dt": 1.0
        },
        "10": {
          "count": 519.0,
          "rmse": 0.8491171772117909,
          "mean": 0.6462969123476524,
          "pstd": 0.5507270482970769,
          "mean_dt": 10.0
        },
        "50": {
          "count": 479.0,
          "rmse": 2.4568293157030445,
          "mean": 2.138053303786775,
          "pstd": 1.2102637549990278,
          "mean_dt": 50.0
        }
      },
      "b": {
        "1": {
          "count": 264.0,
          "rmse": 0.3951802650705203,
          "mean": 0.15043565382884944,
          "pstd": 0.36542653975634176,
          "mean_dt": 1.0
        },
        "10": {
          "count": 255.0,
          "rmse": 0.7342969540897769,
          "mean": 0.6073908747838036,
          "pstd": 0.4126358467400637,
          "mean_dt": 10.0
        },
        "50": {
          "count": 215.0,
          "rmse": 2.2043127798880042,
          "mean": 2.0734304131137087,