{
  "stats": {
    "topics": {
      "/c_slam/factor_batch/d": {
        "attempts": 176,
        "drops": 0,
        "published": 176,
        "delivered": 176,
        "delivery_rate": 1.0,
        "bytes_attempted": 2081740,
        "bytes_published": 2081740,
        "bytes_delivered": null,
        "drop_reasons": {},
        "delivery_method": "ack",
        "ack_latency_s": {
          "count": 176,
          "min": 0.0025510609848424792,
          "max": 0.00769796798704192,
          "mean": 0.006339137643821728,
          "median": 0.006532955507282168,
          "p90": 0.006721090001519769,
          "p95": 0.006820996262831613,
          "stdev": 0.000741300175279649
        }
      },
      "/c_slam/factor_batch/b": {
        "attempts": 50,
        "drops": 0,
        "published": 50,
        "delivered": 50,
        "delivery_rate": 1.0,
        "bytes_attempted": 583585,
        "bytes_published": 583585,
        "bytes_delivered": null,
        "drop_reasons": {},
        "delivery_method": "ack",
        "ack_latency_s": {
          "count": 50,
          "min": 0.002686715975869447,
          "max": 0.007871274021454155,
          "mean": 0.006166995678795501,
          "median": 0.006468037987360731,
          "p90": 0.006680033926386386,
          "p95": 0.006792464395402931,
          "stdev": 0.0009643193833217986
        }
      },
      "/c_slam/factor_batch/c": {
        "attempts": 95,
        "drops": 0,
        "published": 95,
        "delivered": 95,
        "delivery_rate": 1.0,
        "bytes_attempted": 1118204,
        "bytes_published": 1118204,
        "bytes_delivered": null,
        "drop_reasons": {},
        "delivery_method": "ack",
        "ack_latency_s": {
          "count": 95,
          "min": 0.0025850649690255523,
          "max": 0.007032693014480174,
          "mean": 0.00620180860247561,
          "median": 0.0065121910301968455,
          "p90": 0.006722830596845598,
          "p95": 0.00680669717839919,
          "stdev": 0.0009437075127001097
        }
      },
      "/c_slam/factor_batch/a": {
        "attempts": 233,
        "drops": 0,
        "published": 233,
        "delivered": 233,
        "delivery_rate": 1.0,
        "bytes_attempted": 2756170,
        "bytes_published": 2756170,
        "bytes_delivered": null,
        "drop_reasons": {},
        "delivery_method": "ack",
        "ack_latency_s": {
          "count": 233,
          "min": 0.002575977996457368,
          "max": 0.0076354690245352685,
          "mean": 0.006450714093539064,
          "median": 0.006617599981836975,
          "p90": 0.006821854587178678,
          "p95": 0.006883335381280631,
          "stdev": 0.0006605439501058574
        }
      },
      "/c_slam/factor_batch/e": {
        "attempts": 83,
        "drops": 0,
        "published": 83,
        "delivered": 83,
        "delivery_rate": 1.0,
        "bytes_attempted": 981500,
        "bytes_published": 981500,
        "bytes_delivered": null,
        "drop_reasons": {},
        "delivery_method": "ack",
        "ack_latency_s": {
          "count": 83,
          "min": 0.002670435991603881,
          "max": 0.007001835037954152,
          "mean": 0.006180829755647714,
          "median": 0.006460624048486352,
          "p90": 0.006647456786595285,
          "p95": 0.0067471400718204675,
          "stdev": 0.0008782422112970399
        }
      }
    },
    "generated_by": {
      "component": "ros2_factor_publisher",
      "pid": 532958
    }
  }
}