{
  "loop_closure_correction": {
    "count": 0
  },
  "interface_correction": {
    "count": 0
  },
  "loop_closure_correction_stabilised": {
    "count": 0
  },
  "loop_closure_correction_stabilised_params": {
    "epsilon": 0.001,
    "required": 3
  },
  "interface_correction_stabilised": {
    "count": 18307,
    "min": 0.24423646926879883,
    "max": 8.326633214950562,
    "mean": 3.195149874878638,
    "median": 2.5148913860321045,
    "p90": 7.247314453125001,
    "p95": 7.767842102050782,
    "p99": 8.198919548988341,
    "stdev": 2.5879831533932016
  },
  "interface_correction_stabilised_params": {
    "epsilon": 0.001,
    "required": 3
  },
  "time_to_global_convergence_s": 0.14956068992614746,
  "time_to_global_convergence_method": "delta_threshold",
  "timeline_start_ts": 1770280273.437183,
  "timeline_end_ts": 1770280273.5867436,
  "optimization_duration_s": {
    "count": 303,
    "min": 0.0008590210345573723,
    "max": 0.04732072399929166,
    "mean": 0.005705280425011645,
    "median": 0.003133123042061925,
    "p90": 0.013770777592435482,
    "p95": 0.022295237320940874,
    "p99": 0.02858766869758257,
    "stdev": 0.006615781668800813
  },
  "communication_uplink_messages": 29783,
  "communication_uplink_bytes": 38636514,
  "communication_downlink_messages": 0,
  "communication_downlink_bytes": 0,
  "communication_uplink_bytes_per_s": 258333349.61933228,
  "communication_downlink_bytes_per_s": 0.0,
  "delivery_topics": {
    "/c_slam/factor_batch/a": {
      "attempts": 96.0,
      "drops": 0.0,
      "delivered": 96.0,
      "delivery_rate": 1.0
    },
    "/c_slam/factor_batch/c": {
      "attempts": 97.0,
      "drops": 0.0,
      "delivered": 97.0,
      "delivery_rate": 1.0
    },
    "/c_slam/factor_batch/b": {
      "attempts": 171.0,
      "drops": 0.0,
      "delivered": 171.0,
      "delivery_rate": 1.0
    },
    "/c_slam/iface/run_1e1d3789/c": {
      "attempts": 23432.0,
      "drops": 0.0,
      "delivered": 8188.0,
      "delivery_rate": 0.3494366678047115
    },
    "/c_slam/iface/run_1e1d3789/b": {
      "attempts": 9090.0,
      "drops": 0.0,
      "delivered": 7771.0,
      "delivery_rate": 0.8548954895489549
    },
    "/c_slam/iface/run_1e1d3789/a": {
      "attempts": 1717.0,
      "drops": 0.0,
      "delivered": 1381.0,
      "delivery_rate": 0.8043098427489808
    }
  },
  "delivery_rate": {
    "count": 6,
    "min": 0.3494366678047115,
    "max": 1.0,
    "mean": 0.8347736666837745,
    "median": 0.9274477447744774,
    "p90": 1.0,
    "p95": 1.0,
    "p99": 1.0,
    "stdev": 0.23050096112180557
  },
  "estimation_metrics": {
    "a": {
      "ate": {
        "matches": 596,
        "rmse": 3.083697513279868,
        "R": [
          [
            0.99997252365545,
            -0.0006956131075270899,
            0.007380247729934734
          ],
          [
            0.0006642057531746742,
            0.9999907175213628,
            0.004257194126056726
          ],
          [
            -0.007383140582978221,
            -0.004252175150922029,
            0.9999637034620896
          ]
        ],
        "t": [
          -2.334829571358,
          0.3925888055354676,
          0.824723651976421
        ],
        "s": 1.0
      },
      "rpe": {
        "1": {
          "count": 595.0,
          "rmse": 1.3107684061607792,
          "mean": 0.17883028341820198,
          "pstd": 1.298512050125772,
          "mean_dt": 1.0
        },
        "10": {
          "count": 586.0,
          "rmse": 1.5630254959898593,
          "mean": 0.8011513653632407,
          "pstd": 1.3420898594695387,
          "mean_dt": 10.0
        },
        "50": {
          "count": 546.0,
          "rmse": 3.091402773288319,
          "mean": 2.599339791920591,
          "pstd": 1.673380934764385,
          "mean_dt": 50.0
        }
      }
    },
    "b": {
      "ate": {
        "matches": 1020,
        "rmse": 3.06760607047708,
        "R": [
          [
            0.9998471343489798,
            0.012923045444620654,
            0.011777216588379383
          ],
          [
            -0.012786431427228639,
            0.9998509363183223,
            -0.0116022547262046
          ],
          [
            -0.01192539749820161,
            0.011449892567671642,
            0.9998633330884271
          ]
        ],
        "t": [
          -1.8648173463418658,
          1.6825282834213056,
          0.8620586025999906
        ],
        "s": 1.0
      },
      "rpe": {
        "1": {
          "count": 1019.0,
          "rmse": 0.6261421877365198,
          "mean": 0.17313348580030857,
          "pstd": 0.6017298690925271,
          "mean_dt": 1.0
        },
        "10": {
          "count": 1010.0,
          "rmse": 1.0680117051325952,
          "mean": 0.8535496119363247,
          "pstd": 0.6419517600751494,
          "mean_dt": 10.0
        },
        "50": {
          "count": 970.0,
          "rmse": 2.850112758976099,
          "mean": 2.4951142019483195,
          "pstd": 1.377515102680966,
          "mean_dt": 50.0
        }
      }
    },
    "c": {
      "ate": {
        "matches": 561,
        "rmse": 5.511593461046726,
        "R": [
          [
            0.9987190530564749,
            -0.04739831803424246,
            0.017710237420820226
          ],
          [
            0.04750204794869376,
            0.9988560929441712,
            -0.005482793903131597
          ],
          [
            -0.017430103346137336,
            0.006317043282185941,
            0.999828128460844
          ]
        ],
        "t": [
          1.5296630095029684,
          -3.4004399834816077,
          1.3827483214700287
        ],
        "s": 1.0
      },
      "rpe": {
        "1": {
          "count": 560.0,
          "rmse": 1.9141266842788958,
          "mean": 0.5378041672114656,
          "pstd": 1.8370214046653082,
          "mean_dt": 1.0
        },
        "10": {
          "count": 551.0,
          "rmse": 2.3177772353257993,
          "mean": 1.474122444020121,
          "pstd": 1.7885900404035155,
          "mean_dt": 10.0
        },
        "50": {
          "count": 511.0,
          "rmse": 5.66497057456795,
          "mean": 4.616586142447658,
          "pstd": 3.2831423971678366,
          "mean_dt": 50.0
        }
      }
    }
  },
  "input_end_team_ts": 1770280273.4416327,
  "input_end_method": "input_end_event",
  "input_end_per_robot_ts": {
    "a": 1770280273.437183,
    "c": 1770280273.4378495,
    "b": 1770280273.4416327
  },
  "time_from_input_end_to_team_convergence_s": 25.62328839302063,
  "time_from_input_end_to_team_convergence_method": "censored_end",
  "time_from_input_end_to_team_convergence_per_robot_s": {
    "a": 5.057858228683472,
    "c": 25.62328839302063,
    "b": 14.76942229270935
  },
  "time_from_input_end_to_team_convergence_params": {
    "epsilon": 0.001,
    "required": 3
  },
  "time_from_input_end_to_ddf_stop_team_s": 25.62328839302063,
  "time_from_input_end_to_ddf_stop_method": "ddf_stop_event",
  "time_from_input_end_to_ddf_stop_per_robot_s": {
    "a": 14.217236280441284,
    "b": 25.62328839302063,
    "c": 14.239017486572266
  },
  "stable_team_convergence_s": 25.62328839302063,
  "stable_team_convergence_method": "censored_end",
  "stable_team_convergence_per_robot_s": {
    "a": 5.057858228683472,
    "c": 25.62328839302063,
    "b": 14.76942229270935
  },
  "stable_team_convergence_params": {
    "epsilon": 0.001,
    "required": 3
  },
  "stable_loop_closure_correction": {
    "count": 0
  },
  "stable_loop_closure_correction_params": {
    "epsilon": 0.001,
    "required": 3
  },
  "stable_interface_correction": {
    "count": 18307,
    "min": 0.24423646926879883,
    "max": 8.326633214950562,
    "mean": 3.195149874878638,
    "median": 2.5148913860321045,
    "p90": 7.247314453125001,
    "p95": 7.767842102050782,
    "p99": 8.198919548988341,
    "stdev": 2.5879831533932016
  },
  "stable_interface_correction_params": {
    "epsilon": 0.001,