{
  "loop_closure_correction": {
    "count": 284,
    "min": 0.00463993102312088,
    "max": 0.19969027501065284,
    "mean": 0.05918925775060902,
    "median": 0.05063801401411183,
    "p90": 0.09331978195696139,
    "p95": 0.12961624094750718,
    "p99": 0.1989622526889434,
    "stdev": 0.036461261943629496
  },
  "interface_correction": {
    "count": 3,
    "min": 0.010323536989744753,
    "max": 0.09498130599968135,
    "mean": 0.041680621662332364,
    "median": 0.01973702199757099,
    "p90": 0.07993244919925929,
    "p95": 0.08745687759947032,
    "p99": 0.09347642031963915,
    "stdev": 0.03788469909361326
  },
  "loop_closure_correction_stabilised": {
    "count": 284,
    "min": 0.35871100425720215,
    "max": 16.73551368713379,
    "mean": 9.589486492351748,
    "median": 11.633374214172363,
    "p90": 15.153537917137147,
    "p95": 15.803782439231872,
    "p99": 16.647266180515288,
    "stdev": 4.88279979286084
  },
  "loop_closure_correction_stabilised_params": {
    "epsilon": 0.001,
    "required": 3
  },
  "interface_correction_stabilised": {
    "count": 3,
    "min": 15.579065084457397,
    "max": 16.73745846748352,
    "mean": 16.16223446528117,
    "median": 16.170179843902588,
    "p90": 16.624002742767335,
    "p95": 16.680730605125426,
    "p99": 16.7261128950119,
    "stdev": 0.4729454896290938
  },
  "interface_correction_stabilised_params": {
    "epsilon": 0.001,
    "required": 3
  },
  "time_to_global_convergence_s": 16.577610731124878,
  "time_to_global_convergence_method": "last_map_broadcast",
  "timeline_start_ts": 1770230011.0433116,
  "timeline_end_ts": 1770230027.6209223,
  "optimization_duration_s": {
    "count": 245,
    "min": 0.0007698910194449127,
    "max": 0.060472751036286354,
    "mean": 0.007976584718087498,
    "median": 0.003289304964710027,
    "p90": 0.021888779569417226,
    "p95": 0.042696675600018275,
    "p99": 0.05774053791770711,
    "stdev": 0.012768093230058963
  },
  "communication_uplink_messages": 497,
  "communication_uplink_bytes": 5871439,
  "communication_downlink_messages": 245,
  "communication_downlink_bytes": 51815109,
  "communication_uplink_bytes_per_s": 354178.8436964699,
  "communication_downlink_bytes_per_s": 3125607.775474896,
  "delivery_topics": {},
  "estimation_metrics": {
    "ate": {
      "a": {
        "matches": 1347,
        "rmse": 2.2841124364700947,
        "R": [
          [
            0.9999554351845154,
            -0.0008449539021119839,
            -0.009402855834788141
          ],
          [
            0.0007241002309513171,
            0.9999171878227056,
            -0.012848858921601276
          ],
          [
            0.009412933857307165,
            0.01284147770449267,
            0.9998732385290461
          ]
        ],
        "t": [
          -2.71001229393498,
          -1.2569684904505465,
          -1.7433751769894794
        ],
        "s": 1.0
      },
      "c": {
        "matches": 1071,
        "rmse": 2.3004736477732037,
        "R": [
          [
            0.9999694564766319,
            -0.0018087575923388891,
            -0.007603585325377639
          ],
          [
            0.001725926017487039,
            0.9999392536903005,
            -0.010886234825069861
          ],
          [
            0.007622813995520462,
            0.010872779095362849,
            0.9999118338041275
          ]
        ],
        "t": [
          -2.5976162626726307,
          -1.428149528875636,
          -1.5350784455732835
        ],
        "s": 1.0
      },
      "b": {
        "matches": 617,
        "rmse": 2.2303305166063616,
        "R": [
          [
            0.9999632449336301,
            0.001271545551866281,
            -0.008478912295504924
          ],
          [
            -0.0013763866384463796,
            0.9999225342483888,
            -0.01237057242416889
          ],
          [
            0.008462525723851116,
            0.012381788004550538,
            0.9998875321675849
          ]
        ],
        "t": [
          -2.872581256492367,
          -1.508402691819228,
          -1.9585834288984247
        ],
        "s": 1.0
      }
    },
    "rpe": {
      "a": {
        "1": {
          "count": 1346.0,
          "rmse": 0.16154285554653813,
          "mean": 0.09618615172697073,
          "pstd": 0.12978566328406918,
          "mean_dt": 1.0
        },
        "10": {
          "count": 1337.0,
          "rmse": 0.7527037277505532,
          "mean": 0.660371217949508,
          "pstd": 0.3612101275898306,
          "mean_dt": 10.0
        },
        "50": {
          "count": 1297.0,
          "rmse": 2.3583470675528524,
          "mean": 2.1384324587345334,
          "pstd": 0.9944382889177757,
          "mean_dt": 50.0
        }
      },
      "c": {
        "1": {
          "count": 1070.0,
          "rmse": 0.7785628901131704,
          "mean": 0.2612057123450182,
          "pstd": 0.7334383066759632,
          "mean_dt": 1.0
        },
        "10": {
          "count": 1061.0,
          "rmse": 1.0077636145001456,
          "mean": 0.7452040314939078,
          "pstd": 0.6784235064881126,
          "mean_dt": 10.0
        },
        "50": {
          "count": 1021.0,
          "rmse": 2.17429905670762,
          "mean": 1.940471992580372,
          "pstd": 0.9808898174671841,
          "mean_dt": 50.0
        }
      },
      "b": {
        "1": {
          "count": 616.0,
          "rmse": 0.42682921544602503,
          "mean": 0.137924944988539,
          "pstd": 0.40393054936235995,
          "mean_dt": 1.0
        },
        "10": {
          "count": 607.0,
          "rmse": 0.8047531831972972,
          "mean": 0.6682609884654621,
          "pstd": 0.4483914998763307,
          "mean_dt": 10.0
        },
        "50": {
          "count": 567.0,
          "rmse": 2.334375523996895,
          "mean": 2.161718279162007,
          "pstd": 0.8810693324436114,
          "mean_dt": 50.0
        }
      }
    }
  },
  "input_end_team_ts": 1770230027.6209972,
  "input_end_method": "input_end_event",
  "input_end_per_robot_ts": {
    "team": 1770230027.6209972
  },
  "time_from_input_end_to_team_convergence_s": 0.12738537788391113,
  "time_from_input_end_to_team_convergence_method": "stable_window",
  "time_from_input_end_to_team_convergence_per_robot_s": {
    "server": 0.12738537788391113
  },
  "time_from_input_end_to_team_convergence_params": {
    "epsilon": 0.001,
    "required": 3
  },
  "time_from_input_end_to_ddf_stop_team_s": null,
  "time_from_input_end_to_ddf_stop_method": "no_ddf_stop_event",
  "time_from_input_end_to_ddf_stop_per_robot_s": {},
  "stable_team_convergence_s": 0.12738537788391113,
  "stable_team_convergence_method": "stable_window",
  "stable_team_convergence_per_robot_s": {
    "server": 0.12738537788391113
  },
  "stable_team_convergence_params": {
    "epsilon": 0.001,
    "required": 3
  },
  "stable_loop_closure_correction": {
    "count": 284,
    "min": 0.35871100425720215,
    "max": 16.73551368713379,
    "mean": 9.589486492351748,
    "median": 11.633374214172363,
    "p90": 15.153537917137147,
    "p95": 15.803782439231872,
    "p99": 16.647266180515288,
    "stdev": 4.88279979286084
  },
  "stable_loop_closure_correction_params": {
    "epsilon": 0.001,
    "required": 3
  },
  "stable_interface_correction": {
    "count": 3,
    "min": 15.579065084457397,
    "max": 16.73745846748352,
    "mean": 16.16223446528117,
    "median": 16.170179843902588,
    "p90": 16.624002742767335,
    "p95": 16.680730605125426,
    "p99": 16.7261128950119,
    "stdev": 0.4729454896290938
  },
  "stable_interface_correction_params": {
    "epsilon": 0.001,
    "required": 3
  },
  "event_time_to_global_convergence_s": 16.577610731124878,
  "event_time_to_global_convergence_method": "last_map_broadcast",
  "event_loop_closure_correction": {
    "count": 284,
    "min": 0.00463993102312088,
    "max": 0.19969027501065284,
    "mean": 0.05918925775060902,