{
  "ate": {
    "matches": 1062,
    "rmse": 2.4848437938238073,
    "R": [
      [
        0.9999182853839519,
        0.0110780458718492,
        0.006379612408264215
      ],
      [
        -0.011039560622466964,
        0.9999208413560668,
        -0.006036482671170164
      ],
      [
        -0.006445979838732995,
        0.0059655612843775505,
        0.9999614299674168
      ]
    ],
    "t": [
      -0.9465791536309922,
      1.538725589138096,
      0.3258638399310634
    ],
    "s": 1.0
  },
  "rpe": {
    "1": {
      "count": 1061.0,
      "rmse": 0.5297114598407485,
      "mean": 0.18657885246885206,
      "pstd": 0.49576462408891525,
      "mean_dt": 1.0
    },
    "10": {
      "count": 1052.0,
      "rmse": 0.9301660785442042,
      "mean": 0.7346467672498678,
      "pstd": 0.570528755667601,
      "mean_dt": 10.0
    },
    "50": {
      "count": 1012.0,
      "rmse": 2.430886335306169,
      "mean": 2.1202896318549915,
      "pstd": 1.1889408110694517,
      "mean_dt": 50.0
    }
  }
}