{
  "a": {
    "ate": {
      "matches": 596,
      "rmse": 2.9522563248725455,
      "R": [
        [
          0.9999669073748592,
          -0.0002266663040580363,
          0.008132206191768843
        ],
        [
          0.00018098309401630105,
          0.9999842033065559,
          0.005617862802789204
        ],
        [
          -0.008133351109998835,
          -0.005616205101123671,
          0.9999511522269393
        ]
      ],
      "t": [
        -2.36317901575363,
        0.39157445580129036,
        0.8671326233095993
      ],
      "s": 1.0
    },
    "rpe": {
      "1": {
        "count": 595.0,
        "rmse": 1.3140108271124111,
        "mean": 0.176056694588274,
        "pstd": 1.3021630059479092,
        "mean_dt": 1.0
      },
      "10": {
        "count": 586.0,
        "rmse": 1.537262322988175,
        "mean": 0.7720589604712738,
        "pstd": 1.3293232907141188,
        "mean_dt": 10.0
      },
      "50": {
        "count": 546.0,
        "rmse": 2.8975319603504417,
        "mean": 2.4632814830041103,
        "pstd": 1.5257574501674065,
        "mean_dt": 50.0
      }
    }
  },
  "b": {
    "ate": {
      "matches": 1020,
      "rmse": 3.0762587212659933,
      "R": [
        [
          0.9998244949099515,
          0.012685703284179025,
          0.013785946113579091
        ],
        [
          -0.012550722404334207,
          0.9998728778487007,
          -0.009833997645275705
        ],
        [
          -0.013908944790676725,
          0.009659248145880817,
          0.9998566098096597
        ]
      ],
      "t": [
        -1.9520812857292213,
        1.6407656087199811,
        1.2664409392214582
      ],
      "s": 1.0
    },
    "rpe": {
      "1": {
        "count": 1019.0,
        "rmse": 0.6241909656774763,
        "mean": 0.17362084243254577,
        "pstd": 0.5995583080121516,
        "mean_dt": 1.0
      },
      "10": {
        "count": 1010.0,
        "rmse": 1.067729347012561,
        "mean": 0.8530760046129222,
        "pstd": 0.6421115859611357,
        "mean_dt": 10.0
      },
      "50": {
        "count": 970.0,
        "rmse": 2.8488431021195515,
        "mean": 2.497249583117232,
        "pstd": 1.3710038439460945,
        "mean_dt": 50.0
      }
    }
  },
  "c": {
    "ate": {
      "matches": 561,
      "rmse": 5.511593461046726,
      "R": [
        [
          0.9987190530564749,
          -0.04739831803424246,
          0.017710237420820226
        ],
        [
          0.04750204794869376,
          0.9988560929441712,
          -0.005482793903131597
        ],
        [
          -0.017430103346137336,
          0.006317043282185941,
          0.999828128460844
        ]
      ],
      "t": [
        1.5296630095029684,
        -3.4004399834816077,
        1.3827483214700287
      ],
      "s": 1.0
    },
    "rpe": {
      "1": {
        "count": 560.0,
        "rmse": 1.9141266842788958,
        "mean": 0.5378041672114656,
        "pstd": 1.8370214046653082,
        "mean_dt": 1.0
      },
      "10": {
        "count": 551.0,
        "rmse": 2.3177772353257993,
        "mean": 1.474122444020121,
        "pstd": 1.7885900404035155,
        "mean_dt": 10.0
      },
      "50": {
        "count": 511.0,
        "rmse": 5.66497057456795,
        "mean": 4.616586142447658,
        "pstd": 3.2831423971678366,
        "mean_dt": 50.0
      }
    }
  }
}