{
  "loop_closure_correction": {
    "count": 0
  },
  "interface_correction": {
    "count": 0
  },
  "loop_closure_correction_stabilised": {
    "count": 0
  },
  "loop_closure_correction_stabilised_params": {
    "epsilon": 0.001,
    "required": 3
  },
  "interface_correction_stabilised": {
    "count": 26297,
    "min": 0.07929110527038574,
    "max": 35.78600525856018,
    "mean": 2.0310884627587997,
    "median": 0.9547176361083984,
    "p90": 6.260913133621216,
    "p95": 7.380868482589721,
    "p99": 8.249275302886964,
    "stdev": 2.3272349490333846
  },
  "interface_correction_stabilised_params": {
    "epsilon": 0.001,
    "required": 3
  },
  "time_to_global_convergence_s": 0.1670701503753662,
  "time_to_global_convergence_method": "delta_threshold",
  "timeline_start_ts": 1770250515.4459932,
  "timeline_end_ts": 1770250515.6130633,
  "optimization_duration_s": {
    "count": 404,
    "min": 0.0006309260497801006,
    "max": 0.041002326004672796,
    "mean": 0.005583598684907965,
    "median": 0.002423836529487744,
    "p90": 0.015430560585809869,
    "p95": 0.024270844532293244,
    "p99": 0.030737322987406474,
    "stdev": 0.007271204615536383
  },
  "communication_uplink_messages": 27330,
  "communication_uplink_bytes": 38172758,
  "communication_downlink_messages": 0,
  "communication_downlink_bytes": 0,
  "communication_uplink_bytes_per_s": 228483411.99331567,
  "communication_downlink_bytes_per_s": 0.0,
  "delivery_topics": {
    "/c_slam/factor_batch/a": {
      "attempts": 228.0,
      "drops": 0.0,
      "delivered": 228.0,
      "delivery_rate": 1.0
    },
    "/c_slam/factor_batch/b": {
      "attempts": 89.0,
      "drops": 0.0,
      "delivered": 89.0,
      "delivery_rate": 1.0
    },
    "/c_slam/factor_batch/c": {
      "attempts": 180.0,
      "drops": 0.0,
      "delivered": 180.0,
      "delivery_rate": 1.0
    },
    "/c_slam/factor_batch/d": {
      "attempts": 87.0,
      "drops": 0.0,
      "delivered": 87.0,
      "delivery_rate": 1.0
    },
    "/c_slam/iface/run_0f6562b7/a": {
      "attempts": 2121.0,
      "drops": 0.0,
      "delivered": 2118.0,
      "delivery_rate": 0.9985855728429985
    },
    "/c_slam/iface/run_0f6562b7/c": {
      "attempts": 17170.0,
      "drops": 0.0,
      "delivered": 5989.0,
      "delivery_rate": 0.34880605707629586
    },
    "/c_slam/iface/run_0f6562b7/d": {
      "attempts": 6969.0,
      "drops": 0.0,
      "delivered": 1955.0,
      "delivery_rate": 0.28052805280528054
    },
    "/c_slam/iface/run_0f6562b7/b": {
      "attempts": 8181.0,
      "drops": 0.0,
      "delivered": 1767.0,
      "delivery_rate": 0.21598826549321598
    }
  },
  "delivery_rate": {
    "count": 8,
    "min": 0.21598826549321598,
    "max": 1.0,
    "mean": 0.7304884935272239,
    "median": 0.9992927864214993,
    "p90": 1.0,
    "p95": 1.0,
    "p99": 1.0,
    "stdev": 0.34915580647817496
  },
  "estimation_metrics": {
    "a": {
      "ate": {
        "matches": 1355,
        "rmse": 2.2282365070285755,
        "R": [
          [
            0.9998701826136551,
            0.014305671967827376,
            0.0074138835764392085
          ],
          [
            -0.014281698746617185,
            0.9998926431257167,
            -0.0032764773734107536
          ],
          [
            -0.007459959855586177,
            0.003170169177900542,
            0.999967148973573
          ]
        ],
        "t": [
          -1.1911162488221265,
          2.09389485222561,
          0.3751439357797963
        ],
        "s": 1.0
      },
      "rpe": {
        "1": {
          "count": 1354.0,
          "rmse": 0.12791201213539768,
          "mean": 0.09872964785059457,
          "pstd": 0.08132613038761718,
          "mean_dt": 1.0
        },
        "10": {
          "count": 1345.0,
          "rmse": 0.7689332591166174,
          "mean": 0.6914879232417077,
          "pstd": 0.33630761065811937,
          "mean_dt": 10.0
        },
        "50": {
          "count": 1305.0,
          "rmse": 2.552249913463549,
          "mean": 2.2943043179210543,
          "pstd": 1.1180998692171935,
          "mean_dt": 50.0
        }
      }
    },
    "b": {
      "ate": {
        "matches": 607,
        "rmse": 1.8890626575515976,
        "R": [
          [
            0.9999811200705073,
            0.001554895459237863,
            0.005944897193690582
          ],
          [
            -0.0015767940360607163,
            0.9999919831203978,
            0.0036806813910084113
          ],
          [
            -0.005939126459383753,
            -0.00368998577844324,
            0.9999755550921503
          ]
        ],
        "t": [
          -0.7576948492939835,
          0.4460168396360018,
          -0.005420520555978303
        ],
        "s": 1.0
      },
      "rpe": {
        "1": {
          "count": 606.0,
          "rmse": 0.11398299322679366,
          "mean": 0.0911838522870364,
          "pstd": 0.06839318553068884,
          "mean_dt": 1.0
        },
        "10": {
          "count": 597.0,
          "rmse": 0.7075683392520132,
          "mean": 0.6207399040314047,
          "pstd": 0.3396099619489022,
          "mean_dt": 10.0
        },
        "50": {
          "count": 557.0,
          "rmse": 2.349044376320139,
          "mean": 2.1087173811010596,
          "pstd": 1.035046128712897,
          "mean_dt": 50.0
        }
      }
    },
    "c": {
      "ate": {
        "matches": 1062,
        "rmse": 2.4312531385354217,
        "R": [
          [
            0.9999346598874491,
            0.00907021491745503,
            0.006957525215448689
          ],
          [
            -0.00903185375884671,
            0.9999439463956216,
            -0.005525367356982024
          ],
          [
            -0.0070072514905085235,
            0.005462166978587639,
            0.9999605308003144
          ]
        ],
        "t": [
          -0.7721047028510952,
          1.4215700571982666,
          0.48489328035512536
        ],
        "s": 1.0
      },
      "rpe": {
        "1": {
          "count": 1061.0,
          "rmse": 0.5155389128854814,
          "mean": 0.1829391132767358,
          "pstd": 0.4819892649558343,
          "mean_dt": 1.0
        },
        "10": {
          "count": 1052.0,
          "rmse": 0.9144712548493318,
          "mean": 0.719679548331212,
          "pstd": 0.5641976813666416,
          "mean_dt": 10.0
        },
        "50": {
          "count": 1012.0,
          "rmse": 2.372366504534089,
          "mean": 2.055857782795783,
          "pstd": 1.1838798962535426,
          "mean_dt": 50.0
        }
      }
    },
    "d": {
      "ate": {
        "matches": 531,
        "rmse": 4.360492827005843,
        "R": [
          [
            0.9994854194660694,
            -0.02789969563330921,
            0.01582729472472826
          ],
          [
            0.027959954072654693,
            0.9996025658686889,
            -0.003598788266638727
          ],
          [
            -0.015720599320310398,
            0.0040394668338487386,
            0.9998682640551747
          ]
        ],
        "t": [
          1.6106908232911792,
          -1.575652514849505,
          0.9955572029467188
        ],
        "s": 1.0
      },
      "rpe": {
        "1": {
          "count": 530.0,
          "rmse": 0.6319499375878789,
          "mean": 0.20605099659983472,
          "pstd": 0.5974141866557396,
          "mean_dt": 1.0
        },
        "10": {
          "count": 521.0,
          "rmse": 1.163593840364872,
          "mean": 0.9970240104833755,
          "pstd": 0.5999114500113466,
          "mean_dt": 10.0
        },
        "50": {
          "count": 481.0,
          "rmse": 3.9524320969846585,
          "mean": 3.5808599367334906,
          "pstd": 1.6730695128330977,
          "mean_dt": 50.0
        }
      }
    }
  },
  "input_end_team_ts": 1770250515.454792,
  "input_end_method": "input_end_event",