{
  "ate": {
    "matches": 607,
    "rmse": 1.8890626575515976,
    "R": [
      [
        0.9999811200705073,
        0.001554895459237863,
        0.005944897193690582
      ],
      [
        -0.0015767940360607163,
        0.9999919831203978,
        0.0036806813910084113
      ],
      [
        -0.005939126459383753,
        -0.00368998577844324,
        0.9999755550921503
      ]
    ],
    "t": [
      -0.7576948492939835,
      0.4460168396360018,
      -0.005420520555978303
    ],
    "s": 1.0
  },
  "rpe": {
    "1": {
      "count": 606.0,
      "rmse": 0.11398299322679366,
      "mean": 0.0911838522870364,
      "pstd": 0.06839318553068884,
      "mean_dt": 1.0
    },
    "10": {
      "count": 597.0,
      "rmse": 0.7075683392520132,
      "mean": 0.6207399040314047,
      "pstd": 0.3396099619489022,
      "mean_dt": 10.0
    },
    "50": {
      "count": 557.0,
      "rmse": 2.349044376320139,
      "mean": 2.1087173811010596,
      "pstd": 1.035046128712897,
      "mean_dt": 50.0
    }
  }
}