{
  "ate": {
    "matches": 1355,
    "rmse": 2.2282365070285755,
    "R": [
      [
        0.9998701826136551,
        0.014305671967827376,
        0.0074138835764392085
      ],
      [
        -0.014281698746617185,
        0.9998926431257167,
        -0.0032764773734107536
      ],
      [
        -0.007459959855586177,
        0.003170169177900542,
        0.999967148973573
      ]
    ],
    "t": [
      -1.1911162488221265,
      2.09389485222561,
      0.3751439357797963
    ],
    "s": 1.0
  },
  "rpe": {
    "1": {
      "count": 1354.0,
      "rmse": 0.12791201213539768,
      "mean": 0.09872964785059457,
      "pstd": 0.08132613038761718,
      "mean_dt": 1.0
    },
    "10": {
      "count": 1345.0,
      "rmse": 0.7689332591166174,
      "mean": 0.6914879232417077,
      "pstd": 0.33630761065811937,
      "mean_dt": 10.0
    },
    "50": {
      "count": 1305.0,
      "rmse": 2.552249913463549,
      "mean": 2.2943043179210543,
      "pstd": 1.1180998692171935,
      "mean_dt": 50.0
    }
  }
}