{
  "loop_closure_correction": {
    "count": 512,
    "min": 0.00532991299405694,
    "max": 0.20777626300696284,
    "mean": 0.07148315408744566,
    "median": 0.06279570050537586,
    "p90": 0.11166758055915126,
    "p95": 0.1466158121067565,
    "p99": 0.20181116940628244,
    "stdev": 0.03655194894464408
  },
  "interface_correction": {
    "count": 5,
    "min": 0.023248150013387203,
    "max": 0.1672932410147041,
    "mean": 0.08005911561194808,
    "median": 0.0731507180025801,
    "p90": 0.13013559621758758,
    "p95": 0.14871441861614584,
    "p99": 0.16357747653499244,
    "stdev": 0.047404288549983756
  },
  "loop_closure_correction_stabilised": {
    "count": 512,
    "min": 0.3777167797088623,
    "max": 20.451982498168945,
    "mean": 12.923081905581057,
    "median": 14.32119882106781,
    "p90": 19.202899122238158,
    "p95": 19.689826560020446,
    "p99": 20.14331384181976,
    "stdev": 5.747288229680121
  },
  "loop_closure_correction_stabilised_params": {
    "epsilon": 0.001,
    "required": 3
  },
  "interface_correction_stabilised": {
    "count": 5,
    "min": 19.202040195465088,
    "max": 21.502607345581055,
    "mean": 20.083415079116822,
    "median": 19.853657245635986,
    "p90": 20.95951747894287,
    "p95": 21.231062412261963,
    "p99": 21.448298358917235,
    "stdev": 0.7725342214555461
  },
  "interface_correction_stabilised_params": {
    "epsilon": 0.001,
    "required": 3
  },
  "time_to_global_convergence_s": 21.33265972137451,
  "time_to_global_convergence_method": "last_map_broadcast",
  "timeline_start_ts": 1770256394.5460446,
  "timeline_end_ts": 1770256415.8787043,
  "optimization_duration_s": {
    "count": 279,
    "min": 0.0007464069640263915,
    "max": 0.07386691804276779,
    "mean": 0.009883592806933414,
    "median": 0.0041671330109238625,
    "p90": 0.03072997558629143,
    "p95": 0.050983506883494525,
    "p99": 0.06754484556266101,
    "stdev": 0.015335465252650555
  },
  "communication_uplink_messages": 589,
  "communication_uplink_bytes": 6952458,
  "communication_downlink_messages": 279,
  "communication_downlink_bytes": 71059472,
  "communication_uplink_bytes_per_s": 325906.75943862274,
  "communication_downlink_bytes_per_s": 3331017.9287583684,
  "delivery_topics": {
    "/c_slam/factor_batch/d": {
      "attempts": 176.0,
      "drops": 0.0,
      "delivered": 176.0,
      "delivery_rate": 1.0
    },
    "/c_slam/factor_batch/b": {
      "attempts": 50.0,
      "drops": 0.0,
      "delivered": 50.0,
      "delivery_rate": 1.0
    },
    "/c_slam/factor_batch/c": {
      "attempts": 95.0,
      "drops": 0.0,
      "delivered": 95.0,
      "delivery_rate": 1.0
    },
    "/c_slam/factor_batch/a": {
      "attempts": 233.0,
      "drops": 0.0,
      "delivered": 233.0,
      "delivery_rate": 1.0
    },
    "/c_slam/factor_batch/e": {
      "attempts": 83.0,
      "drops": 48.0,
      "delivered": 35.0,
      "delivery_rate": 0.42168674698795183
    }
  },
  "delivery_rate": {
    "count": 5,
    "min": 0.42168674698795183,
    "max": 1.0,
    "mean": 0.8843373493975903,
    "median": 1.0,
    "p90": 1.0,
    "p95": 1.0,
    "p99": 1.0,
    "stdev": 0.23132530120481926
  },
  "estimation_metrics": {
    "ate": {
      "d": {
        "matches": 1062,
        "rmse": 2.2269039655188156,
        "R": [
          [
            0.999903955115979,
            0.013846606662425764,
            -0.0005933189349413969
          ],
          [
            -0.013851754893003056,
            0.9998561035675145,
            -0.009792907901687818
          ],
          [
            0.0004576350146673216,
            0.00980018585144432,
            0.9999518723055977
          ]
        ],
        "t": [
          -0.9373190794613464,
          1.8747388026840213,
          -0.1857191849415747
        ],
        "s": 1.0
      },
      "e": {
        "matches": 240,
        "rmse": 1.0417065690558327,
        "R": [
          [
            0.9999777924276715,
            0.006472245005342408,
            -0.001588929221731112
          ],
          [
            -0.006473445280878538,
            0.9999787647102812,
            -0.0007514217832695937
          ],
          [
            0.0015840320944750727,
            0.0007616909423880519,
            0.9999984553334229
          ]
        ],
        "t": [
          0.07184519660810906,
          1.6612203243782666,
          -0.20547080402837636
        ],
        "s": 1.0
      },
      "b": {
        "matches": 265,
        "rmse": 1.3157420017911643,
        "R": [
          [
            0.9999457789828384,
            0.01024375301933122,
            -0.001872062628124462
          ],
          [
            -0.010247382102210174,
            0.9999456135660804,
            -0.001939347830064695
          ],
          [
            0.0018520946131243025,
            0.0019584264177223663,
            0.9999963671491565
          ]
        ],
        "t": [
          -0.9110809294349167,
          1.6100227990259182,
          -0.21988453245114936
        ],
        "s": 1.0
      },
      "c": {
        "matches": 624,
        "rmse": 1.6635842203956015,
        "R": [
          [
            0.9999546313800365,
            0.009027740752058614,
            -0.003038927200121139
          ],
          [
            -0.009048811761976945,
            0.9999346072404706,
            -0.006992871265885978
          ],
          [
            0.00297559864738459,
            0.007020052689159298,
            0.9999709319139889
          ]
        ],
        "t": [
          -0.8344602862628534,
          1.358009012912575,
          -0.714010992721867
        ],
        "s": 1.0
      },
      "a": {
        "matches": 1357,
        "rmse": 2.1515252876549837,
        "R": [
          [
            0.9999229261986906,
            0.011368206357019585,
            0.004990545708883402
          ],
          [
            -0.011327557115860809,
            0.9999030390318181,
            -0.008099320015953655
          ],
          [
            -0.00508213656203262,
            0.008042165079015298,
            0.9999547467104735
          ]
        ],
        "t": [
          -0.5663602131270693,
          1.6658553305554378,
          0.05807467824427448
        ],
        "s": 1.0
      }
    },
    "rpe": {
      "d": {
        "1": {
          "count": 1061.0,
          "rmse": 0.7015037237965739,
          "mean": 0.2198308530930479,
          "pstd": 0.6661695508868913,
          "mean_dt": 1.0
        },
        "10": {
          "count": 1052.0,
          "rmse": 1.002706583952764,
          "mean": 0.6888509915258134,
          "pstd": 0.7286321465431823,
          "mean_dt": 10.0
        },
        "50": {
          "count": 1012.0,
          "rmse": 2.24271254391275,
          "mean": 1.8781086991405616,
          "pstd": 1.2257517158201967,
          "mean_dt": 50.0
        }
      },
      "e": {
        "1": {
          "count": 239.0,
          "rmse": 0.574440885577858,
          "mean": 0.21514147071287087,
          "pstd": 0.5326316537748923,
          "mean_dt": 1.0
        },
        "10": {
          "count": 230.0,
          "rmse": 0.793530755166774,
          "mean": 0.5439836034619124,
          "pstd": 0.5777308184268376,
          "mean_dt": 10.0
        },
        "50": {
          "count": 190.0,
          "rmse": 1.4013692367953972,
          "mean": 1.2138178392442336,
          "pstd": 0.7003441946421587,
          "mean_dt": 50.0
        }
      },
      "b": {
        "1": {
          "count": 264.0,
          "rmse": 0.4054829000052871,
          "mean": 0.1557054821800279,
          "pstd": 0.37439575987954604,
          "mean_dt": 1.0
        },
        "10": {
          "count": 255.0,
          "rmse": 0.7355841274615615,
          "mean": 0.6075676463925586,
          "pstd": 0.41466319300173454,
          "mean_dt": 10.0
        },
        "50": {
          "count": 215.0,