{
  "ate": {
    "matches": 620,
    "rmse": 2.717100009117818,
    "R": [
      [
        0.9999762389622008,
        0.006771704140021242,
        0.0012905557142765985
      ],
      [
        -0.006771696196712996,
        0.9999770717470745,
        -1.052453008310028e-05
      ],
      [
        -0.0012905973930927087,
        1.7850287873377724e-06,
        0.9999991671772445
      ]
    ],
    "t": [
      -1.8970639662700393,
      1.6402322575838326,
      -0.16171698881820706
    ],
    "s": 1.0
  },
  "rpe": {
    "1": {
      "count": 619.0,
      "rmse": 0.44580229785886044,
      "mean": 0.1541561508376935,
      "pstd": 0.41830081273546016,
      "mean_dt": 1.0
    },
    "10": {
      "count": 610.0,
      "rmse": 1.022918892786646,
      "mean": 0.7957985330353882,
      "pstd": 0.6427034744254786,
      "mean_dt": 10.0
    },
    "50": {
      "count": 570.0,
      "rmse": 3.0524773907935643,
      "mean": 2.523250865345954,
      "pstd": 1.7177960565319688,
      "mean_dt": 50.0
    }
  }
}