{
  "ate": {
    "matches": 1347,
    "rmse": 2.7160722293710347,
    "R": [
      [
        0.9991730129467631,
        0.03950970113586912,
        -0.00960592083260903
      ],
      [
        -0.03960291138702146,
        0.9991682691418421,
        -0.009714903487343274
      ],
      [
        0.009214098358482763,
        0.010087291819460387,
        0.9999066691122672
      ]
    ],
    "t": [
      -3.5496817518903896,
      4.426506830971427,
      -2.6074568121179382
    ],
    "s": 1.0
  },
  "rpe": {
    "1": {
      "count": 1346.0,
      "rmse": 0.15135724594436234,
      "mean": 0.10642855254052343,
      "pstd": 0.10761960371601097,
      "mean_dt": 1.0
    },
    "10": {
      "count": 1337.0,
      "rmse": 0.8811366845552612,
      "mean": 0.7768812379184641,
      "pstd": 0.4157612283983597,
      "mean_dt": 10.0
    },
    "50": {
      "count": 1297.0,
      "rmse": 2.958790805278327,
      "mean": 2.6367678944542217,
      "pstd": 1.3423479802849299,
      "mean_dt": 50.0
    }
  }
}