{
  "ate": {
    "matches": 617,
    "rmse": 4.703115399715698,
    "R": [
      [
        0.9998306709348421,
        -0.0030097470208400355,
        -0.018154087166627517
      ],
      [
        0.0030376752295299104,
        0.9999942446593719,
        0.001511018640084856
      ],
      [
        0.018149434899821668,
        -0.0015659090016119023,
        0.9998340592027336
      ]
    ],
    "t": [
      -4.002579396289846,
      -1.5864188008351192,
      -6.341002654442557
    ],
    "s": 1.0
  },
  "rpe": {
    "1": {
      "count": 616.0,
      "rmse": 0.3246930469698313,
      "mean": 0.15567658084695765,
      "pstd": 0.284939251291137,
      "mean_dt": 1.0
    },
    "10": {
      "count": 607.0,
      "rmse": 1.351455149323353,
      "mean": 1.0575584408245011,
      "pstd": 0.8414280509190661,
      "mean_dt": 10.0
    },
    "50": {
      "count": 567.0,
      "rmse": 4.710211362925418,
      "mean": 3.6897704943343226,
      "pstd": 2.9277439749014222,
      "mean_dt": 50.0
    }
  }
}