{
  "loop_closure_correction": {
    "count": 0
  },
  "interface_correction": {
    "count": 0
  },
  "loop_closure_correction_stabilised": {
    "count": 0
  },
  "loop_closure_correction_stabilised_params": {
    "epsilon": 0.001,
    "required": 3
  },
  "interface_correction_stabilised": {
    "count": 28760,
    "min": 0.14178919792175293,
    "max": 9.688676357269287,
    "mean": 1.7175438368436524,
    "median": 0.6600024700164795,
    "p90": 6.492933917045593,
    "p95": 7.871653497219086,
    "p99": 8.641318490505219,
    "stdev": 2.352421045073934
  },
  "interface_correction_stabilised_params": {
    "epsilon": 0.001,
    "required": 3
  },
  "time_to_global_convergence_s": 0.1726393699645996,
  "time_to_global_convergence_method": "delta_threshold",
  "timeline_start_ts": 1770277338.4281666,
  "timeline_end_ts": 1770277338.600806,
  "optimization_duration_s": {
    "count": 404,
    "min": 0.0005456960061565042,
    "max": 0.042441291036084294,
    "mean": 0.005869185705012227,
    "median": 0.002497079491149634,
    "p90": 0.01743524052435532,
    "p95": 0.026577888001338573,
    "p99": 0.031879779301816596,
    "stdev": 0.00769662726272609
  },
  "communication_uplink_messages": 37216,
  "communication_uplink_bytes": 49858154,
  "communication_downlink_messages": 0,
  "communication_downlink_bytes": 0,
  "communication_uplink_bytes_per_s": 288799443.6623791,
  "communication_downlink_bytes_per_s": 0.0,
  "delivery_topics": {
    "/c_slam/factor_batch/a": {
      "attempts": 230.0,
      "drops": 0.0,
      "delivered": 230.0,
      "delivery_rate": 1.0
    },
    "/c_slam/factor_batch/b": {
      "attempts": 93.0,
      "drops": 0.0,
      "delivered": 93.0,
      "delivery_rate": 1.0
    },
    "/c_slam/factor_batch/c": {
      "attempts": 188.0,
      "drops": 0.0,
      "delivered": 188.0,
      "delivery_rate": 1.0
    },
    "/c_slam/factor_batch/d": {
      "attempts": 87.0,
      "drops": 0.0,
      "delivered": 87.0,
      "delivery_rate": 1.0
    },
    "/c_slam/iface/run_e0e0e379/a": {
      "attempts": 3232.0,
      "drops": 0.0,
      "delivered": 3232.0,
      "delivery_rate": 1.0
    },
    "/c_slam/iface/run_e0e0e379/c": {
      "attempts": 19291.0,
      "drops": 0.0,
      "delivered": 7807.0,
      "delivery_rate": 0.4046964905914675
    },
    "/c_slam/iface/run_e0e0e379/d": {
      "attempts": 12120.0,
      "drops": 0.0,
      "delivered": 3468.0,
      "delivery_rate": 0.2861386138613861
    },
    "/c_slam/iface/run_e0e0e379/b": {
      "attempts": 6464.0,
      "drops": 0.0,
      "delivered": 1903.0,
      "delivery_rate": 0.2943997524752475
    }
  },
  "delivery_rate": {
    "count": 8,
    "min": 0.2861386138613861,
    "max": 1.0,
    "mean": 0.7481543571160126,
    "median": 1.0,
    "p90": 1.0,
    "p95": 1.0,
    "p99": 1.0,
    "stdev": 0.3268115346655582
  },
  "estimation_metrics": {
    "a": {
      "ate": {
        "matches": 1341,
        "rmse": 2.0937488939155613,
        "R": [
          [
            0.9999237290125934,
            0.01228179483968276,
            -0.0013014119506474893
          ],
          [
            -0.012279857799021528,
            0.9999234953786412,
            0.001486096294300951
          ],
          [
            0.0013195643164175767,
            -0.0014700017945773122,
            0.999998048920466
          ]
        ],
        "t": [
          -0.7693176701798734,
          3.2452246633529995,
          -0.7035491310601785
        ],
        "s": 1.0
      },
      "rpe": {
        "1": {
          "count": 1340.0,
          "rmse": 0.15158799764828224,
          "mean": 0.092382189376181,
          "pstd": 0.12018507443555149,
          "mean_dt": 1.0
        },
        "10": {
          "count": 1331.0,
          "rmse": 0.6853127405628481,
          "mean": 0.5878559127093269,
          "pstd": 0.3522484609908833,
          "mean_dt": 10.0
        },
        "50": {
          "count": 1291.0,
          "rmse": 2.2073145793759665,
          "mean": 1.9860075526836176,
          "pstd": 0.9633336145953435,
          "mean_dt": 50.0
        }
      }
    },
    "b": {
      "ate": {
        "matches": 620,
        "rmse": 2.6488269033799834,
        "R": [
          [
            0.9999830821622355,
            0.005814974876598423,
            0.00014648038037474173
          ],
          [
            -0.005814876343144434,
            0.9999828727794661,
            -0.0006643499382027601
          ],
          [
            -0.00015034104977287637,
            0.0006634869335397225,
            0.9999997685913022
          ]
        ],
        "t": [
          -1.8099075440578503,
          1.430306125146302,
          -0.24119051521679813
        ],
        "s": 1.0
      },
      "rpe": {
        "1": {
          "count": 619.0,
          "rmse": 0.4438833947281545,
          "mean": 0.15296978990718021,
          "pstd": 0.416692586316512,
          "mean_dt": 1.0
        },
        "10": {
          "count": 610.0,
          "rmse": 1.0167180028448624,
          "mean": 0.795487195747469,
          "pstd": 0.6331789784181666,
          "mean_dt": 10.0
        },
        "50": {
          "count": 570.0,
          "rmse": 2.9773249988294364,
          "mean": 2.4983791121541796,
          "pstd": 1.6194338395273826,
          "mean_dt": 50.0
        }
      }
    },
    "c": {
      "ate": {
        "matches": 1064,
        "rmse": 3.3063079459880194,
        "R": [
          [
            0.9998120784761868,
            0.018029558326147645,
            0.00712339523621422
          ],
          [
            -0.01802804308026001,
            0.9998374432896104,
            -0.00027687324067475483
          ],
          [
            -0.007127229182759523,
            0.00014840033403727693,
            0.9999745899679238
          ]
        ],
        "t": [
          -0.42160242037009255,
          3.0089552341601973,
          0.35017913688157876
        ],
        "s": 1.0
      },
      "rpe": {
        "1": {
          "count": 1063.0,
          "rmse": 0.9805561268273842,
          "mean": 0.20992437389667037,
          "pstd": 0.9578215257044561,
          "mean_dt": 1.0
        },
        "10": {
          "count": 1054.0,
          "rmse": 2.8279605472819087,
          "mean": 1.0021015449265,
          "pstd": 2.6444570994135876,
          "mean_dt": 10.0
        },
        "50": {
          "count": 1014.0,
          "rmse": 3.819909471142416,
          "mean": 2.3988658947766774,
          "pstd": 2.972734563764621,
          "mean_dt": 50.0
        }
      }
    },
    "d": {
      "ate": {
        "matches": 529,
        "rmse": 4.887230111931965,
        "R": [
          [
            0.9989979424906182,
            -0.04456847618069849,
            0.004094121449173778
          ],
          [
            0.04453644621960492,
            0.9989787967371236,
            0.007607143207257763
          ],
          [
            -0.004428979299827114,
            -0.007417182792544354,
            0.9999626840746526
          ]
        ],
        "t": [
          1.4002988275711346,
          -2.7895252000637356,
          0.20226637705941908
        ],
        "s": 1.0
      },
      "rpe": {
        "1": {
          "count": 528.0,
          "rmse": 0.7176141724745412,
          "mean": 0.21559855209994486,
          "pstd": 0.6844613684268295,
          "mean_dt": 1.0
        },
        "10": {
          "count": 519.0,
          "rmse": 1.4182575239651272,
          "mean": 1.1050353253023226,
          "pstd": 0.8890170606448916,
          "mean_dt": 10.0
        },
        "50": {
          "count": 479.0,
          "rmse": 4.539825617574905,
          "mean": 3.8889036140241333,
          "pstd": 2.3423162294659106,
          "mean_dt": 50.0
        }
      }
    }
  },
  "input_end_team_ts": 1770277338.434295,
  "input_end_method": "input_end_event",
  "input_end_per_robot_ts": {
    "a": 1770277338.4281666,