{
  "ate": {
    "matches": 620,
    "rmse": 2.6488269033799834,
    "R": [
      [
        0.9999830821622355,
        0.005814974876598423,
        0.00014648038037474173
      ],
      [
        -0.005814876343144434,
        0.9999828727794661,
        -0.0006643499382027601
      ],
      [
        -0.00015034104977287637,
        0.0006634869335397225,
        0.9999997685913022
      ]
    ],
    "t": [
      -1.8099075440578503,
      1.430306125146302,
      -0.24119051521679813
    ],
    "s": 1.0
  },
  "rpe": {
    "1": {
      "count": 619.0,
      "rmse": 0.4438833947281545,
      "mean": 0.15296978990718021,
      "pstd": 0.416692586316512,
      "mean_dt": 1.0
    },
    "10": {
      "count": 610.0,
      "rmse": 1.0167180028448624,
      "mean": 0.795487195747469,
      "pstd": 0.6331789784181666,
      "mean_dt": 10.0
    },
    "50": {
      "count": 570.0,
      "rmse": 2.9773249988294364,
      "mean": 2.4983791121541796,
      "pstd": 1.6194338395273826,
      "mean_dt": 50.0
    }
  }
}