{
  "ate": {
    "matches": 624,
    "rmse": 2.3955567837625518,
    "R": [
      [
        0.9999389225367461,
        0.006654584844721491,
        -0.008824267482106286
      ],
      [
        -0.006718002116587098,
        0.9999516810529289,
        -0.007176629221610886
      ],
      [
        0.008776083614738568,
        0.007235472338925478,
        0.999935312055945
      ]
    ],
    "t": [
      -0.43151151208691374,
      2.240510172481706,
      -1.9574306331693734
    ],
    "s": 1.0
  },
  "rpe": {
    "1": {
      "count": 623.0,
      "rmse": 0.2564868180792064,
      "mean": 0.11825324538259552,
      "pstd": 0.22759977549391303,
      "mean_dt": 1.0
    },
    "10": {
      "count": 614.0,
      "rmse": 0.8202512153168207,
      "mean": 0.6842236358773767,
      "pstd": 0.4523826614001298,
      "mean_dt": 10.0
    },
    "50": {
      "count": 574.0,
      "rmse": 2.569194013013435,
      "mean": 2.3076771888462746,
      "pstd": 1.1293289461368772,
      "mean_dt": 50.0
    }
  }
}