{
  "ate": {
    "matches": 265,
    "rmse": 1.5951611925336768,
    "R": [
      [
        0.9990516333079191,
        0.04352770214097414,
        0.0010831117697913993
      ],
      [
        -0.043523452805647685,
        0.9990456336811365,
        -0.0036784342498635686
      ],
      [
        -0.0012421918747719616,
        0.003627804981346218,
        0.9999926479681557
      ]
    ],
    "t": [
      -2.6970479764353996,
      6.557961451079052,
      -0.25098715897216195
    ],
    "s": 1.0
  },
  "rpe": {
    "1": {
      "count": 264.0,
      "rmse": 0.44510041564576575,
      "mean": 0.18078202069435728,
      "pstd": 0.40673362413463965,
      "mean_dt": 1.0
    },
    "10": {
      "count": 255.0,
      "rmse": 1.023929070777782,
      "mean": 0.8874822843238434,
      "pstd": 0.5106916261259677,
      "mean_dt": 10.0
    },
    "50": {
      "count": 215.0,
      "rmse": 2.8821897832869325,
      "mean": 2.7420648581385403,
      "pstd": 0.8877489851558524,
      "mean_dt": 50.0
    }
  }
}