{
  "a": {
    "ate": {
      "matches": 1357,
      "rmse": 2.318101074566386,
      "R": [
        [
          0.9992010223160177,
          0.03961479608968487,
          -0.005290078770468748
        ],
        [
          -0.03960098423822178,
          0.9992119507181635,
          0.0026906485030356725
        ],
        [
          0.005392499419489593,
          -0.0024790064089180094,
          0.9999823875835191
        ]
      ],
      "t": [
        -1.907850505782335,
        5.961067377999591,
        -1.0111134874317242
      ],
      "s": 1.0
    },
    "rpe": {
      "1": {
        "count": 1356.0,
        "rmse": 0.10811466673372301,
        "mean": 0.09103212930037698,
        "pstd": 0.05832608848520045,
        "mean_dt": 1.0
      },
      "10": {
        "count": 1347.0,
        "rmse": 0.6953149182624316,
        "mean": 0.6329841666997805,
        "pstd": 0.28773925742879874,
        "mean_dt": 10.0
      },
      "50": {
        "count": 1307.0,
        "rmse": 2.4891729544161265,
        "mean": 2.202139515128947,
        "pstd": 1.160415250203282,
        "mean_dt": 50.0
      }
    }
  },
  "b": {
    "ate": {
      "matches": 265,
      "rmse": 1.5951611925336768,
      "R": [
        [
          0.9990516333079191,
          0.04352770214097414,
          0.0010831117697913993
        ],
        [
          -0.043523452805647685,
          0.9990456336811365,
          -0.0036784342498635686
        ],
        [
          -0.0012421918747719616,
          0.003627804981346218,
          0.9999926479681557
        ]
      ],
      "t": [
        -2.6970479764353996,
        6.557961451079052,
        -0.25098715897216195
      ],
      "s": 1.0
    },
    "rpe": {
      "1": {
        "count": 264.0,
        "rmse": 0.44510041564576575,
        "mean": 0.18078202069435728,
        "pstd": 0.40673362413463965,
        "mean_dt": 1.0
      },
      "10": {
        "count": 255.0,
        "rmse": 1.023929070777782,
        "mean": 0.8874822843238434,
        "pstd": 0.5106916261259677,
        "mean_dt": 10.0
      },
      "50": {
        "count": 215.0,
        "rmse": 2.8821897832869325,
        "mean": 2.7420648581385403,
        "pstd": 0.8877489851558524,
        "mean_dt": 50.0
      }
    }
  },
  "c": {
    "ate": {
      "matches": 624,
      "rmse": 2.3955567837625518,
      "R": [
        [
          0.9999389225367461,
          0.006654584844721491,
          -0.008824267482106286
        ],
        [
          -0.006718002116587098,
          0.9999516810529289,
          -0.007176629221610886
        ],
        [
          0.008776083614738568,
          0.007235472338925478,
          0.999935312055945
        ]
      ],
      "t": [
        -0.43151151208691374,
        2.240510172481706,
        -1.9574306331693734
      ],
      "s": 1.0
    },
    "rpe": {
      "1": {
        "count": 623.0,
        "rmse": 0.2564868180792064,
        "mean": 0.11825324538259552,
        "pstd": 0.22759977549391303,
        "mean_dt": 1.0
      },
      "10": {
        "count": 614.0,
        "rmse": 0.8202512153168207,
        "mean": 0.6842236358773767,
        "pstd": 0.4523826614001298,
        "mean_dt": 10.0
      },
      "50": {
        "count": 574.0,
        "rmse": 2.569194013013435,
        "mean": 2.3076771888462746,
        "pstd": 1.1293289461368772,
        "mean_dt": 50.0
      }
    }
  },
  "d": {
    "ate": {
      "matches": 1062,
      "rmse": 2.5754349200293034,
      "R": [
        [
          0.9992837254914645,
          0.03753802439105832,
          0.0047888091125100445
        ],
        [
          -0.03756651531331468,
          0.9992760858045477,
          0.006005103359305215
        ],
        [
          -0.004559922709241765,
          -0.006180700927705493,
          0.9999705025854154
        ]
      ],
      "t": [
        -2.2707495230678347,
        5.773136067014335,
        0.15113142157845783
      ],
      "s": 1.0
    },
    "rpe": {
      "1": {
        "count": 1061.0,
        "rmse": 0.5895399017054279,
        "mean": 0.18690980414931785,
        "pstd": 0.5591261224587069,
        "mean_dt": 1.0
      },
      "10": {
        "count": 1052.0,
        "rmse": 0.9001907154633253,
        "mean": 0.6914617305251943,
        "pstd": 0.5763887571990604,
        "mean_dt": 10.0
      },
      "50": {
        "count": 1012.0,
        "rmse": 2.3079040475106565,
        "mean": 2.027730471982753,
        "pstd": 1.1021480052645702,
        "mean_dt": 50.0
      }
    }
  },
  "e": {
    "ate": {
      "matches": 528,
      "rmse": 5.508511752141242,
      "R": [
        [
          0.9985056336449107,
          -0.05393578926385371,
          0.00879944406542817
        ],
        [
          0.0538926115202887,
          0.9985338532407008,
          0.005072509812855442
        ],
        [
          -0.009060132609333006,
          -0.004590704604242633,
          0.9999484183838375
        ]
      ],
      "t": [
        2.102602598261086,
        -3.6109944577859245,
        0.827374857397885
      ],
      "s": 1.0
    },
    "rpe": {
      "1": {
        "count": 527.0,
        "rmse": 0.8124001611300317,
        "mean": 0.2287245670482723,
        "pstd": 0.7795377439436023,
        "mean_dt": 1.0
      },
      "10": {
        "count": 518.0,
        "rmse": 1.415338747721236,
        "mean": 1.1411050357194952,
        "pstd": 0.8372950903096991,
        "mean_dt": 10.0
      },
      "50": {
        "count": 478.0,
        "rmse": 4.615441099131426,
        "mean": 4.066147389927989,
        "pstd": 2.1837449354110285,
        "mean_dt": 50.0
      }
    }
  }
}