{
  "ate": {
    "matches": 1341,
    "rmse": 2.16335600804579,
    "R": [
      [
        0.9999168868049438,
        0.012820637708411742,
        -0.0013604157668941244
      ],
      [
        -0.01281835815334991,
        0.9999164446920767,
        0.0016713254050229193
      ],
      [
        0.0013817295544464561,
        -0.0016537481992910108,
        0.9999976779674697
      ]
    ],
    "t": [
      -0.8489624284604673,
      3.353873772092591,
      -0.8155898979809626
    ],
    "s": 1.0
  },
  "rpe": {
    "1": {
      "count": 1340.0,
      "rmse": 0.15327880781958228,
      "mean": 0.09262609062251881,
      "pstd": 0.12212616534789485,
      "mean_dt": 1.0
    },
    "10": {
      "count": 1331.0,
      "rmse": 0.6986496977968384,
      "mean": 0.5973215008190048,
      "pstd": 0.3623788416711772,
      "mean_dt": 10.0
    },
    "50": {
      "count": 1291.0,
      "rmse": 2.279146874113134,
      "mean": 2.031892062095497,
      "pstd": 1.0324364976951275,
      "mean_dt": 50.0
    }
  }
}