{
  "ate": {
    "matches": 620,
    "rmse": 2.8369073607797137,
    "R": [
      [
        0.999979696487508,
        0.00637189409184663,
        -7.468891469635929e-05
      ],
      [
        -0.00637198050572171,
        0.9999789541562393,
        -0.0012202905506303596
      ],
      [
        6.691178065522429e-05,
        0.0012207416907543123,
        0.9999992526559899
      ]
    ],
    "t": [
      -1.9583982350401357,
      1.5099072880553592,
      -0.32599279762835254
    ],
    "s": 1.0
  },
  "rpe": {
    "1": {
      "count": 619.0,
      "rmse": 0.4616691190226084,
      "mean": 0.15860809009280655,
      "pstd": 0.4335687364377457,
      "mean_dt": 1.0
    },
    "10": {
      "count": 610.0,
      "rmse": 1.073100106770962,
      "mean": 0.8337153749941881,
      "pstd": 0.6756200949129257,
      "mean_dt": 10.0
    },
    "50": {
      "count": 570.0,
      "rmse": 3.1824978798168684,
      "mean": 2.6309975716617693,
      "pstd": 1.7905710075137349,
      "mean_dt": 50.0
    }
  }
}