{
  "ate": {
    "matches": 620,
    "rmse": 2.7351318718299598,
    "R": [
      [
        0.9999606678932806,
        0.008334556839548646,
        0.0030327922301991187
      ],
      [
        -0.00833974972047286,
        0.9999637724276914,
        0.0017036451449926396
      ],
      [
        -0.003018483232203944,
        -0.001728870865194028,
        0.999993949863952
      ]
    ],
    "t": [
      -1.379686329454529,
      2.373521767988791,
      0.46272786446315184
    ],
    "s": 1.0
  },
  "rpe": {
    "1": {
      "count": 619.0,
      "rmse": 0.4616029071019001,
      "mean": 0.15932139284665006,
      "pstd": 0.43323658389652275,
      "mean_dt": 1.0
    },
    "10": {
      "count": 610.0,
      "rmse": 1.0698131688262904,
      "mean": 0.8460377343049639,
      "pstd": 0.6547674154432799,
      "mean_dt": 10.0
    },
    "50": {
      "count": 570.0,
      "rmse": 3.0795982942553,
      "mean": 2.631545173202167,
      "pstd": 1.599654855078596,
      "mean_dt": 50.0
    }
  }
}