{
  "a": {
    "ate": {
      "matches": 1341,
      "rmse": 2.1191164727467076,
      "R": [
        [
          0.9999225112915474,
          0.012384683086981098,
          -0.001261363246670811
        ],
        [
          -0.01238311055562215,
          0.9999225488277111,
          0.0012469638570536748
        ],
        [
          0.001276708804799199,
          -0.001231247630900545,
          0.9999984270207122
        ]
      ],
      "t": [
        -0.918418361202427,
        3.242276970948957,
        -0.7669169933136724
      ],
      "s": 1.0
    },
    "rpe": {
      "1": {
        "count": 1340.0,
        "rmse": 0.1502221916357324,
        "mean": 0.09176033444573706,
        "pstd": 0.11894010207768094,
        "mean_dt": 1.0
      },
      "10": {
        "count": 1331.0,
        "rmse": 0.6913440161487128,
        "mean": 0.5937520776043212,
        "pstd": 0.3541398297356331,
        "mean_dt": 10.0
      },
      "50": {
        "count": 1291.0,
        "rmse": 2.2478415317251654,
        "mean": 2.010116761721814,
        "pstd": 1.0060925186052965,
        "mean_dt": 50.0
      }
    }
  },
  "b": {
    "ate": {
      "matches": 620,
      "rmse": 2.745212736929636,
      "R": [
        [
          0.9999812913461609,
          0.006115772225598607,
          -0.00011953136515307312
        ],
        [
          -0.006115931917312756,
          0.9999803388078854,
          -0.0013846929075870956
        ],
        [
          0.00011106054859873682,
          0.0013853980475380182,
          0.999999034168436
        ]
      ],
      "t": [
        -1.9307020753369528,
        1.3594796379215381,
        -0.33581062319273736
      ],
      "s": 1.0
    },
    "rpe": {
      "1": {
        "count": 619.0,
        "rmse": 0.4493030877654737,
        "mean": 0.15607094595128893,
        "pstd": 0.42132543776213977,
        "mean_dt": 1.0
      },
      "10": {
        "count": 610.0,
        "rmse": 1.0500773481388357,
        "mean": 0.8130745742196704,
        "pstd": 0.6645089719723815,
        "mean_dt": 10.0
      },
      "50": {
        "count": 570.0,
        "rmse": 3.098566739018436,
        "mean": 2.556270326342452,
        "pstd": 1.7511704242626984,
        "mean_dt": 50.0
      }
    }
  },
  "c": {
    "ate": {
      "matches": 1064,
      "rmse": 3.2381755628094306,
      "R": [
        [
          0.9998061256897586,
          0.017877761412637097,
          0.008252071261673807
        ],
        [
          -0.017888410488650225,
          0.9998392471337859,
          0.0012184667144169714
        ],
        [
          -0.008228961260356693,
          -0.0013658469231335527,
          0.9999652087241627
        ]
      ],
      "t": [
        -0.5187738610242718,
        3.015346854982951,
        0.41645038980215787
      ],
      "s": 1.0
    },
    "rpe": {
      "1": {
        "count": 1063.0,
        "rmse": 0.9757636779321673,
        "mean": 0.2066869863502729,
        "pstd": 0.9536221709068815,
        "mean_dt": 1.0
      },
      "10": {
        "count": 1054.0,
        "rmse": 2.8208338373381396,
        "mean": 0.9812158459933875,
        "pstd": 2.6446774853360293,
        "mean_dt": 10.0
      },
      "50": {
        "count": 1014.0,
        "rmse": 3.7477869002468243,
        "mean": 2.307542772814591,
        "pstd": 2.9531598333467923,
        "mean_dt": 50.0
      }
    }
  },
  "d": {
    "ate": {
      "matches": 529,
      "rmse": 4.887230111931965,
      "R": [
        [
          0.9989979424906182,
          -0.04456847618069849,
          0.004094121449173778
        ],
        [
          0.04453644621960492,
          0.9989787967371236,
          0.007607143207257763
        ],
        [
          -0.004428979299827114,
          -0.007417182792544354,
          0.9999626840746526
        ]
      ],
      "t": [
        1.4002988275711346,
        -2.7895252000637356,
        0.20226637705941908
      ],
      "s": 1.0
    },
    "rpe": {
      "1": {
        "count": 528.0,
        "rmse": 0.7176141724745412,
        "mean": 0.21559855209994486,
        "pstd": 0.6844613684268295,
        "mean_dt": 1.0
      },
      "10": {
        "count": 519.0,
        "rmse": 1.4182575239651272,
        "mean": 1.1050353253023226,
        "pstd": 0.8890170606448916,
        "mean_dt": 10.0
      },
      "50": {
        "count": 479.0,
        "rmse": 4.539825617574905,
        "mean": 3.8889036140241333,
        "pstd": 2.3423162294659106,
        "mean_dt": 50.0
      }
    }
  }
}