{
  "ate": {
    "matches": 1064,
    "rmse": 3.2381755628094306,
    "R": [
      [
        0.9998061256897586,
        0.017877761412637097,
        0.008252071261673807
      ],
      [
        -0.017888410488650225,
        0.9998392471337859,
        0.0012184667144169714
      ],
      [
        -0.008228961260356693,
        -0.0013658469231335527,
        0.9999652087241627
      ]
    ],
    "t": [
      -0.5187738610242718,
      3.015346854982951,
      0.41645038980215787
    ],
    "s": 1.0
  },
  "rpe": {
    "1": {
      "count": 1063.0,
      "rmse": 0.9757636779321673,
      "mean": 0.2066869863502729,
      "pstd": 0.9536221709068815,
      "mean_dt": 1.0
    },
    "10": {
      "count": 1054.0,
      "rmse": 2.8208338373381396,
      "mean": 0.9812158459933875,
      "pstd": 2.6446774853360293,
      "mean_dt": 10.0
    },
    "50": {
      "count": 1014.0,
      "rmse": 3.7477869002468243,
      "mean": 2.307542772814591,
      "pstd": 2.9531598333467923,
      "mean_dt": 50.0
    }
  }
}