{
  "loop_closure_correction": {
    "count": 0
  },
  "interface_correction": {
    "count": 0
  },
  "loop_closure_correction_stabilised": {
    "count": 0
  },
  "loop_closure_correction_stabilised_params": {
    "epsilon": 0.001,
    "required": 3
  },
  "interface_correction_stabilised": {
    "count": 23054,
    "min": 0.0705556869506836,
    "max": 7.496758222579956,
    "mean": 0.9784225629810821,
    "median": 0.6940498352050781,
    "p90": 1.6021364212036133,
    "p95": 2.089338147640228,
    "p99": 7.242313094139099,
    "stdev": 1.0850272637234193
  },
  "interface_correction_stabilised_params": {
    "epsilon": 0.001,
    "required": 3
  },
  "time_to_global_convergence_s": 0.1924760341644287,
  "time_to_global_convergence_method": "delta_threshold",
  "timeline_start_ts": 1770225343.9116795,
  "timeline_end_ts": 1770225344.1041555,
  "optimization_duration_s": {
    "count": 404,
    "min": 0.0006034839898347855,
    "max": 0.05807397002354264,
    "mean": 0.005794728355623994,
    "median": 0.0023058895021677017,
    "p90": 0.014460818079533045,
    "p95": 0.025073759397491808,
    "p99": 0.03180068586545527,
    "stdev": 0.007896019805588819
  },
  "communication_uplink_messages": 31167,
  "communication_uplink_bytes": 42800614,
  "communication_downlink_messages": 0,
  "communication_downlink_bytes": 0,
  "communication_uplink_bytes_per_s": 222368536.3520958,
  "communication_downlink_bytes_per_s": 0.0,
  "delivery_topics": {
    "/c_slam/factor_batch/a": {
      "attempts": 230.0,
      "drops": 0.0,
      "delivered": 230.0,
      "delivery_rate": 1.0
    },
    "/c_slam/factor_batch/b": {
      "attempts": 93.0,
      "drops": 0.0,
      "delivered": 93.0,
      "delivery_rate": 1.0
    },
    "/c_slam/factor_batch/c": {
      "attempts": 188.0,
      "drops": 0.0,
      "delivered": 188.0,
      "delivery_rate": 1.0
    },
    "/c_slam/factor_batch/d": {
      "attempts": 87.0,
      "drops": 0.0,
      "delivered": 87.0,
      "delivery_rate": 1.0
    },
    "/c_slam/iface/run_8a73745a/a": {
      "attempts": 3232.0,
      "drops": 0.0,
      "delivered": 3167.0,
      "delivery_rate": 0.9798886138613861
    },
    "/c_slam/iface/run_8a73745a/c": {
      "attempts": 19291.0,
      "drops": 0.0,
      "delivered": 6213.0,
      "delivery_rate": 0.3220672852625577
    },
    "/c_slam/iface/run_8a73745a/d": {
      "attempts": 12120.0,
      "drops": 0.0,
      "delivered": 2423.0,
      "delivery_rate": 0.19991749174917492
    },
    "/c_slam/iface/run_8a73745a/b": {
      "attempts": 6464.0,
      "drops": 0.0,
      "delivered": 1725.0,
      "delivery_rate": 0.26686262376237624
    }
  },
  "delivery_rate": {
    "count": 8,
    "min": 0.19991749174917492,
    "max": 1.0,
    "mean": 0.7210920018294369,
    "median": 0.989944306930693,
    "p90": 1.0,
    "p95": 1.0,
    "p99": 1.0,
    "stdev": 0.3562482095500844
  },
  "estimation_metrics": {
    "a": {
      "ate": {
        "matches": 1341,
        "rmse": 2.135234513747077,
        "R": [
          [
            0.9999217267907271,
            0.012461762850256065,
            -0.001115687463333329
          ],
          [
            -0.012458408858783666,
            0.9999179970775844,
            0.002964315951426204
          ],
          [
            0.0011525365761007305,
            -0.002950184234326525,
            0.9999949840236321
          ]
        ],
        "t": [
          -0.8666811926038349,
          3.179195075835686,
          -0.7864040370829368
        ],
        "s": 1.0
      },
      "rpe": {
        "1": {
          "count": 1340.0,
          "rmse": 0.1519654594749579,
          "mean": 0.09294444283149937,
          "pstd": 0.12022824718084009,
          "mean_dt": 1.0
        },
        "10": {
          "count": 1331.0,
          "rmse": 0.687568120557254,
          "mean": 0.5919941452901102,
          "pstd": 0.3497039495757328,
          "mean_dt": 10.0
        },
        "50": {
          "count": 1291.0,
          "rmse": 2.267171396489413,
          "mean": 2.03494277970749,
          "pstd": 0.9995369049595502,
          "mean_dt": 50.0
        }
      }
    },
    "b": {
      "ate": {
        "matches": 620,
        "rmse": 2.8157215203354826,
        "R": [
          [
            0.9999766498556405,
            0.006629132373423251,
            0.001659622687516626
          ],
          [
            -0.006632557553739833,
            0.9999758682517561,
            0.002066904556015374
          ],
          [
            -0.001645880854014686,
            -0.0020778638364880586,
            0.9999964867728743
          ]
        ],
        "t": [
          -1.964566222920908,
          1.5702099396537506,
          -0.09159651751565745
        ],
        "s": 1.0
      },
      "rpe": {
        "1": {
          "count": 619.0,
          "rmse": 0.46002503620169455,
          "mean": 0.15854204466414612,
          "pstd": 0.43184193173669716,
          "mean_dt": 1.0
        },
        "10": {
          "count": 610.0,
          "rmse": 1.0659889971666077,
          "mean": 0.8293643656381896,
          "pstd": 0.669691937453209,
          "mean_dt": 10.0
        },
        "50": {
          "count": 570.0,
          "rmse": 3.1562020869996363,
          "mean": 2.625886526183569,
          "pstd": 1.7510943908277607,
          "mean_dt": 50.0
        }
      }
    },
    "c": {
      "ate": {
        "matches": 1064,
        "rmse": 3.261986559293247,
        "R": [
          [
            0.9998229857518878,
            0.01717834469531763,
            0.007674740106930758
          ],
          [
            -0.017196574762146765,
            0.9998494463736146,
            0.0023156862538033923
          ],
          [
            -0.007633804990302027,
            -0.00244725558637119,
            0.9999678674644824
          ]
        ],
        "t": [
          -0.4303282009322942,
          2.9149815632151004,
          0.31888525079318075
        ],
        "s": 1.0
      },
      "rpe": {
        "1": {
          "count": 1063.0,
          "rmse": 0.9747291132208095,
          "mean": 0.2104969164365538,
          "pstd": 0.951728896446319,
          "mean_dt": 1.0
        },
        "10": {
          "count": 1054.0,
          "rmse": 2.803812743907001,
          "mean": 0.999297598359776,
          "pstd": 2.619688953446133,
          "mean_dt": 10.0
        },
        "50": {
          "count": 1014.0,
          "rmse": 3.7663005951805455,
          "mean": 2.372758809894931,
          "pstd": 2.9248992808852954,
          "mean_dt": 50.0
        }
      }
    },
    "d": {
      "ate": {
        "matches": 529,
        "rmse": 4.887230111931965,
        "R": [
          [
            0.9989979424906182,
            -0.04456847618069849,
            0.004094121449173778
          ],
          [
            0.04453644621960492,
            0.9989787967371236,
            0.007607143207257763
          ],
          [
            -0.004428979299827114,
            -0.007417182792544354,
            0.9999626840746526
          ]
        ],
        "t": [
          1.4002988275711346,
          -2.7895252000637356,
          0.20226637705941908
        ],
        "s": 1.0
      },
      "rpe": {
        "1": {
          "count": 528.0,
          "rmse": 0.7176141724745412,
          "mean": 0.21559855209994486,
          "pstd": 0.6844613684268295,
          "mean_dt": 1.0
        },
        "10": {
          "count": 519.0,
          "rmse": 1.4182575239651272,
          "mean": 1.1050353253023226,
          "pstd": 0.8890170606448916,
          "mean_dt": 10.0
        },
        "50": {
          "count": 479.0,
          "rmse": 4.539825617574905,
          "mean": 3.8889036140241333,
          "pstd": 2.3423162294659106,
          "mean_dt": 50.0
        }
      }
    }
  },
  "input_end_team_ts": 1770225343.9218,
  "input_end_method": "input_end_event",
  "input_end_per_robot_ts": {
    "a": 1770225343.9116795,