{
  "ate": {
    "matches": 1341,
    "rmse": 2.135234513747077,
    "R": [
      [
        0.9999217267907271,
        0.012461762850256065,
        -0.001115687463333329
      ],
      [
        -0.012458408858783666,
        0.9999179970775844,
        0.002964315951426204
      ],
      [
        0.0011525365761007305,
        -0.002950184234326525,
        0.9999949840236321
      ]
    ],
    "t": [
      -0.8666811926038349,
      3.179195075835686,
      -0.7864040370829368
    ],
    "s": 1.0
  },
  "rpe": {
    "1": {
      "count": 1340.0,
      "rmse": 0.1519654594749579,
      "mean": 0.09294444283149937,
      "pstd": 0.12022824718084009,
      "mean_dt": 1.0
    },
    "10": {
      "count": 1331.0,
      "rmse": 0.687568120557254,
      "mean": 0.5919941452901102,
      "pstd": 0.3497039495757328,
      "mean_dt": 10.0
    },
    "50": {
      "count": 1291.0,
      "rmse": 2.267171396489413,
      "mean": 2.03494277970749,
      "pstd": 0.9995369049595502,
      "mean_dt": 50.0
    }
  }
}