{
  "ate": {
    "matches": 620,
    "rmse": 2.8157215203354826,
    "R": [
      [
        0.9999766498556405,
        0.006629132373423251,
        0.001659622687516626
      ],
      [
        -0.006632557553739833,
        0.9999758682517561,
        0.002066904556015374
      ],
      [
        -0.001645880854014686,
        -0.0020778638364880586,
        0.9999964867728743
      ]
    ],
    "t": [
      -1.964566222920908,
      1.5702099396537506,
      -0.09159651751565745
    ],
    "s": 1.0
  },
  "rpe": {
    "1": {
      "count": 619.0,
      "rmse": 0.46002503620169455,
      "mean": 0.15854204466414612,
      "pstd": 0.43184193173669716,
      "mean_dt": 1.0
    },
    "10": {
      "count": 610.0,
      "rmse": 1.0659889971666077,
      "mean": 0.8293643656381896,
      "pstd": 0.669691937453209,
      "mean_dt": 10.0
    },
    "50": {
      "count": 570.0,
      "rmse": 3.1562020869996363,
      "mean": 2.625886526183569,
      "pstd": 1.7510943908277607,
      "mean_dt": 50.0
    }
  }
}