{
  "ate": {
    "matches": 1064,
    "rmse": 3.261986559293247,
    "R": [
      [
        0.9998229857518878,
        0.01717834469531763,
        0.007674740106930758
      ],
      [
        -0.017196574762146765,
        0.9998494463736146,
        0.0023156862538033923
      ],
      [
        -0.007633804990302027,
        -0.00244725558637119,
        0.9999678674644824
      ]
    ],
    "t": [
      -0.4303282009322942,
      2.9149815632151004,
      0.31888525079318075
    ],
    "s": 1.0
  },
  "rpe": {
    "1": {
      "count": 1063.0,
      "rmse": 0.9747291132208095,
      "mean": 0.2104969164365538,
      "pstd": 0.951728896446319,
      "mean_dt": 1.0
    },
    "10": {
      "count": 1054.0,
      "rmse": 2.803812743907001,
      "mean": 0.999297598359776,
      "pstd": 2.619688953446133,
      "mean_dt": 10.0
    },
    "50": {
      "count": 1014.0,
      "rmse": 3.7663005951805455,
      "mean": 2.372758809894931,
      "pstd": 2.9248992808852954,
      "mean_dt": 50.0
    }
  }
}