{
  "loop_closure_correction": {
    "count": 0
  },
  "interface_correction": {
    "count": 0
  },
  "loop_closure_correction_stabilised": {
    "count": 0
  },
  "loop_closure_correction_stabilised_params": {
    "epsilon": 0.001,
    "required": 3
  },
  "interface_correction_stabilised": {
    "count": 25090,
    "min": 0.3775343894958496,
    "max": 29.963459968566895,
    "mean": 7.022965566044834,
    "median": 5.055582642555237,
    "p90": 15.866904401779177,
    "p95": 16.65806347131729,
    "p99": 17.381617407798768,
    "stdev": 5.96178516472931
  },
  "interface_correction_stabilised_params": {
    "epsilon": 0.001,
    "required": 3
  },
  "time_to_global_convergence_s": 0.17245769500732422,
  "time_to_global_convergence_method": "delta_threshold",
  "timeline_start_ts": 1770247646.3281534,
  "timeline_end_ts": 1770247646.500611,
  "optimization_duration_s": {
    "count": 303,
    "min": 0.0008895120117813349,
    "max": 0.030260152998380363,
    "mean": 0.00490431608125051,
    "median": 0.0025694710202515125,
    "p90": 0.011551026767119766,
    "p95": 0.020047267427435143,
    "p99": 0.024857271221699204,
    "stdev": 0.005583234947153798
  },
  "communication_uplink_messages": 25726,
  "communication_uplink_bytes": 33898882,
  "communication_downlink_messages": 0,
  "communication_downlink_bytes": 0,
  "communication_uplink_bytes_per_s": 196563464.44013605,
  "communication_downlink_bytes_per_s": 0.0,
  "delivery_topics": {
    "/c_slam/factor_batch/a": {
      "attempts": 96.0,
      "drops": 0.0,
      "delivered": 96.0,
      "delivery_rate": 1.0
    },
    "/c_slam/factor_batch/c": {
      "attempts": 97.0,
      "drops": 0.0,
      "delivered": 97.0,
      "delivery_rate": 1.0
    },
    "/c_slam/factor_batch/b": {
      "attempts": 171.0,
      "drops": 0.0,
      "delivered": 171.0,
      "delivery_rate": 1.0
    },
    "/c_slam/iface/run_92404557/a": {
      "attempts": 1717.0,
      "drops": 0.0,
      "delivered": 1404.0,
      "delivery_rate": 0.8177052999417589
    },
    "/c_slam/iface/run_92404557/c": {
      "attempts": 23432.0,
      "drops": 0.0,
      "delivered": 5166.0,
      "delivery_rate": 0.2204677364288153
    },
    "/c_slam/iface/run_92404557/b": {
      "attempts": 9090.0,
      "drops": 0.0,
      "delivered": 5169.0,
      "delivery_rate": 0.5686468646864686
    }
  },
  "delivery_rate": {
    "count": 6,
    "min": 0.2204677364288153,
    "max": 1.0,
    "mean": 0.7678033168428404,
    "median": 0.9088526499708794,
    "p90": 1.0,
    "p95": 1.0,
    "p99": 1.0,
    "stdev": 0.2896767269870084
  },
  "estimation_metrics": {
    "a": {
      "ate": {
        "matches": 596,
        "rmse": 2.9276832847479146,
        "R": [
          [
            0.9999643211554915,
            0.0011289357096404195,
            0.008371494502191457
          ],
          [
            -0.0011788917823732912,
            0.9999815150969753,
            0.005964870369352511
          ],
          [
            -0.008364605800764074,
            -0.005974526635744902,
            0.9999471678050178
          ]
        ],
        "t": [
          -2.4177788396271325,
          0.6476602886348104,
          0.8482140417057247
        ],
        "s": 1.0
      },
      "rpe": {
        "1": {
          "count": 595.0,
          "rmse": 1.3264374200156877,
          "mean": 0.17881818176170444,
          "pstd": 1.3143288352194458,
          "mean_dt": 1.0
        },
        "10": {
          "count": 586.0,
          "rmse": 1.5717350300375426,
          "mean": 0.7961157461466817,
          "pstd": 1.355193979983837,
          "mean_dt": 10.0
        },
        "50": {
          "count": 546.0,
          "rmse": 2.9437965720277197,
          "mean": 2.46880993392802,
          "pstd": 1.603407548822346,
          "mean_dt": 50.0
        }
      }
    },
    "b": {
      "ate": {
        "matches": 1020,
        "rmse": 3.0348765975596512,
        "R": [
          [
            0.9998419945575784,
            0.012163389032353391,
            0.012962942812921376
          ],
          [
            -0.012056954981838916,
            0.9998932168475321,
            -0.008257405092348527
          ],
          [
            -0.013061996619558534,
            0.008099806759476094,
            0.9998818817114198
          ]
        ],
        "t": [
          -1.9380514807584461,
          1.5854816732738684,
          1.2104546448621156
        ],
        "s": 1.0
      },
      "rpe": {
        "1": {
          "count": 1019.0,
          "rmse": 0.6188712253908033,
          "mean": 0.17139279549051414,
          "pstd": 0.5946646981876935,
          "mean_dt": 1.0
        },
        "10": {
          "count": 1010.0,
          "rmse": 1.0556774453753581,
          "mean": 0.8445690923753328,
          "pstd": 0.6333702841770751,
          "mean_dt": 10.0
        },
        "50": {
          "count": 970.0,
          "rmse": 2.815604609938874,
          "mean": 2.4649219930534696,
          "pstd": 1.3608045001653801,
          "mean_dt": 50.0
        }
      }
    },
    "c": {
      "ate": {
        "matches": 561,
        "rmse": 5.511593461046726,
        "R": [
          [
            0.9987190530564749,
            -0.04739831803424246,
            0.017710237420820226
          ],
          [
            0.04750204794869376,
            0.9988560929441712,
            -0.005482793903131597
          ],
          [
            -0.017430103346137336,
            0.006317043282185941,
            0.999828128460844
          ]
        ],
        "t": [
          1.5296630095029684,
          -3.4004399834816077,
          1.3827483214700287
        ],
        "s": 1.0
      },
      "rpe": {
        "1": {
          "count": 560.0,
          "rmse": 1.9141266842788958,
          "mean": 0.5378041672114656,
          "pstd": 1.8370214046653082,
          "mean_dt": 1.0
        },
        "10": {
          "count": 551.0,
          "rmse": 2.3177772353257993,
          "mean": 1.474122444020121,
          "pstd": 1.7885900404035155,
          "mean_dt": 10.0
        },
        "50": {
          "count": 511.0,
          "rmse": 5.66497057456795,
          "mean": 4.616586142447658,
          "pstd": 3.2831423971678366,
          "mean_dt": 50.0
        }
      }
    }
  },
  "input_end_team_ts": 1770247646.3343234,
  "input_end_method": "input_end_event",
  "input_end_per_robot_ts": {
    "a": 1770247646.3281534,
    "c": 1770247646.3299952,
    "b": 1770247646.3343234
  },
  "time_from_input_end_to_team_convergence_s": 12.718367576599121,
  "time_from_input_end_to_team_convergence_method": "stable_window",
  "time_from_input_end_to_team_convergence_per_robot_s": {
    "c": 8.717344284057617,
    "a": 12.425170421600342,
    "b": 12.718367576599121
  },
  "time_from_input_end_to_team_convergence_params": {
    "epsilon": 0.001,
    "required": 3
  },
  "time_from_input_end_to_ddf_stop_team_s": 22.896973133087158,
  "time_from_input_end_to_ddf_stop_method": "ddf_stop_event",
  "time_from_input_end_to_ddf_stop_per_robot_s": {
    "a": 12.87155795097351,
    "b": 22.896973133087158,
    "c": 11.932247161865234
  },
  "stable_team_convergence_s": 12.718367576599121,
  "stable_team_convergence_method": "stable_window",
  "stable_team_convergence_per_robot_s": {
    "c": 8.717344284057617,
    "a": 12.425170421600342,
    "b": 12.718367576599121
  },
  "stable_team_convergence_params": {
    "epsilon": 0.001,
    "required": 3
  },
  "stable_loop_closure_correction": {
    "count": 0
  },
  "stable_loop_closure_correction_params": {
    "epsilon": 0.001,
    "required": 3
  },
  "stable_interface_correction": {
    "count": 25090,
    "min": 0.3775343894958496,
    "max": 29.963459968566895,
    "mean": 7.022965566044834,
    "median": 5.055582642555237,
    "p90": 15.866904401779177,
    "p95": 16.65806347131729,
    "p99": 17.381617407798768,
    "stdev": 5.96178516472931
  },