{
  "stats": {
    "topics": {
      "/c_slam/factor_batch/d": {
        "attempts": 171,
        "drops": 0,
        "published": 171,
        "delivered": 171,
        "delivery_rate": 1.0,
        "bytes_attempted": 2024063,
        "bytes_published": 2024063,
        "bytes_delivered": null,
        "drop_reasons": {},
        "delivery_method": "ack",
        "ack_latency_s": {
          "count": 171,
          "min": 0.005711085046641529,
          "max": 8.354412564018276,
          "mean": 2.752868333320836,
          "median": 1.5853835309972055,
          "p90": 6.449350588023663,
          "p95": 6.691079145501135,
          "stdev": 2.7037997859231644
        }
      },
      "/c_slam/factor_batch/b": {
        "attempts": 36,
        "drops": 0,
        "published": 36,
        "delivered": 36,
        "delivery_rate": 1.0,
        "bytes_attempted": 420750,
        "bytes_published": 420750,
        "bytes_delivered": null,
        "drop_reasons": {},
        "delivery_method": "ack",
        "ack_latency_s": {
          "count": 36,
          "min": 0.007971190963871777,
          "max": 8.346910041989759,
          "mean": 0.8362191097160879,
          "median": 0.2966745430021547,
          "p90": 1.3652071420219727,
          "p95": 3.5364603660127614,
          "stdev": 1.7848974900138943
        }
      },
      "/c_slam/factor_batch/c": {
        "attempts": 126,
        "drops": 0,
        "published": 126,
        "delivered": 126,
        "delivery_rate": 1.0,
        "bytes_attempted": 1489183,
        "bytes_published": 1489183,
        "bytes_delivered": null,
        "drop_reasons": {},
        "delivery_method": "ack",
        "ack_latency_s": {
          "count": 126,
          "min": 0.0057974960072897375,
          "max": 8.47699781897245,
          "mean": 1.9795977780096499,
          "median": 0.6360928074573167,
          "p90": 5.266310503997374,
          "p95": 7.059893058001762,
          "stdev": 2.352487921957633
        }
      },
      "/c_slam/factor_batch/a": {
        "attempts": 243,
        "drops": 0,
        "published": 243,
        "delivered": 243,
        "delivery_rate": 1.0,
        "bytes_attempted": 2877839,
        "bytes_published": 2877839,
        "bytes_delivered": null,
        "drop_reasons": {},
        "delivery_method": "ack",
        "ack_latency_s": {
          "count": 243,
          "min": 0.007488065049983561,
          "max": 8.494999399990775,
          "mean": 4.840890413343259,
          "median": 5.906688026967458,
          "p90": 7.992115972039755,
          "p95": 8.24284301053267,
          "stdev": 2.9905077857879347
        }
      },
      "/c_slam/factor_batch/e": {
        "attempts": 88,
        "drops": 0,
        "published": 88,
        "delivered": 88,
        "delivery_rate": 1.0,
        "bytes_attempted": 1036272,
        "bytes_published": 1036272,
        "bytes_delivered": null,
        "drop_reasons": {},
        "delivery_method": "ack",
        "ack_latency_s": {
          "count": 88,
          "min": 0.008654190984088928,
          "max": 8.697934576019179,
          "mean": 1.5463962338405757,
          "median": 0.9424462869937997,
          "p90": 4.0281200782104865,
          "p95": 4.448383317948901,
          "stdev": 1.6860554675052302
        }
      }
    },
    "generated_by": {
      "component": "ros2_factor_publisher",
      "pid": 483712
    }
  }
}