{
  "ate": {
    "matches": 1020,
    "rmse": 3.0181176997734167,
    "R": [
      [
        0.9997867044327734,
        0.013495579641455441,
        0.015633776562174167
      ],
      [
        -0.01336023200022947,
        0.9998726399677147,
        -0.008729721925298903
      ],
      [
        -0.0157495981013771,
        0.008518989032398727,
        0.9998396756408053
      ]
    ],
    "t": [
      -1.8259784783104465,
      1.7619109168732479,
      1.6314948929558408
    ],
    "s": 1.0
  },
  "rpe": {
    "1": {
      "count": 1019.0,
      "rmse": 0.6114696475518762,
      "mean": 0.17238420276172567,
      "pstd": 0.5866675519537623,
      "mean_dt": 1.0
    },
    "10": {
      "count": 1010.0,
      "rmse": 1.057854476458995,
      "mean": 0.8544724062692394,
      "pstd": 0.6236449312620036,
      "mean_dt": 10.0
    },
    "50": {
      "count": 970.0,
      "rmse": 2.8469320499098925,
      "mean": 2.5113941040074987,
      "pstd": 1.3408660451963577,
      "mean_dt": 50.0
    }
  }
}