{
  "ate": {
    "matches": 620,
    "rmse": 2.7423951036107925,
    "R": [
      [
        0.9999813864783675,
        0.005918583081874448,
        0.0014822520381691873
      ],
      [
        -0.005919998038042803,
        0.9999820234621665,
        0.0009520376786112048
      ],
      [
        -0.0014765906783114008,
        -0.0009607948869951172,
        0.9999984482753732
      ]
    ],
    "t": [
      -1.9506423096416228,
      1.4179754990638003,
      -0.1356982103854656
    ],
    "s": 1.0
  },
  "rpe": {
    "1": {
      "count": 619.0,
      "rmse": 0.4510837472657825,
      "mean": 0.15656655033007535,
      "pstd": 0.4230407336948539,
      "mean_dt": 1.0
    },
    "10": {
      "count": 610.0,
      "rmse": 1.0530246785399175,
      "mean": 0.8231425760385839,
      "pstd": 0.6567322689853611,
      "mean_dt": 10.0
    },
    "50": {
      "count": 570.0,
      "rmse": 3.1022875898147766,
      "mean": 2.5856790324858414,
      "pstd": 1.7141914218901755,
      "mean_dt": 50.0
    }
  }
}