{
  "a": {
    "ate": {
      "matches": 1347,
      "rmse": 2.7618555103201627,
      "R": [
        [
          0.9991995987551368,
          0.039006869950314535,
          -0.008867127170285316
        ],
        [
          -0.03909553490240458,
          0.999184875258757,
          -0.010056053144148272
        ],
        [
          0.008467644198337811,
          0.010394669346463256,
          0.9999101208863265
        ]
      ],
      "t": [
        -3.4584820332800064,
        4.402444727659322,
        -2.5551700326507873
      ],
      "s": 1.0
    },
    "rpe": {
      "1": {
        "count": 1346.0,
        "rmse": 0.15338758941504063,
        "mean": 0.10700694254240628,
        "pstd": 0.10989661884827585,
        "mean_dt": 1.0
      },
      "10": {
        "count": 1337.0,
        "rmse": 0.8901253619719705,
        "mean": 0.7825648131188675,
        "pstd": 0.42416444133609693,
        "mean_dt": 10.0
      },
      "50": {
        "count": 1297.0,
        "rmse": 3.006333667703267,
        "mean": 2.6704799645273445,
        "pstd": 1.3807892238224544,
        "mean_dt": 50.0
      }
    }
  },
  "b": {
    "ate": {
      "matches": 617,
      "rmse": 4.623800004272608,
      "R": [
        [
          0.9999078068520756,
          -0.0034691679758293895,
          -0.013127934712930077
        ],
        [
          0.003519548562372102,
          0.999986523433557,
          0.0038165074590848155
        ],
        [
          0.01311451768798911,
          -0.0038623600069939215,
          0.9999065414332423
        ]
      ],
      "t": [
        -4.145221540214379,
        -1.8255098060579371,
        -5.286216755123759
      ],
      "s": 1.0
    },
    "rpe": {
      "1": {
        "count": 616.0,
        "rmse": 0.3224191152189713,
        "mean": 0.15428756352321593,
        "pstd": 0.2831067530113931,
        "mean_dt": 1.0
      },
      "10": {
        "count": 607.0,
        "rmse": 1.32516521893456,
        "mean": 1.037333243737115,
        "pstd": 0.8246227009437195,
        "mean_dt": 10.0
      },
      "50": {
        "count": 567.0,
        "rmse": 4.609700703828352,
        "mean": 3.6186427751244676,
        "pstd": 2.8556549239911844,
        "mean_dt": 50.0
      }
    }
  },
  "c": {
    "ate": {
      "matches": 1070,
      "rmse": 3.2852108867152725,
      "R": [
        [
          0.9992292125564235,
          0.0388114166324326,
          -0.00588682536297367
        ],
        [
          -0.03887878027510727,
          0.9991743028140969,
          -0.011796314690758317
        ],
        [
          0.005424132943647245,
          0.012016094829319188,
          0.9999130923469611
        ]
      ],
      "t": [
        -3.4439510526504478,
        5.138103136755177,
        -2.1214249308483604
      ],
      "s": 1.0
    },
    "rpe": {
      "1": {
        "count": 1069.0,
        "rmse": 0.8695658407972512,
        "mean": 0.2452490981623694,
        "pstd": 0.8342647249716215,
        "mean_dt": 1.0
      },
      "10": {
        "count": 1060.0,
        "rmse": 1.2990582996537718,
        "mean": 0.9272727908822388,
        "pstd": 0.9097898862862854,
        "mean_dt": 10.0
      },
      "50": {
        "count": 1020.0,
        "rmse": 3.0091096618590787,
        "mean": 2.667781348819027,
        "pstd": 1.3920070517015994,
        "mean_dt": 50.0
      }
    }
  }
}