{
  "loop_closure_correction": {
    "count": 0
  },
  "interface_correction": {
    "count": 0
  },
  "loop_closure_correction_stabilised": {
    "count": 0
  },
  "loop_closure_correction_stabilised_params": {
    "epsilon": 0.001,
    "required": 3
  },
  "interface_correction_stabilised": {
    "count": 39250,
    "min": 0.10500097274780273,
    "max": 7.0763020515441895,
    "mean": 2.011948968935924,
    "median": 1.2631498575210571,
    "p90": 5.229839324951171,
    "p95": 6.04604080915451,
    "p99": 6.922302415370941,
    "stdev": 1.8355571734049831
  },
  "interface_correction_stabilised_params": {
    "epsilon": 0.001,
    "required": 3
  },
  "time_to_global_convergence_s": 0.12559056282043457,
  "time_to_global_convergence_method": "delta_threshold",
  "timeline_start_ts": 1770243512.7530627,
  "timeline_end_ts": 1770243512.8786533,
  "optimization_duration_s": {
    "count": 505,
    "min": 0.0006126380176283419,
    "max": 0.08325442497152835,
    "mean": 0.006346223741714465,
    "median": 0.003067850018851459,
    "p90": 0.01721340361982585,
    "p95": 0.024539881793316447,
    "p99": 0.03515414834721013,
    "stdev": 0.008322363857834738
  },
  "communication_uplink_messages": 54558,
  "communication_uplink_bytes": 70718590,
  "communication_downlink_messages": 0,
  "communication_downlink_bytes": 0,
  "communication_uplink_bytes_per_s": 563088407.3758887,
  "communication_downlink_bytes_per_s": 0.0,
  "delivery_topics": {
    "/c_slam/factor_batch/d": {
      "attempts": 171.0,
      "drops": 0.0,
      "delivered": 171.0,
      "delivery_rate": 1.0
    },
    "/c_slam/factor_batch/b": {
      "attempts": 36.0,
      "drops": 0.0,
      "delivered": 36.0,
      "delivery_rate": 1.0
    },
    "/c_slam/factor_batch/c": {
      "attempts": 126.0,
      "drops": 0.0,
      "delivered": 126.0,
      "delivery_rate": 1.0
    },
    "/c_slam/factor_batch/a": {
      "attempts": 243.0,
      "drops": 0.0,
      "delivered": 243.0,
      "delivery_rate": 1.0
    },
    "/c_slam/factor_batch/e": {
      "attempts": 88.0,
      "drops": 0.0,
      "delivered": 88.0,
      "delivery_rate": 1.0
    },
    "/c_slam/iface/run_a9efaa0d/a": {
      "attempts": 2323.0,
      "drops": 0.0,
      "delivered": 2318.0,
      "delivery_rate": 0.9978476108480413
    },
    "/c_slam/iface/run_a9efaa0d/e": {
      "attempts": 16362.0,
      "drops": 0.0,
      "delivered": 4197.0,
      "delivery_rate": 0.2565089842317565
    },
    "/c_slam/iface/run_a9efaa0d/b": {
      "attempts": 13534.0,
      "drops": 0.0,
      "delivered": 3099.0,
      "delivery_rate": 0.22897886803605733
    },
    "/c_slam/iface/run_a9efaa0d/c": {
      "attempts": 21614.0,
      "drops": 0.0,
      "delivered": 7396.0,
      "delivery_rate": 0.342185620431202
    },
    "/c_slam/iface/run_a9efaa0d/d": {
      "attempts": 11413.0,
      "drops": 0.0,
      "delivered": 7676.0,
      "delivery_rate": 0.672566371681416
    }
  },
  "delivery_rate": {
    "count": 10,
    "min": 0.22897886803605733,
    "max": 1.0,
    "mean": 0.7498087455228473,
    "median": 0.9989238054240206,
    "p90": 1.0,
    "p95": 1.0,
    "p99": 1.0,
    "stdev": 0.32576571489261374
  },
  "estimation_metrics": {
    "a": {
      "ate": {
        "matches": 1350,
        "rmse": 2.1010218110241334,
        "R": [
          [
            0.9998870689542366,
            0.014259042002341224,
            0.004746478619177449
          ],
          [
            -0.014277634215999625,
            0.999890438246751,
            0.003906489973811933
          ],
          [
            -0.004690255782039855,
            -0.003973817295352559,
            0.9999811049598897
          ]
        ],
        "t": [
          -1.2609879330500462,
          1.9973840415956872,
          -0.14305697110566484
        ],
        "s": 1.0
      },
      "rpe": {
        "1": {
          "count": 1349.0,
          "rmse": 0.14597757797128214,
          "mean": 0.09406731286153606,
          "pstd": 0.11162792626118091,
          "mean_dt": 1.0
        },
        "10": {
          "count": 1340.0,
          "rmse": 0.689942957210991,
          "mean": 0.6141877111564761,
          "pstd": 0.3143163051281567,
          "mean_dt": 10.0
        },
        "50": {
          "count": 1300.0,
          "rmse": 2.300280230524556,
          "mean": 2.055362629581571,
          "pstd": 1.0328473265016633,
          "mean_dt": 50.0
        }
      }
    },
    "b": {
      "ate": {
        "matches": 187,
        "rmse": 16.195958462330307,
        "R": [
          [
            0.9996603577955328,
            0.020495059636027182,
            0.016097253884539458
          ],
          [
            -0.020685161369573903,
            0.9997171879724825,
            0.01173320806543534
          ],
          [
            -0.015852228588507884,
            -0.012062197266991162,
            0.9998015854387654
          ]
        ],
        "t": [
          3.592473375471698,
          4.25632667962412,
          -0.4174769381293917
        ],
        "s": 1.0
      },
      "rpe": {
        "1": {
          "count": 186.0,
          "rmse": 15.976843372313244,
          "mean": 4.3582074582655705,
          "pstd": 15.370932043768459,
          "mean_dt": 1.0
        },
        "10": {
          "count": 177.0,
          "rmse": 21.421691573752433,
          "mean": 9.731870408214037,
          "pstd": 19.08348941464071,
          "mean_dt": 10.0
        },
        "50": {
          "count": 137.0,
          "rmse": 20.629475963987517,
          "mean": 10.519927055957721,
          "pstd": 17.745602646460547,
          "mean_dt": 50.0
        }
      }
    },
    "c": {
      "ate": {
        "matches": 703,
        "rmse": 1.805301715208463,
        "R": [
          [
            0.9999818065474804,
            0.005149481649298384,
            0.0031415621560739715
          ],
          [
            -0.005156768622403111,
            0.9999840221274623,
            0.0023158642355896944
          ],
          [
            -0.003129586460210833,
            -0.0023320224111754717,
            0.9999923836510265
          ]
        ],
        "t": [
          -0.4616406956837693,
          1.6580475694587662,
          -0.1576704554752788
        ],
        "s": 1.0
      },
      "rpe": {
        "1": {
          "count": 702.0,
          "rmse": 0.81145908201975,
          "mean": 0.37923025568932583,
          "pstd": 0.7173912844202559,
          "mean_dt": 1.0
        },
        "10": {
          "count": 693.0,
          "rmse": 0.9634738400928577,
          "mean": 0.7494906508698678,
          "pstd": 0.6054300990221242,
          "mean_dt": 10.0
        },
        "50": {
          "count": 653.0,
          "rmse": 1.9642267074299617,
          "mean": 1.780666752423601,
          "pstd": 0.8291034163446299,
          "mean_dt": 50.0
        }
      }
    },
    "d": {
      "ate": {
        "matches": 1062,
        "rmse": 6.4608885902388105,
        "R": [
          [
            0.9915873720030003,
            0.12903619062309696,
            -0.010205155249360097
          ],
          [
            -0.12898644482537486,
            0.991631687131056,
            0.005393897378117261
          ],
          [
            0.010815763287641457,
            -0.004032193831515173,
            0.9999333781194677
          ]
        ],
        "t": [
          -4.965378084591094,
          16.150540242899353,
          -2.58968991938461
        ],
        "s": 1.0
      },
      "rpe": {
        "1": {
          "count": 1061.0,
          "rmse": 1.8790968452969004,
          "mean": 0.37651709973656317,
          "pstd": 1.8409888178939944,
          "mean_dt": 1.0
        },
        "10": {
          "count": 1052.0,
          "rmse": 3.9330263898698528,
          "mean": 1.810689403826815,
          "pstd": 3.491432437593769,
          "mean_dt": 10.0
        },
        "50": {
          "count": 1012.0,