{
  "ate": {
    "matches": 1062,
    "rmse": 6.4608885902388105,
    "R": [
      [
        0.9915873720030003,
        0.12903619062309696,
        -0.010205155249360097
      ],
      [
        -0.12898644482537486,
        0.991631687131056,
        0.005393897378117261
      ],
      [
        0.010815763287641457,
        -0.004032193831515173,
        0.9999333781194677
      ]
    ],
    "t": [
      -4.965378084591094,
      16.150540242899353,
      -2.58968991938461
    ],
    "s": 1.0
  },
  "rpe": {
    "1": {
      "count": 1061.0,
      "rmse": 1.8790968452969004,
      "mean": 0.37651709973656317,
      "pstd": 1.8409888178939944,
      "mean_dt": 1.0
    },
    "10": {
      "count": 1052.0,
      "rmse": 3.9330263898698528,
      "mean": 1.810689403826815,
      "pstd": 3.491432437593769,
      "mean_dt": 10.0
    },
    "50": {
      "count": 1012.0,
      "rmse": 7.079810754622591,
      "mean": 5.128626687862755,
      "pstd": 4.880666821020628,
      "mean_dt": 50.0
    }
  }
}