{
  "ate": {
    "matches": 1350,
    "rmse": 2.1010218110241334,
    "R": [
      [
        0.9998870689542366,
        0.014259042002341224,
        0.004746478619177449
      ],
      [
        -0.014277634215999625,
        0.999890438246751,
        0.003906489973811933
      ],
      [
        -0.004690255782039855,
        -0.003973817295352559,
        0.9999811049598897
      ]
    ],
    "t": [
      -1.2609879330500462,
      1.9973840415956872,
      -0.14305697110566484
    ],
    "s": 1.0
  },
  "rpe": {
    "1": {
      "count": 1349.0,
      "rmse": 0.14597757797128214,
      "mean": 0.09406731286153606,
      "pstd": 0.11162792626118091,
      "mean_dt": 1.0
    },
    "10": {
      "count": 1340.0,
      "rmse": 0.689942957210991,
      "mean": 0.6141877111564761,
      "pstd": 0.3143163051281567,
      "mean_dt": 10.0
    },
    "50": {
      "count": 1300.0,
      "rmse": 2.300280230524556,
      "mean": 2.055362629581571,
      "pstd": 1.0328473265016633,
      "mean_dt": 50.0
    }
  }
}