{
  "ate": {
    "matches": 703,
    "rmse": 1.805301715208463,
    "R": [
      [
        0.9999818065474804,
        0.005149481649298384,
        0.0031415621560739715
      ],
      [
        -0.005156768622403111,
        0.9999840221274623,
        0.0023158642355896944
      ],
      [
        -0.003129586460210833,
        -0.0023320224111754717,
        0.9999923836510265
      ]
    ],
    "t": [
      -0.4616406956837693,
      1.6580475694587662,
      -0.1576704554752788
    ],
    "s": 1.0
  },
  "rpe": {
    "1": {
      "count": 702.0,
      "rmse": 0.81145908201975,
      "mean": 0.37923025568932583,
      "pstd": 0.7173912844202559,
      "mean_dt": 1.0
    },
    "10": {
      "count": 693.0,
      "rmse": 0.9634738400928577,
      "mean": 0.7494906508698678,
      "pstd": 0.6054300990221242,
      "mean_dt": 10.0
    },
    "50": {
      "count": 653.0,
      "rmse": 1.9642267074299617,
      "mean": 1.780666752423601,
      "pstd": 0.8291034163446299,
      "mean_dt": 50.0
    }
  }
}