{
  "stats": {
    "topics": {
      "/c_slam/factor_batch/d": {
        "attempts": 171,
        "drops": 0,
        "published": 171,
        "delivered": 171,
        "delivery_rate": 1.0,
        "bytes_attempted": 2024084,
        "bytes_published": 2024084,
        "bytes_delivered": null,
        "drop_reasons": {},
        "delivery_method": "ack",
        "ack_latency_s": {
          "count": 171,
          "min": 0.0026006739935837686,
          "max": 0.036419242969714105,
          "mean": 0.0067699594775143986,
          "median": 0.006657155987340957,
          "p90": 0.0068898319732397795,
          "p95": 0.006983412517001852,
          "stdev": 0.002334361963577157
        }
      },
      "/c_slam/factor_batch/b": {
        "attempts": 36,
        "drops": 0,
        "published": 36,
        "delivered": 36,
        "delivery_rate": 1.0,
        "bytes_attempted": 420748,
        "bytes_published": 420748,
        "bytes_delivered": null,
        "drop_reasons": {},
        "delivery_method": "ack",
        "ack_latency_s": {
          "count": 36,
          "min": 0.00407121900934726,
          "max": 0.038624325999990106,
          "mean": 0.007321961416487789,
          "median": 0.006497772032162175,
          "p90": 0.006797083537094295,
          "p95": 0.006819412985350937,
          "stdev": 0.005311627763325792
        }
      },
      "/c_slam/factor_batch/c": {
        "attempts": 126,
        "drops": 0,
        "published": 126,
        "delivered": 126,
        "delivery_rate": 1.0,
        "bytes_attempted": 1489181,
        "bytes_published": 1489181,
        "bytes_delivered": null,
        "drop_reasons": {},
        "delivery_method": "ack",
        "ack_latency_s": {
          "count": 126,
          "min": 0.003029277955647558,
          "max": 0.03428329998860136,
          "mean": 0.006690732481527246,
          "median": 0.006642974505666643,
          "p90": 0.006888249481562525,
          "p95": 0.006989070738200098,
          "stdev": 0.002572537491941768
        }
      },
      "/c_slam/factor_batch/a": {
        "attempts": 243,
        "drops": 0,
        "published": 243,
        "delivered": 243,
        "delivery_rate": 1.0,
        "bytes_attempted": 2877837,
        "bytes_published": 2877837,
        "bytes_delivered": null,
        "drop_reasons": {},
        "delivery_method": "ack",
        "ack_latency_s": {
          "count": 243,
          "min": 0.0030653850408270955,
          "max": 0.036202696966938674,
          "mean": 0.00675545248548872,
          "median": 0.006676211021840572,
          "p90": 0.007022307184524835,
          "p95": 0.007277892302954569,
          "stdev": 0.0019638545580998538
        }
      },
      "/c_slam/factor_batch/e": {
        "attempts": 88,
        "drops": 0,
        "published": 88,
        "delivered": 88,
        "delivery_rate": 1.0,
        "bytes_attempted": 1036267,
        "bytes_published": 1036267,
        "bytes_delivered": null,
        "drop_reasons": {},
        "delivery_method": "ack",
        "ack_latency_s": {
          "count": 88,
          "min": 0.0038903109962120652,
          "max": 0.033767473010811955,
          "mean": 0.006811581819916187,
          "median": 0.006597594503546134,
          "p90": 0.006980032887076959,
          "p95": 0.007090509554836899,
          "stdev": 0.002950556550922285
        }
      }
    },
    "generated_by": {
      "component": "ros2_factor_publisher",
      "pid": 484243
    }
  }
}