{
  "stats": {
    "topics": {
      "/c_slam/factor_batch/a": {
        "attempts": 230,
        "drops": 0,
        "published": 230,
        "delivered": 230,
        "delivery_rate": 1.0,
        "bytes_attempted": 2716267,
        "bytes_published": 2716267,
        "bytes_delivered": null,
        "drop_reasons": {},
        "delivery_method": "ack",
        "ack_latency_s": {
          "count": 230,
          "min": 0.004455680027604103,
          "max": 2.6612509000115097,
          "mean": 0.23079567901162512,
          "median": 0.07802925648866221,
          "p90": 0.3243867282813876,
          "p95": 1.556860790925564,
          "stdev": 0.49363990206110314
        }
      },
      "/c_slam/factor_batch/b": {
        "attempts": 93,
        "drops": 0,
        "published": 93,
        "delivered": 93,
        "delivery_rate": 1.0,
        "bytes_attempted": 1097932,
        "bytes_published": 1097932,
        "bytes_delivered": null,
        "drop_reasons": {},
        "delivery_method": "ack",
        "ack_latency_s": {
          "count": 93,
          "min": 0.004585683986078948,
          "max": 0.5267700040130876,
          "mean": 0.08166580370336932,
          "median": 0.056905188015662134,
          "p90": 0.19270867457380514,
          "p95": 0.23687449119752266,
          "stdev": 0.08888291569050163
        }
      },
      "/c_slam/factor_batch/c": {
        "attempts": 188,
        "drops": 0,
        "published": 188,
        "delivered": 188,
        "delivery_rate": 1.0,
        "bytes_attempted": 2217937,
        "bytes_published": 2217937,
        "bytes_delivered": null,
        "drop_reasons": {},
        "delivery_method": "ack",
        "ack_latency_s": {
          "count": 188,
          "min": 0.004763027012813836,
          "max": 2.6438818080350757,
          "mean": 0.25818398670742954,
          "median": 0.08990887101390399,
          "p90": 0.6645541314268495,
          "p95": 1.6328448556130764,
          "stdev": 0.5154111649623369
        }
      },
      "/c_slam/factor_batch/d": {
        "attempts": 87,
        "drops": 0,
        "published": 87,
        "delivered": 87,
        "delivery_rate": 1.0,
        "bytes_attempted": 1020833,
        "bytes_published": 1020833,
        "bytes_delivered": null,
        "drop_reasons": {},
        "delivery_method": "ack",
        "ack_latency_s": {
          "count": 87,
          "min": 0.0044232800137251616,
          "max": 0.2639405880472623,
          "mean": 0.07340289455378192,
          "median": 0.060894714028108865,
          "p90": 0.15917865741066645,
          "p95": 0.21028646819177085,
          "stdev": 0.059233602888465374
        }
      }
    },
    "generated_by": {
      "component": "ros2_factor_publisher",
      "pid": 466854
    }
  }
}