{
  "loop_closure_correction": {
    "count": 512,
    "min": 0.010465756990015507,
    "max": 0.20702875102870166,
    "mean": 0.07526944172923322,
    "median": 0.07063103147083893,
    "p90": 0.11806423418456688,
    "p95": 0.1517172685358673,
    "p99": 0.18850733132625466,
    "stdev": 0.038916709133788724
  },
  "interface_correction": {
    "count": 5,
    "min": 0.02305332600371912,
    "max": 0.18234530999325216,
    "mean": 0.08333495919359848,
    "median": 0.0729212699807249,
    "p90": 0.13980147799011322,
    "p95": 0.16107339399168266,
    "p99": 0.17809092679293825,
    "stdev": 0.0529885755500329
  },
  "loop_closure_correction_stabilised": {
    "count": 512,
    "min": 0.5584385395050049,
    "max": 23.85532236099243,
    "mean": 15.216935526113957,
    "median": 17.13328242301941,
    "p90": 22.60403959751129,
    "p95": 23.095943343639377,
    "p99": 23.544595577716827,
    "stdev": 6.89858204993168
  },
  "loop_closure_correction_stabilised_params": {
    "epsilon": 0.001,
    "required": 3
  },
  "interface_correction_stabilised": {
    "count": 5,
    "min": 22.60300850868225,
    "max": 24.901960611343384,
    "mean": 23.4869065284729,
    "median": 23.263068675994873,
    "p90": 24.359854459762573,
    "p95": 24.63090753555298,
    "p99": 24.847749996185303,
    "stdev": 0.7709862938918004
  },
  "interface_correction_stabilised_params": {
    "epsilon": 0.001,
    "required": 3
  },
  "time_to_global_convergence_s": 24.691514015197754,
  "time_to_global_convergence_method": "last_map_broadcast",
  "timeline_start_ts": 1770283055.2308002,
  "timeline_end_ts": 1770283079.9223142,
  "optimization_duration_s": {
    "count": 304,
    "min": 0.000675605027936399,
    "max": 0.08823618304450065,
    "mean": 0.010856151252435092,
    "median": 0.004924106498947367,
    "p90": 0.03200511609902604,
    "p95": 0.054166738392086695,
    "p99": 0.07650332504068492,
    "stdev": 0.016716690065767734
  },
  "communication_uplink_messages": 637,
  "communication_uplink_bytes": 7521237,
  "communication_downlink_messages": 304,
  "communication_downlink_bytes": 83488475,
  "communication_uplink_bytes_per_s": 304608.1741026751,
  "communication_downlink_bytes_per_s": 3381261.875987532,
  "delivery_topics": {
    "/c_slam/factor_batch/d": {
      "attempts": 176.0,
      "drops": 0.0,
      "delivered": 176.0,
      "delivery_rate": 1.0
    },
    "/c_slam/factor_batch/b": {
      "attempts": 50.0,
      "drops": 0.0,
      "delivered": 50.0,
      "delivery_rate": 1.0
    },
    "/c_slam/factor_batch/c": {
      "attempts": 95.0,
      "drops": 0.0,
      "delivered": 95.0,
      "delivery_rate": 1.0
    },
    "/c_slam/factor_batch/a": {
      "attempts": 233.0,
      "drops": 0.0,
      "delivered": 233.0,
      "delivery_rate": 1.0
    },
    "/c_slam/factor_batch/e": {
      "attempts": 83.0,
      "drops": 0.0,
      "delivered": 83.0,
      "delivery_rate": 1.0
    }
  },
  "delivery_rate": {
    "count": 5,
    "min": 1.0,
    "max": 1.0,
    "mean": 1.0,
    "median": 1.0,
    "p90": 1.0,
    "p95": 1.0,
    "p99": 1.0,
    "stdev": 0.0
  },
  "estimation_metrics": {
    "ate": {
      "d": {
        "matches": 1062,
        "rmse": 2.3926869170139957,
        "R": [
          [
            0.999950893777022,
            0.009907381559990932,
            -0.00023200249912195365
          ],
          [
            -0.009909056118243631,
            0.9999111748919252,
            -0.008913637478299492
          ],
          [
            0.00014367108388994377,
            0.008915498689013292,
            0.9999602458306759
          ]
        ],
        "t": [
          -0.5208526341781976,
          1.3361659667436925,
          -0.08571032309500115
        ],
        "s": 1.0
      },
      "e": {
        "matches": 529,
        "rmse": 2.530748629392832,
        "R": [
          [
            0.999993800412308,
            0.0034662909490398492,
            -0.0006196482908574236
          ],
          [
            -0.003466830615701227,
            0.9999936103460442,
            -0.0008719819751736579
          ],
          [
            0.0006166217882909927,
            0.000874124784910623,
            0.9999994278415516
          ]
        ],
        "t": [
          0.6109376656385734,
          0.5435471237605114,
          -0.061057932308966834
        ],
        "s": 1.0
      },
      "b": {
        "matches": 265,
        "rmse": 1.3529565857554333,
        "R": [
          [
            0.9999582037896337,
            0.00905244338673773,
            -0.0012821632263079327
          ],
          [
            -0.009054273141140792,
            0.999957988820458,
            -0.0014285419242251636
          ],
          [
            0.001269177566223803,
            0.0014400912726488801,
            0.9999981576610188
          ]
        ],
        "t": [
          -0.8338157109627105,
          1.4669425670198688,
          -0.12237206653251675
        ],
        "s": 1.0
      },
      "c": {
        "matches": 624,
        "rmse": 1.6056383588309067,
        "R": [
          [
            0.999983123046483,
            0.005307195730645652,
            -0.0023637461113127554
          ],
          [
            -0.00531996843357779,
            0.9999711034904171,
            -0.00543048064374025
          ],
          [
            0.0023348571836127856,
            0.005442964048467988,
            0.9999824611383437
          ]
        ],
        "t": [
          -0.6917681956457642,
          1.1150480526920177,
          -0.63851367412525
        ],
        "s": 1.0
      },
      "a": {
        "matches": 1357,
        "rmse": 2.0701668231503736,
        "R": [
          [
            0.9999478658458406,
            0.00914476736950992,
            0.004542996819894217
          ],
          [
            -0.009115262257709245,
            0.9999375013661582,
            -0.006473434604317152
          ],
          [
            -0.004601910942337653,
            0.0064316865098302325,
            0.9999687274231721
          ]
        ],
        "t": [
          -0.4407917285488736,
          1.4052080600161574,
          0.09648945271791876
        ],
        "s": 1.0
      }
    },
    "rpe": {
      "d": {
        "1": {
          "count": 1061.0,
          "rmse": 0.7132767303833153,
          "mean": 0.22817777359844119,
          "pstd": 0.6757947896676706,
          "mean_dt": 1.0
        },
        "10": {
          "count": 1052.0,
          "rmse": 1.108745775423881,
          "mean": 0.7722985811120957,
          "pstd": 0.7955325864680498,
          "mean_dt": 10.0
        },
        "50": {
          "count": 1012.0,
          "rmse": 2.4840947351145997,
          "mean": 2.096658277385426,
          "pstd": 1.332197703381614,
          "mean_dt": 50.0
        }
      },
      "e": {
        "1": {
          "count": 528.0,
          "rmse": 0.4949112281107639,
          "mean": 0.1544591440321179,
          "pstd": 0.4701909149855725,
          "mean_dt": 1.0
        },
        "10": {
          "count": 519.0,
          "rmse": 0.8282558607839018,
          "mean": 0.6250851709898518,
          "pstd": 0.5433933197339379,
          "mean_dt": 10.0
        },
        "50": {
          "count": 479.0,
          "rmse": 2.381627440385099,
          "mean": 2.0881711353419004,
          "pstd": 1.1452906069291748,
          "mean_dt": 50.0
        }
      },
      "b": {
        "1": {
          "count": 264.0,
          "rmse": 0.4055206995164295,
          "mean": 0.15549028927482877,
          "pstd": 0.37452611080874487,
          "mean_dt": 1.0
        },
        "10": {
          "count": 255.0,
          "rmse": 0.7446197823060288,
          "mean": 0.6218996886701219,
          "pstd": 0.4095111688751396,
          "mean_dt": 10.0
        },
        "50": {
          "count": 215.0,
          "rmse": 2.238407989148167,
          "mean": 2.1042080828842584,