{
  "ate": {
    "d": {
      "matches": 1062,
      "rmse": 2.3926869170139957,
      "R": [
        [
          0.999950893777022,
          0.009907381559990932,
          -0.00023200249912195365
        ],
        [
          -0.009909056118243631,
          0.9999111748919252,
          -0.008913637478299492
        ],
        [
          0.00014367108388994377,
          0.008915498689013292,
          0.9999602458306759
        ]
      ],
      "t": [
        -0.5208526341781976,
        1.3361659667436925,
        -0.08571032309500115
      ],
      "s": 1.0
    },
    "e": {
      "matches": 529,
      "rmse": 2.530748629392832,
      "R": [
        [
          0.999993800412308,
          0.0034662909490398492,
          -0.0006196482908574236
        ],
        [
          -0.003466830615701227,
          0.9999936103460442,
          -0.0008719819751736579
        ],
        [
          0.0006166217882909927,
          0.000874124784910623,
          0.9999994278415516
        ]
      ],
      "t": [
        0.6109376656385734,
        0.5435471237605114,
        -0.061057932308966834
      ],
      "s": 1.0
    },
    "b": {
      "matches": 265,
      "rmse": 1.3529565857554333,
      "R": [
        [
          0.9999582037896337,
          0.00905244338673773,
          -0.0012821632263079327
        ],
        [
          -0.009054273141140792,
          0.999957988820458,
          -0.0014285419242251636
        ],
        [
          0.001269177566223803,
          0.0014400912726488801,
          0.9999981576610188
        ]
      ],
      "t": [
        -0.8338157109627105,
        1.4669425670198688,
        -0.12237206653251675
      ],
      "s": 1.0
    },
    "c": {
      "matches": 624,
      "rmse": 1.6056383588309067,
      "R": [
        [
          0.999983123046483,
          0.005307195730645652,
          -0.0023637461113127554
        ],
        [
          -0.00531996843357779,
          0.9999711034904171,
          -0.00543048064374025
        ],
        [
          0.0023348571836127856,
          0.005442964048467988,
          0.9999824611383437
        ]
      ],
      "t": [
        -0.6917681956457642,
        1.1150480526920177,
        -0.63851367412525
      ],
      "s": 1.0
    },
    "a": {
      "matches": 1357,
      "rmse": 2.0701668231503736,
      "R": [
        [
          0.9999478658458406,
          0.00914476736950992,
          0.004542996819894217
        ],
        [
          -0.009115262257709245,
          0.9999375013661582,
          -0.006473434604317152
        ],
        [
          -0.004601910942337653,
          0.0064316865098302325,
          0.9999687274231721
        ]
      ],
      "t": [
        -0.4407917285488736,
        1.4052080600161574,
        0.09648945271791876
      ],
      "s": 1.0
    }
  },
  "rpe": {
    "d": {
      "1": {
        "count": 1061.0,
        "rmse": 0.7132767303833153,
        "mean": 0.22817777359844119,
        "pstd": 0.6757947896676706,
        "mean_dt": 1.0
      },
      "10": {
        "count": 1052.0,
        "rmse": 1.108745775423881,
        "mean": 0.7722985811120957,
        "pstd": 0.7955325864680498,
        "mean_dt": 10.0
      },
      "50": {
        "count": 1012.0,
        "rmse": 2.4840947351145997,
        "mean": 2.096658277385426,
        "pstd": 1.332197703381614,
        "mean_dt": 50.0
      }
    },
    "e": {
      "1": {
        "count": 528.0,
        "rmse": 0.4949112281107639,
        "mean": 0.1544591440321179,
        "pstd": 0.4701909149855725,
        "mean_dt": 1.0
      },
      "10": {
        "count": 519.0,
        "rmse": 0.8282558607839018,
        "mean": 0.6250851709898518,
        "pstd": 0.5433933197339379,
        "mean_dt": 10.0
      },
      "50": {
        "count": 479.0,
        "rmse": 2.381627440385099,
        "mean": 2.0881711353419004,
        "pstd": 1.1452906069291748,
        "mean_dt": 50.0
      }
    },
    "b": {
      "1": {
        "count": 264.0,
        "rmse": 0.4055206995164295,
        "mean": 0.15549028927482877,
        "pstd": 0.37452611080874487,
        "mean_dt": 1.0
      },
      "10": {
        "count": 255.0,
        "rmse": 0.7446197823060288,
        "mean": 0.6218996886701219,
        "pstd": 0.4095111688751396,
        "mean_dt": 10.0
      },
      "50": {
        "count": 215.0,
        "rmse": 2.238407989148167,
        "mean": 2.1042080828842584,
        "pstd": 0.7633994169547752,
        "mean_dt": 50.0
      }
    },
    "c": {
      "1": {
        "count": 623.0,
        "rmse": 0.21324513786700036,
        "mean": 0.10618412494958793,
        "pstd": 0.18492814937863378,
        "mean_dt": 1.0
      },
      "10": {
        "count": 614.0,
        "rmse": 0.6003954655971833,
        "mean": 0.5234476513189529,
        "pstd": 0.2940701811444512,
        "mean_dt": 10.0
      },
      "50": {
        "count": 574.0,
        "rmse": 1.9164094384578614,
        "mean": 1.7412000704433017,
        "pstd": 0.8005294813425765,
        "mean_dt": 50.0
      }
    },
    "a": {
      "1": {
        "count": 1356.0,
        "rmse": 0.1201456085955588,
        "mean": 0.08534891735608245,
        "pstd": 0.08456080398708282,
        "mean_dt": 1.0
      },
      "10": {
        "count": 1347.0,
        "rmse": 0.6194568903598618,
        "mean": 0.5504133788381694,
        "pstd": 0.28420406649142077,
        "mean_dt": 10.0
      },
      "50": {
        "count": 1307.0,
        "rmse": 2.2170278754501687,
        "mean": 1.9404172989316038,
        "pstd": 1.0723774086253748,
        "mean_dt": 50.0
      }
    }
  }
}