{
  "stats": {
    "topics": {
      "/c_slam/factor_batch/d": {
        "attempts": 176,
        "drops": 0,
        "published": 176,
        "delivered": 176,
        "delivery_rate": 1.0,
        "bytes_attempted": 2081740,
        "bytes_published": 2081740,
        "bytes_delivered": null,
        "drop_reasons": {},
        "delivery_method": "ack",
        "ack_latency_s": {
          "count": 176,
          "min": 0.008265297976322472,
          "max": 7.7772033649962395,
          "mean": 2.7677181167455274,
          "median": 2.0946927045006305,
          "p90": 6.271266490977723,
          "p95": 6.576415666742832,
          "stdev": 2.621008955711754
        }
      },
      "/c_slam/factor_batch/b": {
        "attempts": 50,
        "drops": 0,
        "published": 50,
        "delivered": 50,
        "delivery_rate": 1.0,
        "bytes_attempted": 583584,
        "bytes_published": 583584,
        "bytes_delivered": null,
        "drop_reasons": {},
        "delivery_method": "ack",
        "ack_latency_s": {
          "count": 50,
          "min": 0.005693726998288184,
          "max": 7.774305049038958,
          "mean": 0.6228379496210255,
          "median": 0.30755035098991357,
          "p90": 1.3966585701855367,
          "p95": 1.5823021928052183,
          "stdev": 1.1537647038401653
        }
      },
      "/c_slam/factor_batch/c": {
        "attempts": 95,
        "drops": 0,
        "published": 95,
        "delivered": 95,
        "delivery_rate": 1.0,
        "bytes_attempted": 1118221,
        "bytes_published": 1118221,
        "bytes_delivered": null,
        "drop_reasons": {},
        "delivery_method": "ack",
        "ack_latency_s": {
          "count": 95,
          "min": 0.007488481991458684,
          "max": 7.770048301026691,
          "mean": 1.6073817297565065,
          "median": 0.43433583300793543,
          "p90": 4.891150591778569,
          "p95": 5.160142653586808,
          "stdev": 1.9469981997525174
        }
      },
      "/c_slam/factor_batch/a": {
        "attempts": 233,
        "drops": 0,
        "published": 233,
        "delivered": 233,
        "delivery_rate": 1.0,
        "bytes_attempted": 2756186,
        "bytes_published": 2756186,
        "bytes_delivered": null,
        "drop_reasons": {},
        "delivery_method": "ack",
        "ack_latency_s": {
          "count": 233,
          "min": 0.006462578021455556,
          "max": 7.844280884019099,
          "mean": 4.4315329497185925,
          "median": 5.61747998703504,
          "p90": 7.278248772572261,
          "p95": 7.467995919822714,
          "stdev": 2.8340677613867387
        }
      },
      "/c_slam/factor_batch/e": {
        "attempts": 83,
        "drops": 0,
        "published": 83,
        "delivered": 83,
        "delivery_rate": 1.0,
        "bytes_attempted": 981506,
        "bytes_published": 981506,
        "bytes_delivered": null,
        "drop_reasons": {},
        "delivery_method": "ack",
        "ack_latency_s": {
          "count": 83,
          "min": 0.007330814958550036,
          "max": 7.999496411997825,
          "mean": 1.5791266123709515,
          "median": 0.9356292000156827,
          "p90": 4.239380202826578,
          "p95": 4.553353979281382,
          "stdev": 1.705200952238292
        }
      }
    },
    "generated_by": {
      "component": "ros2_factor_publisher",
      "pid": 534218
    }
  }
}