{
  "loop_closure_correction": {
    "count": 369,
    "min": 0.006245720025617629,
    "max": 0.27332880801986903,
    "mean": 0.07867887946064041,
    "median": 0.07236342196119949,
    "p90": 0.1428527378011495,
    "p95": 0.16858855658210814,
    "p99": 0.20990156068466603,
    "stdev": 0.04453338810413962
  },
  "interface_correction": {
    "count": 4,
    "min": 0.010213457979261875,
    "max": 0.08053262805333361,
    "mean": 0.041030325010069646,
    "median": 0.03668760700384155,
    "p90": 0.06798458114499227,
    "p95": 0.07425860459916292,
    "p99": 0.07927782336249947,
    "stdev": 0.025278330073350726
  },
  "loop_closure_correction_stabilised": {
    "count": 369,
    "min": 0.3614375591278076,
    "max": 21.363548040390015,
    "mean": 11.728796656538801,
    "median": 11.763885259628296,
    "p90": 19.705731630325317,
    "p95": 20.29342041015625,
    "p99": 20.76796856880188,
    "stdev": 6.483031309613676
  },
  "loop_closure_correction_stabilised_params": {
    "epsilon": 0.001,
    "required": 3
  },
  "interface_correction_stabilised": {
    "count": 4,
    "min": 19.104711055755615,
    "max": 21.538936138153076,
    "mean": 20.36542385816574,
    "median": 20.409024119377136,
    "p90": 21.363152313232423,
    "p95": 21.451044225692748,
    "p99": 21.52135775566101,
    "stdev": 0.9436799888490609
  },
  "interface_correction_stabilised_params": {
    "epsilon": 0.001,
    "required": 3
  },
  "time_to_global_convergence_s": 21.38719606399536,
  "time_to_global_convergence_method": "last_map_broadcast",
  "timeline_start_ts": 1770249904.898416,
  "timeline_end_ts": 1770249926.285612,
  "optimization_duration_s": {
    "count": 277,
    "min": 0.0007701969589106739,
    "max": 0.07385856297332793,
    "mean": 0.010187736581481442,
    "median": 0.004534102976322174,
    "p90": 0.03161691083805637,
    "p95": 0.051173223403748115,
    "p99": 0.07151916302507745,
    "stdev": 0.015613932491145822
  },
  "communication_uplink_messages": 584,
  "communication_uplink_bytes": 6899709,
  "communication_downlink_messages": 277,
  "communication_downlink_bytes": 71157651,
  "communication_uplink_bytes_per_s": 322609.33033738966,
  "communication_downlink_bytes_per_s": 3327114.5402641892,
  "delivery_topics": {
    "/c_slam/factor_batch/a": {
      "attempts": 228.0,
      "drops": 0.0,
      "delivered": 228.0,
      "delivery_rate": 1.0
    },
    "/c_slam/factor_batch/b": {
      "attempts": 89.0,
      "drops": 0.0,
      "delivered": 89.0,
      "delivery_rate": 1.0
    },
    "/c_slam/factor_batch/c": {
      "attempts": 180.0,
      "drops": 0.0,
      "delivered": 180.0,
      "delivery_rate": 1.0
    },
    "/c_slam/factor_batch/d": {
      "attempts": 87.0,
      "drops": 0.0,
      "delivered": 87.0,
      "delivery_rate": 1.0
    }
  },
  "delivery_rate": {
    "count": 4,
    "min": 1.0,
    "max": 1.0,
    "mean": 1.0,
    "median": 1.0,
    "p90": 1.0,
    "p95": 1.0,
    "p99": 1.0,
    "stdev": 0.0
  },
  "estimation_metrics": {
    "ate": {
      "a": {
        "matches": 1355,
        "rmse": 2.173272127010515,
        "R": [
          [
            0.9999487606321006,
            0.009918956204557756,
            0.00202247821684777
          ],
          [
            -0.009909447323406744,
            0.9999400482172524,
            -0.004658629092824697
          ],
          [
            -0.002068565703618113,
            0.004638348746262129,
            0.9999871032952564
          ]
        ],
        "t": [
          -1.5104801253918652,
          1.3662179955438774,
          0.033121695649396266
        ],
        "s": 1.0
      },
      "c": {
        "matches": 1062,
        "rmse": 2.424498063147469,
        "R": [
          [
            0.9999299020005987,
            0.01157773179735792,
            0.0024793570740401574
          ],
          [
            -0.011558783311605345,
            0.9999048790578273,
            -0.0075251155942630404
          ],
          [
            -0.002566245005353801,
            0.00749592974754372,
            0.9999686122192996
          ]
        ],
        "t": [
          -1.504688292812645,
          1.125769505456745,
          0.051230634665112795
        ],
        "s": 1.0
      },
      "b": {
        "matches": 607,
        "rmse": 2.3125821709247183,
        "R": [
          [
            0.9999140485345044,
            0.01289276795729676,
            0.0023816124235226856
          ],
          [
            -0.012878285469919143,
            0.999899073569144,
            -0.005999369877179868
          ],
          [
            -0.002458720539597564,
            0.005968183137878051,
            0.9999791675246744
          ]
        ],
        "t": [
          -1.3803147817453123,
          1.3840502705372018,
          0.011438269558099012
        ],
        "s": 1.0
      },
      "d": {
        "matches": 531,
        "rmse": 3.1488842619319395,
        "R": [
          [
            0.9999587616232193,
            0.0020104469763896084,
            0.008856249539915312
          ],
          [
            -0.0019229220991102357,
            0.9999493398233318,
            -0.009880291366285796
          ],
          [
            -0.00887566468265221,
            0.00986285404115219,
            0.9999119694686149
          ]
        ],
        "t": [
          0.49129624104790537,
          0.0512498939417263,
          0.5691200539367189
        ],
        "s": 1.0
      }
    },
    "rpe": {
      "a": {
        "1": {
          "count": 1354.0,
          "rmse": 0.12438220778257239,
          "mean": 0.09201321730615332,
          "pstd": 0.08369289966202405,
          "mean_dt": 1.0
        },
        "10": {
          "count": 1345.0,
          "rmse": 0.7031095727277104,
          "mean": 0.6361197103429993,
          "pstd": 0.29952426508462043,
          "mean_dt": 10.0
        },
        "50": {
          "count": 1305.0,
          "rmse": 2.277429633226904,
          "mean": 2.0563784858408174,
          "pstd": 0.9787712997789972,
          "mean_dt": 50.0
        }
      },
      "c": {
        "1": {
          "count": 1061.0,
          "rmse": 0.7095505001756086,
          "mean": 0.23835080555198512,
          "pstd": 0.6683193890589859,
          "mean_dt": 1.0
        },
        "10": {
          "count": 1052.0,
          "rmse": 1.0070278000700736,
          "mean": 0.7319079258694304,
          "pstd": 0.6916760644720041,
          "mean_dt": 10.0
        },
        "50": {
          "count": 1012.0,
          "rmse": 2.2554701022601673,
          "mean": 1.970345168249924,
          "pstd": 1.0976726744087553,
          "mean_dt": 50.0
        }
      },
      "b": {
        "1": {
          "count": 606.0,
          "rmse": 0.12140155461490247,
          "mean": 0.09359422007119232,
          "pstd": 0.07732049813717172,
          "mean_dt": 1.0
        },
        "10": {
          "count": 597.0,
          "rmse": 0.7728290310345572,
          "mean": 0.7061539861253264,
          "pstd": 0.31402429697258283,
          "mean_dt": 10.0
        },
        "50": {
          "count": 557.0,
          "rmse": 2.5542403833175937,
          "mean": 2.3659101949209504,
          "pstd": 0.9626073370484516,
          "mean_dt": 50.0
        }
      },
      "d": {
        "1": {
          "count": 530.0,
          "rmse": 0.507345384528642,
          "mean": 0.17600484620349105,
          "pstd": 0.4758378224935476,
          "mean_dt": 1.0
        },
        "10": {
          "count": 521.0,
          "rmse": 0.9807909549986104,
          "mean": 0.828549939771711,
          "pstd": 0.524838922633773,
          "mean_dt": 10.0
        },
        "50": {
          "count": 481.0,
          "rmse": 3.131245822516329,
          "mean": 2.920160173087141,
          "pstd": 1.1302057177972706,
          "mean_dt": 50.0
        }
      }
    }
  },
  "input_end_team_ts": 1770249926.2856922,