{
  "stats": {
    "topics": {
      "/c_slam/factor_batch/a": {
        "attempts": 228,
        "drops": 0,
        "published": 228,
        "delivered": 228,
        "delivery_rate": 1.0,
        "bytes_attempted": 2698462,
        "bytes_published": 2698462,
        "bytes_delivered": null,
        "drop_reasons": {},
        "delivery_method": "ack",
        "ack_latency_s": {
          "count": 228,
          "min": 0.007176789978984743,
          "max": 6.354776612017304,
          "mean": 2.174351085869906,
          "median": 2.0919375409721397,
          "p90": 5.71510050049401,
          "p95": 6.119941634932183,
          "stdev": 2.085628503361351
        }
      },
      "/c_slam/factor_batch/b": {
        "attempts": 89,
        "drops": 0,
        "published": 89,
        "delivered": 89,
        "delivery_rate": 1.0,
        "bytes_attempted": 1046968,
        "bytes_published": 1046968,
        "bytes_delivered": null,
        "drop_reasons": {},
        "delivery_method": "ack",
        "ack_latency_s": {
          "count": 89,
          "min": 0.008120323996990919,
          "max": 6.296926029957831,
          "mean": 0.5279680453711765,
          "median": 0.07048490102170035,
          "p90": 1.616264634218533,
          "p95": 2.004175749002024,
          "stdev": 0.8962592539209558
        }
      },
      "/c_slam/factor_batch/c": {
        "attempts": 180,
        "drops": 0,
        "published": 180,
        "delivered": 180,
        "delivery_rate": 1.0,
        "bytes_attempted": 2129899,
        "bytes_published": 2129899,
        "bytes_delivered": null,
        "drop_reasons": {},
        "delivery_method": "ack",
        "ack_latency_s": {
          "count": 180,
          "min": 0.007753673999104649,
          "max": 6.300388236995786,
          "mean": 2.3241352857973347,
          "median": 2.1664592554734554,
          "p90": 5.109074089583009,
          "p95": 5.542535422916989,
          "stdev": 1.8676646156839105
        }
      },
      "/c_slam/factor_batch/d": {
        "attempts": 87,
        "drops": 0,
        "published": 87,
        "delivered": 87,
        "delivery_rate": 1.0,
        "bytes_attempted": 1024380,
        "bytes_published": 1024380,
        "bytes_delivered": null,
        "drop_reasons": {},
        "delivery_method": "ack",
        "ack_latency_s": {
          "count": 87,
          "min": 0.005521368992049247,
          "max": 6.506235982000362,
          "mean": 0.6854782238985336,
          "median": 0.24041828600456938,
          "p90": 1.8508196564274846,
          "p95": 1.975674578419421,
          "stdev": 0.9660569944861229
        }
      }
    },
    "generated_by": {
      "component": "ros2_factor_publisher",
      "pid": 495170
    }
  }
}