{
  "a": {
    "ate": {
      "matches": 1347,
      "rmse": 2.658214569409348,
      "R": [
        [
          0.9991513641295305,
          0.039992849105588126,
          -0.009855129553499509
        ],
        [
          -0.04009654139409762,
          0.9991400201726544,
          -0.010558762125332091
        ],
        [
          0.009424379360467429,
          0.010944958191130859,
          0.9998956890415442
        ]
      ],
      "t": [
        -3.5276234409476217,
        4.351115359499744,
        -2.682365151535622
      ],
      "s": 1.0
    },
    "rpe": {
      "1": {
        "count": 1346.0,
        "rmse": 0.1508872511601842,
        "mean": 0.10560161281595512,
        "pstd": 0.10777412460022866,
        "mean_dt": 1.0
      },
      "10": {
        "count": 1337.0,
        "rmse": 0.8716402528866609,
        "mean": 0.7684462604327703,
        "pstd": 0.411396494004523,
        "mean_dt": 10.0
      },
      "50": {
        "count": 1297.0,
        "rmse": 2.9002987336768364,
        "mean": 2.5891930096905664,
        "pstd": 1.3068329285478502,
        "mean_dt": 50.0
      }
    }
  },
  "b": {
    "ate": {
      "matches": 617,
      "rmse": 4.690100566414193,
      "R": [
        [
          0.9998149269564828,
          -0.0031528458353255965,
          -0.018978182161174216
        ],
        [
          0.003144954895491746,
          0.9999949553274827,
          -0.00044562124344101756
        ],
        [
          0.018979491397541726,
          0.0003858532440659604,
          0.9998197987755418
        ]
      ],
      "t": [
        -3.966411682402466,
        -1.7394496646929554,
        -6.360075203552855
      ],
      "s": 1.0
    },
    "rpe": {
      "1": {
        "count": 616.0,
        "rmse": 0.3235635585625813,
        "mean": 0.1564502259176265,
        "pstd": 0.2832255342302396,
        "mean_dt": 1.0
      },
      "10": {
        "count": 607.0,
        "rmse": 1.3525563512073018,
        "mean": 1.0603349444512151,
        "pstd": 0.8397014283463189,
        "mean_dt": 10.0
      },
      "50": {
        "count": 567.0,
        "rmse": 4.709862694069412,
        "mean": 3.6914457229340982,
        "pstd": 2.9250700968726067,
        "mean_dt": 50.0
      }
    }
  },
  "c": {
    "ate": {
      "matches": 1070,
      "rmse": 3.2852108867152725,
      "R": [
        [
          0.9992292125564235,
          0.0388114166324326,
          -0.00588682536297367
        ],
        [
          -0.03887878027510727,
          0.9991743028140969,
          -0.011796314690758317
        ],
        [
          0.005424132943647245,
          0.012016094829319188,
          0.9999130923469611
        ]
      ],
      "t": [
        -3.4439510526504478,
        5.138103136755177,
        -2.1214249308483604
      ],
      "s": 1.0
    },
    "rpe": {
      "1": {
        "count": 1069.0,
        "rmse": 0.8695658407972512,
        "mean": 0.2452490981623694,
        "pstd": 0.8342647249716215,
        "mean_dt": 1.0
      },
      "10": {
        "count": 1060.0,
        "rmse": 1.2990582996537718,
        "mean": 0.9272727908822388,
        "pstd": 0.9097898862862854,
        "mean_dt": 10.0
      },
      "50": {
        "count": 1020.0,
        "rmse": 3.0091096618590787,
        "mean": 2.667781348819027,
        "pstd": 1.3920070517015994,
        "mean_dt": 50.0
      }
    }
  }
}