{
  "stats": {
    "topics": {
      "/c_slam/factor_batch/a": {
        "attempts": 221,
        "drops": 0,
        "published": 221,
        "delivered": 221,
        "delivery_rate": 1.0,
        "bytes_attempted": 2614045,
        "bytes_published": 2614045,
        "bytes_delivered": null,
        "drop_reasons": {},
        "delivery_method": "ack",
        "ack_latency_s": {
          "count": 221,
          "min": 0.0052729579620063305,
          "max": 0.008066228008829057,
          "mean": 0.006744352584953391,
          "median": 0.0067259230418130755,
          "p90": 0.006904134002979845,
          "p95": 0.007001115998718888,
          "stdev": 0.0002330243307933761
        }
      },
      "/c_slam/factor_batch/c": {
        "attempts": 182,
        "drops": 0,
        "published": 182,
        "delivered": 182,
        "delivery_rate": 1.0,
        "bytes_attempted": 2149962,
        "bytes_published": 2149962,
        "bytes_delivered": null,
        "drop_reasons": {},
        "delivery_method": "ack",
        "ack_latency_s": {
          "count": 182,
          "min": 0.004014404024928808,
          "max": 0.007937948976177722,
          "mean": 0.006657548884894433,
          "median": 0.006668535992503166,
          "p90": 0.006847287697019056,
          "p95": 0.006908138902508654,
          "stdev": 0.00027954381781583994
        }
      },
      "/c_slam/factor_batch/b": {
        "attempts": 94,
        "drops": 0,
        "published": 94,
        "delivered": 94,
        "delivery_rate": 1.0,
        "bytes_attempted": 1107424,
        "bytes_published": 1107424,
        "bytes_delivered": null,
        "drop_reasons": {},
        "delivery_method": "ack",
        "ack_latency_s": {
          "count": 94,
          "min": 0.004876659018918872,
          "max": 0.0080403609899804,
          "mean": 0.006671011539552599,
          "median": 0.006664308020845056,
          "p90": 0.006883712514536455,
          "p95": 0.0069855860463576384,
          "stdev": 0.00028945551408727366
        }
      }
    },
    "generated_by": {
      "component": "ros2_factor_publisher",
      "pid": 513785
    }
  }
}