{
  "loop_closure_correction": {
    "count": 331,
    "min": 0.012125085049774498,
    "max": 0.5031728490139358,
    "mean": 0.10130031447413763,
    "median": 0.05776934599271044,
    "p90": 0.24693432200001553,
    "p95": 0.32277465850347653,
    "p99": 0.39512057120446115,
    "stdev": 0.09342336889412783
  },
  "interface_correction": {
    "count": 5,
    "min": 0.044484867015853524,
    "max": 0.37469566497020423,
    "mean": 0.1639607626129873,
    "median": 0.16258437401847914,
    "p90": 0.29020517698954795,
    "p95": 0.33245042097987604,
    "p99": 0.36624661617213855,
    "stdev": 0.11547868128497703
  },
  "loop_closure_correction_stabilised": {
    "count": 0
  },
  "loop_closure_correction_stabilised_params": {
    "epsilon": 0.001,
    "required": 3
  },
  "interface_correction_stabilised": {
    "count": 0
  },
  "interface_correction_stabilised_params": {
    "epsilon": 0.001,
    "required": 3
  },
  "time_to_global_convergence_s": 7.916292190551758,
  "time_to_global_convergence_method": "last_map_broadcast",
  "timeline_start_ts": 1770242297.6056814,
  "timeline_end_ts": 1770242305.5219736,
  "optimization_duration_s": {
    "count": 116,
    "min": 0.0007806240464560688,
    "max": 0.039223445986863226,
    "mean": 0.0067749886727361975,
    "median": 0.0029269954829942435,
    "p90": 0.02153041251585819,
    "p95": 0.032074719230877236,
    "p99": 0.03510131254734006,
    "stdev": 0.009077317249998615
  },
  "communication_uplink_messages": 611,
  "communication_uplink_bytes": 7220041,
  "communication_downlink_messages": 116,
  "communication_downlink_bytes": 16667997,
  "communication_uplink_bytes_per_s": 912048.3208814921,
  "communication_downlink_bytes_per_s": 2105530.796335886,
  "delivery_topics": {},
  "estimation_metrics": {
    "ate": {
      "d": {
        "matches": 574,
        "rmse": 2.385873197894098,
        "R": [
          [
            0.9999488163001705,
            0.00685522353887476,
            0.007441148440961341
          ],
          [
            -0.006868836058122348,
            0.9999747795927203,
            0.0018053447583428056
          ],
          [
            -0.007428584730283861,
            -0.0018563643828437282,
            0.999970684590395
          ]
        ],
        "t": [
          -1.5631820391232623,
          1.3394037853774705,
          0.9977190642108389
        ],
        "s": 1.0
      },
      "b": {
        "matches": 187,
        "rmse": 1.6486983613696216,
        "R": [
          [
            0.9999443324893694,
            0.010542702492288532,
            0.0004281898512095046
          ],
          [
            -0.01054217433833993,
            0.9999436885015922,
            -0.001217532771881788
          ],
          [
            -0.00044100182498595965,
            0.0012129509428019034,
            0.9999991671333536
          ]
        ],
        "t": [
          -1.4969084161784636,
          1.2454078699045446,
          -0.02503626449722951
        ],
        "s": 1.0
      },
      "c": {
        "matches": 494,
        "rmse": 1.5938955131711325,
        "R": [
          [
            0.999987584871809,
            0.001863849476798668,
            0.0046212733499123295
          ],
          [
            -0.0018740417766085226,
            0.9999958192004321,
            0.00220216917531655
          ],
          [
            -0.0046171495174294735,
            -0.0022108022944227756,
            0.9999868970559307
          ]
        ],
        "t": [
          -0.3945612535594165,
          0.19193555612261548,
          0.2975908408919903
        ],
        "s": 1.0
      },
      "e": {
        "matches": 215,
        "rmse": 1.8283422817190198,
        "R": [
          [
            0.9998114879896891,
            -0.015558800644891159,
            0.01161517138639252
          ],
          [
            0.015552043482696992,
            0.9998788339366022,
            0.0006718549637262441
          ],
          [
            -0.011624217279242864,
            -0.0004910886605362652,
            0.9999323159117185
          ]
        ],
        "t": [
          1.2425350232091716,
          -1.123663735887341,
          1.1878469871428168
        ],
        "s": 1.0
      },
      "a": {
        "matches": 385,
        "rmse": 1.241662556992337,
        "R": [
          [
            0.9999537248000607,
            0.008613224239297057,
            0.004284930184600827
          ],
          [
            -0.008608333491611326,
            0.9999622765009449,
            -0.0011585204118169448
          ],
          [
            -0.004294747138133824,
            0.001121580693035945,
            0.9999901485533585
          ]
        ],
        "t": [
          -1.458224295455068,
          1.6567281487598748,
          0.3520467153758329
        ],
        "s": 1.0
      }
    },
    "rpe": {
      "d": {
        "1": {
          "count": 573.0,
          "rmse": 0.7561559977687153,
          "mean": 0.21108061751033547,
          "pstd": 0.7260970085829144,
          "mean_dt": 1.0
        },
        "10": {
          "count": 564.0,
          "rmse": 1.0052946843857693,
          "mean": 0.6909743073393382,
          "pstd": 0.730186215325382,
          "mean_dt": 10.0
        },
        "50": {
          "count": 524.0,
          "rmse": 2.519908314825018,
          "mean": 1.9965647048634279,
          "pstd": 1.5374222889036937,
          "mean_dt": 50.0
        }
      },
      "b": {
        "1": {
          "count": 186.0,
          "rmse": 0.6949739195377374,
          "mean": 0.288124119263659,
          "pstd": 0.6324343766243151,
          "mean_dt": 1.0
        },
        "10": {
          "count": 177.0,
          "rmse": 1.2120948893365369,
          "mean": 1.0936478428313163,
          "pstd": 0.5225977579612822,
          "mean_dt": 10.0
        },
        "50": {
          "count": 137.0,
          "rmse": 3.0687661819121255,
          "mean": 2.880036738187799,
          "pstd": 1.0595821185430156,
          "mean_dt": 50.0
        }
      },
      "c": {
        "1": {
          "count": 493.0,
          "rmse": 1.1630267519741933,
          "mean": 0.6149897851947325,
          "pstd": 0.9871265318659903,
          "mean_dt": 1.0
        },
        "10": {
          "count": 484.0,
          "rmse": 1.2699721979525473,
          "mean": 0.958088967338464,
          "pstd": 0.8336035713915456,
          "mean_dt": 10.0
        },
        "50": {
          "count": 444.0,
          "rmse": 2.112362411577009,
          "mean": 1.8982395784406147,
          "pstd": 0.926693833304741,
          "mean_dt": 50.0
        }
      },
      "e": {
        "1": {
          "count": 214.0,
          "rmse": 0.9603185091612354,
          "mean": 0.26056583814244205,
          "pstd": 0.9242927474727823,
          "mean_dt": 1.0
        },
        "10": {
          "count": 205.0,
          "rmse": 1.0626031365299062,
          "mean": 0.6476838703341361,
          "pstd": 0.8423960053752562,
          "mean_dt": 10.0
        },
        "50": {
          "count": 165.0,
          "rmse": 2.2300760844386973,
          "mean": 1.7872352750915586,
          "pstd": 1.333802614277627,
          "mean_dt": 50.0
        }
      },
      "a": {
        "1": {
          "count": 384.0,
          "rmse": 0.14200118086466557,
          "mean": 0.09319813175596493,
          "pstd": 0.10713749859016343,
          "mean_dt": 1.0
        },
        "10": {
          "count": 375.0,
          "rmse": 0.681581561390099,
          "mean": 0.5790205117287577,
          "pstd": 0.3595673397631276,
          "mean_dt": 10.0
        },
        "50": {
          "count": 335.0,
          "rmse": 2.0679587777925645,
          "mean": 1.676631223693459,
          "pstd": 1.2105210639990918,
          "mean_dt": 50.0
        }
      }
    }
  },
  "input_end_team_ts": 1770242314.22,
  "input_end_method": "sensor_ingest_fallback",