{
  "ate": {
    "matches": 607,
    "rmse": 1.8526227207428703,
    "R": [
      [
        0.9999819587808777,
        0.0010347107526276099,
        0.0059170504830084285
      ],
      [
        -0.0010581461516131255,
        0.9999916036933221,
        0.003958897520796166
      ],
      [
        -0.005912904487804625,
        -0.003965087201655962,
        0.9999746575008795
      ]
    ],
    "t": [
      -0.5977345368762599,
      0.37485866892127717,
      0.025442248795946032
    ],
    "s": 1.0
  },
  "rpe": {
    "1": {
      "count": 606.0,
      "rmse": 0.11313699339631703,
      "mean": 0.09138394361807317,
      "pstd": 0.06670048068467804,
      "mean_dt": 1.0
    },
    "10": {
      "count": 597.0,
      "rmse": 0.7214514261510239,
      "mean": 0.6273748578159514,
      "pstd": 0.3562203644877156,
      "mean_dt": 10.0
    },
    "50": {
      "count": 557.0,
      "rmse": 2.3731954127037627,
      "mean": 2.093869865285569,
      "pstd": 1.1170342224512086,
      "mean_dt": 50.0
    }
  }
}