{
  "ate": {
    "matches": 1062,
    "rmse": 2.3804842885810507,
    "R": [
      [
        0.9999556675425113,
        0.007848880638965801,
        0.005201732627368502
      ],
      [
        -0.00781910372693784,
        0.9999530690926086,
        -0.005720247300711995
      ],
      [
        -0.005246386043624939,
        0.005679320821118522,
        0.9999701099275382
      ]
    ],
    "t": [
      -0.6198993925629566,
      1.13781478958294,
      0.19841718704134248
    ],
    "s": 1.0
  },
  "rpe": {
    "1": {
      "count": 1061.0,
      "rmse": 0.5191899547174418,
      "mean": 0.18386127127991636,
      "pstd": 0.48554427398830746,
      "mean_dt": 1.0
    },
    "10": {
      "count": 1052.0,
      "rmse": 0.8848532177511478,
      "mean": 0.7107866289617135,
      "pstd": 0.527017632583391,
      "mean_dt": 10.0
    },
    "50": {
      "count": 1012.0,
      "rmse": 2.3576724204865953,
      "mean": 2.0643167789352646,
      "pstd": 1.138953677077982,
      "mean_dt": 50.0
    }
  }
}