{
  "loop_closure_correction": {
    "count": 0
  },
  "interface_correction": {
    "count": 0
  },
  "loop_closure_correction_stabilised": {
    "count": 0
  },
  "loop_closure_correction_stabilised_params": {
    "epsilon": 0.001,
    "required": 3
  },
  "interface_correction_stabilised": {
    "count": 32494,
    "min": 0.11813688278198242,
    "max": 123.75850820541382,
    "mean": 0.8026566694661376,
    "median": 0.5608632564544678,
    "p90": 1.3257222175598145,
    "p95": 1.3710240721702576,
    "p99": 1.4216421627998352,
    "stdev": 2.267128080878284
  },
  "interface_correction_stabilised_params": {
    "epsilon": 0.001,
    "required": 3
  },
  "time_to_global_convergence_s": 0.24118781089782715,
  "time_to_global_convergence_method": "delta_threshold",
  "timeline_start_ts": 1770255766.6821926,
  "timeline_end_ts": 1770255766.9233804,
  "optimization_duration_s": {
    "count": 505,
    "min": 0.000565483991522342,
    "max": 0.028709703008644283,
    "mean": 0.0037016770833559185,
    "median": 0.001419994980096817,
    "p90": 0.009029123024083674,
    "p95": 0.018137251003645355,
    "p99": 0.028139214594848454,
    "stdev": 0.005717548671160066
  },
  "communication_uplink_messages": 33607,
  "communication_uplink_bytes": 45449894,
  "communication_downlink_messages": 0,
  "communication_downlink_bytes": 0,
  "communication_uplink_bytes_per_s": 188441919.31097898,
  "communication_downlink_bytes_per_s": 0.0,
  "delivery_topics": {
    "/c_slam/factor_batch/d": {
      "attempts": 176.0,
      "drops": 0.0,
      "delivered": 175.0,
      "delivery_rate": 0.9943181818181818
    },
    "/c_slam/factor_batch/b": {
      "attempts": 50.0,
      "drops": 0.0,
      "delivered": 49.0,
      "delivery_rate": 0.98
    },
    "/c_slam/factor_batch/c": {
      "attempts": 95.0,
      "drops": 0.0,
      "delivered": 94.0,
      "delivery_rate": 0.9894736842105263
    },
    "/c_slam/factor_batch/a": {
      "attempts": 233.0,
      "drops": 0.0,
      "delivered": 233.0,
      "delivery_rate": 1.0
    },
    "/c_slam/factor_batch/e": {
      "attempts": 83.0,
      "drops": 0.0,
      "delivered": 82.0,
      "delivery_rate": 0.9879518072289156
    },
    "/c_slam/iface/run_f559cdf0/a": {
      "attempts": 1717.0,
      "drops": 0.0,
      "delivered": 3.0,
      "delivery_rate": 0.0017472335468841002
    },
    "/c_slam/iface/run_f559cdf0/d": {
      "attempts": 10100.0,
      "drops": 0.0,
      "delivered": 10100.0,
      "delivery_rate": 0.0
    },
    "/c_slam/iface/run_f559cdf0/e": {
      "attempts": 17473.0,
      "drops": 0.0,
      "delivered": 17473.0,
      "delivery_rate": 0.0
    },
    "/c_slam/iface/run_f559cdf0/c": {
      "attempts": 3131.0,
      "drops": 0.0,
      "delivered": 3131.0,
      "delivery_rate": 0.0
    },
    "/c_slam/iface/run_f559cdf0/b": {
      "attempts": 14342.0,
      "drops": 0.0,
      "delivered": 14342.0,
      "delivery_rate": 0.0
    }
  },
  "delivery_rate": {
    "count": 10,
    "min": 0.0,
    "max": 1.0,
    "mean": 0.4953490906804508,
    "median": 0.49087361677344205,
    "p90": 0.9948863636363636,
    "p95": 0.9974431818181818,
    "p99": 0.9994886363636364,
    "stdev": 0.4950223659888329
  },
  "estimation_metrics": {
    "a": {
      "ate": {
        "matches": 1357,
        "rmse": 2.3863925892561513,
        "R": [
          [
            0.9996439786432336,
            0.017364432768605234,
            -0.020258144953319113
          ],
          [
            -0.017667162983757267,
            0.9997334665174558,
            -0.0148616041225927
          ],
          [
            0.019994682153774434,
            0.015214217022768109,
            0.9996843203161456
          ]
        ],
        "t": [
          -1.4118503257579675,
          3.0731232724594975,
          -4.746124971326303
        ],
        "s": 1.0
      },
      "rpe": {
        "1": {
          "count": 1356.0,
          "rmse": 0.11224700262943298,
          "mean": 0.09589633357817107,
          "pstd": 0.0583376619822571,
          "mean_dt": 1.0
        },
        "10": {
          "count": 1347.0,
          "rmse": 0.7578407827095085,
          "mean": 0.6922148157960202,
          "pstd": 0.3084822535094073,
          "mean_dt": 10.0
        },
        "50": {
          "count": 1307.0,
          "rmse": 2.6920040213194323,
          "mean": 2.406963003101813,
          "pstd": 1.2055765228715594,
          "mean_dt": 50.0
        }
      }
    },
    "b": {
      "ate": {
        "matches": 265,
        "rmse": 10.967613037681588,
        "R": [
          [
            0.8820242165628612,
            0.45816065848765586,
            -0.11010037425380537
          ],
          [
            -0.4596224903805272,
            0.8880159519114377,
            0.013222537094888055
          ],
          [
            0.1038289349510699,
            0.03894201028427008,
            0.9938325171284883
          ]
        ],
        "t": [
          -32.60462032207698,
          48.266028161843714,
          -14.537835843791495
        ],
        "s": 1.0
      },
      "rpe": {
        "1": {
          "count": 264.0,
          "rmse": 4.030332034405478,
          "mean": 1.2479998358892521,
          "pstd": 3.8322412133339676,
          "mean_dt": 1.0
        },
        "10": {
          "count": 255.0,
          "rmse": 11.077398830072326,
          "mean": 7.650377039569486,
          "pstd": 8.011273056943931,
          "mean_dt": 10.0
        },
        "50": {
          "count": 215.0,
          "rmse": 14.759700250776374,
          "mean": 13.108586536844893,
          "pstd": 6.783340659204499,
          "mean_dt": 50.0
        }
      }
    },
    "c": {
      "ate": {
        "matches": 623,
        "rmse": 3.014371529169114,
        "R": [
          [
            0.9999255401231999,
            0.011834049119695633,
            -0.002978169028016851
          ],
          [
            -0.011826660420601449,
            0.999926971155336,
            0.0024864551901952053
          ],
          [
            0.0030073763686282117,
            -0.002451048255278518,
            0.9999924739965935
          ]
        ],
        "t": [
          0.510420003674966,
          2.1910977831744987,
          -1.7538759112172055
        ],
        "s": 1.0
      },
      "rpe": {
        "1": {
          "count": 622.0,
          "rmse": 0.9880128828215816,
          "mean": 0.19143727626219942,
          "pstd": 0.9692890311350494,
          "mean_dt": 1.0
        },
        "10": {
          "count": 613.0,
          "rmse": 1.1630536006830254,
          "mean": 0.845004856084159,
          "pstd": 0.7991623560052986,
          "mean_dt": 10.0
        },
        "50": {
          "count": 573.0,
          "rmse": 3.3111335401428175,
          "mean": 2.799710782381389,
          "pstd": 1.7678305506117087,
          "mean_dt": 50.0
        }
      }
    },
    "d": {
      "ate": {
        "matches": 1059,
        "rmse": 2.603668897955253,
        "R": [
          [
            0.9997084207390897,
            0.024132334835815783,
            0.0008389986454306947
          ],
          [
            -0.024131141043918756,
            0.9997078142909154,
            -0.0014050187180893875
          ],
          [
            -0.0008726598841720733,
            0.001384363049121408,
            0.9999986610009409
          ]
        ],
        "t": [
          -2.3863703213879006,
          3.445256438825382,
          -0.635214226345699
        ],
        "s": 1.0
      },
      "rpe": {
        "1": {
          "count": 1058.0,
          "rmse": 0.5164185159710941,
          "mean": 0.1734179145276221,
          "pstd": 0.48643017028004915,
          "mean_dt": 1.0
        },
        "10": {
          "count": 1049.0,
          "rmse": 0.8520027890821127,
          "mean": 0.6743649489245007,
          "pstd": 0.5207116939975083,
          "mean_dt": 10.0
        },