{
  "loop_closure_correction": {
    "count": 709,
    "min": 0.008918971987441182,
    "max": 0.4872736459947191,
    "mean": 0.10132657900613198,
    "median": 0.08634422102477401,
    "p90": 0.18261576941004026,
    "p95": 0.22968523103045302,
    "p99": 0.34814853582298355,
    "stdev": 0.06447285734602623
  },
  "interface_correction": {
    "count": 5,
    "min": 0.023190716048702598,
    "max": 0.3489571340032853,
    "mean": 0.15163315719692036,
    "median": 0.15567118296166882,
    "p90": 0.271995974786114,
    "p95": 0.31047655439469957,
    "p99": 0.34126101808156817,
    "stdev": 0.11093592785358852
  },
  "loop_closure_correction_stabilised": {
    "count": 709,
    "min": 0.4170374870300293,
    "max": 25.524246215820312,
    "mean": 15.432747754458816,
    "median": 16.518532037734985,
    "p90": 24.50368227958679,
    "p95": 24.79298186302185,
    "p99": 25.37558198928833,
    "stdev": 7.7504551444462315
  },
  "loop_closure_correction_stabilised_params": {
    "epsilon": 0.001,
    "required": 3
  },
  "interface_correction_stabilised": {
    "count": 5,
    "min": 24.503064155578613,
    "max": 26.77856755256653,
    "mean": 25.299326848983764,
    "median": 25.192643642425537,
    "p90": 26.144551515579224,
    "p95": 26.461559534072876,
    "p99": 26.7151659488678,
    "stdev": 0.7830872350614021
  },
  "interface_correction_stabilised_params": {
    "epsilon": 0.001,
    "required": 3
  },
  "time_to_global_convergence_s": 26.583016633987427,
  "time_to_global_convergence_method": "last_map_broadcast",
  "timeline_start_ts": 1770279301.4086883,
  "timeline_end_ts": 1770279327.991705,
  "optimization_duration_s": {
    "count": 297,
    "min": 0.0005582779995165765,
    "max": 0.09581075800815597,
    "mean": 0.012834159747708388,
    "median": 0.005836129013914615,
    "p90": 0.04023359979037196,
    "p95": 0.05897197078447785,
    "p99": 0.08449770032428205,
    "stdev": 0.018911148528112317
  },
  "communication_uplink_messages": 664,
  "communication_uplink_bytes": 7848120,
  "communication_downlink_messages": 297,
  "communication_downlink_bytes": 87492055,
  "communication_uplink_bytes_per_s": 295230.60185599374,
  "communication_downlink_bytes_per_s": 3291276.389156601,
  "delivery_topics": {
    "/c_slam/factor_batch/d": {
      "attempts": 171.0,
      "drops": 0.0,
      "delivered": 171.0,
      "delivery_rate": 1.0
    },
    "/c_slam/factor_batch/b": {
      "attempts": 36.0,
      "drops": 0.0,
      "delivered": 36.0,
      "delivery_rate": 1.0
    },
    "/c_slam/factor_batch/c": {
      "attempts": 126.0,
      "drops": 0.0,
      "delivered": 126.0,
      "delivery_rate": 1.0
    },
    "/c_slam/factor_batch/a": {
      "attempts": 243.0,
      "drops": 0.0,
      "delivered": 243.0,
      "delivery_rate": 1.0
    },
    "/c_slam/factor_batch/e": {
      "attempts": 88.0,
      "drops": 0.0,
      "delivered": 88.0,
      "delivery_rate": 1.0
    }
  },
  "delivery_rate": {
    "count": 5,
    "min": 1.0,
    "max": 1.0,
    "mean": 1.0,
    "median": 1.0,
    "p90": 1.0,
    "p95": 1.0,
    "p99": 1.0,
    "stdev": 0.0
  },
  "estimation_metrics": {
    "ate": {
      "d": {
        "matches": 1063,
        "rmse": 2.5366524016720846,
        "R": [
          [
            0.9999800268360051,
            0.005723602234455939,
            0.0026807287302532475
          ],
          [
            -0.005704809392970946,
            0.9999594620825046,
            -0.006966300414031658
          ],
          [
            -0.0027204923917087953,
            0.006950868228530721,
            0.999972141787968
          ]
        ],
        "t": [
          -0.5311526084511655,
          -0.1674810434670988,
          -0.1539294753000533
        ],
        "s": 1.0
      },
      "b": {
        "matches": 188,
        "rmse": 0.9138637567989036,
        "R": [
          [
            0.9999914102541717,
            0.004089401426792867,
            -0.0006754360392231366
          ],
          [
            -0.004089756414045775,
            0.9999914990843745,
            -0.0005250251989913565
          ],
          [
            0.0006732832586004937,
            0.0005277830580320553,
            0.9999996340672815
          ]
        ],
        "t": [
          -0.5565044432447905,
          0.25759031941329624,
          -0.12331509530317764
        ],
        "s": 1.0
      },
      "c": {
        "matches": 703,
        "rmse": 1.725998783275484,
        "R": [
          [
            0.9999940222430367,
            0.0029632773008659683,
            0.0017817030704387325
          ],
          [
            -0.0029506616581290797,
            0.9999708508935763,
            -0.007042084844469547
          ],
          [
            -0.0018025187855566947,
            0.007036785545661728,
            0.9999736169395729
          ]
        ],
        "t": [
          0.20440422407077108,
          -0.05744050693039782,
          -0.16586060064617714
        ],
        "s": 1.0
      },
      "e": {
        "matches": 533,
        "rmse": 2.4514011030344536,
        "R": [
          [
            0.9999864437147087,
            0.004061977501217439,
            0.003257717849825991
          ],
          [
            -0.004051415178989923,
            0.9999865366147054,
            -0.0032423177470767596
          ],
          [
            -0.0032708442116558276,
            0.003229075425746717,
            0.9999894372692332
          ]
        ],
        "t": [
          0.45484757996320013,
          0.3193879883786046,
          0.21750480457150712
        ],
        "s": 1.0
      },
      "a": {
        "matches": 1350,
        "rmse": 1.8839568307326688,
        "R": [
          [
            0.9999943841951104,
            0.0030830777291630893,
            0.0013138530960100734
          ],
          [
            -0.003075300491657714,
            0.9999779786380071,
            -0.005880881390578303
          ],
          [
            -0.0013319553776185815,
            0.005876807871623688,
            0.9999818443472421
          ]
        ],
        "t": [
          0.07901904501103729,
          -0.11230104777281724,
          -0.1245087400294782
        ],
        "s": 1.0
      }
    },
    "rpe": {
      "d": {
        "1": {
          "count": 1062.0,
          "rmse": 0.7522225325250993,
          "mean": 0.20479173777354545,
          "pstd": 0.7238087334221418,
          "mean_dt": 1.0
        },
        "10": {
          "count": 1053.0,
          "rmse": 1.2741542192051163,
          "mean": 0.7388220770036099,
          "pstd": 1.038080398066678,
          "mean_dt": 10.0
        },
        "50": {
          "count": 1013.0,
          "rmse": 2.7314377527431013,
          "mean": 2.0648227000779507,
          "pstd": 1.7880882009434227,
          "mean_dt": 50.0
        }
      },
      "b": {
        "1": {
          "count": 187.0,
          "rmse": 0.36888734969318104,
          "mean": 0.19018032194383422,
          "pstd": 0.31608435884902447,
          "mean_dt": 1.0
        },
        "10": {
          "count": 178.0,
          "rmse": 0.6163066901961534,
          "mean": 0.5229299074310374,
          "pstd": 0.3261567848362255,
          "mean_dt": 10.0
        },
        "50": {
          "count": 138.0,
          "rmse": 1.5950519150117088,
          "mean": 1.4630801784367184,
          "pstd": 0.6352849778234179,
          "mean_dt": 50.0
        }
      },
      "c": {
        "1": {
          "count": 702.0,
          "rmse": 1.6473411051843676,
          "mean": 0.7513798985865707,
          "pstd": 1.466001693324428,
          "mean_dt": 1.0
        },
        "10": {
          "count": 693.0,
          "rmse": 1.64079073711412,
          "mean": 1.0015329862684665,
          "pstd": 1.299663772064015,
          "mean_dt": 10.0
        },
        "50": {
          "count": 653.0,
          "rmse": 1.9885307514613093,
          "mean": 1.7040415905636264,