{
  "stats": {
    "topics": {
      "/c_slam/factor_batch/d": {
        "attempts": 171,
        "drops": 0,
        "published": 171,
        "delivered": 171,
        "delivery_rate": 1.0,
        "bytes_attempted": 2024085,
        "bytes_published": 2024085,
        "bytes_delivered": null,
        "drop_reasons": {},
        "delivery_method": "ack",
        "ack_latency_s": {
          "count": 171,
          "min": 0.0044082539970986545,
          "max": 9.616332523990422,
          "mean": 2.8977920597920206,
          "median": 1.6529452850227244,
          "p90": 6.888294405012857,
          "p95": 7.226165366009809,
          "stdev": 2.885717931913067
        }
      },
      "/c_slam/factor_batch/b": {
        "attempts": 36,
        "drops": 0,
        "published": 36,
        "delivered": 36,
        "delivery_rate": 1.0,
        "bytes_attempted": 420747,
        "bytes_published": 420747,
        "bytes_delivered": null,
        "drop_reasons": {},
        "delivery_method": "ack",
        "ack_latency_s": {
          "count": 36,
          "min": 0.008043912996072322,
          "max": 9.608869232994039,
          "mean": 0.8980268502540033,
          "median": 0.28766567999264225,
          "p90": 1.4096330185420811,
          "p95": 3.8061933374992805,
          "stdev": 2.0278803246500314
        }
      },
      "/c_slam/factor_batch/c": {
        "attempts": 126,
        "drops": 0,
        "published": 126,
        "delivered": 126,
        "delivery_rate": 1.0,
        "bytes_attempted": 1489187,
        "bytes_published": 1489187,
        "bytes_delivered": null,
        "drop_reasons": {},
        "delivery_method": "ack",
        "ack_latency_s": {
          "count": 126,
          "min": 0.0048816410126164556,
          "max": 9.73884387803264,
          "mean": 2.0985516200603413,
          "median": 0.6577711249701679,
          "p90": 5.525098013982642,
          "p95": 7.636511101212818,
          "stdev": 2.5682655363593607
        }
      },
      "/c_slam/factor_batch/a": {
        "attempts": 243,
        "drops": 0,
        "published": 243,
        "delivered": 243,
        "delivery_rate": 1.0,
        "bytes_attempted": 2877838,
        "bytes_published": 2877838,
        "bytes_delivered": null,
        "drop_reasons": {},
        "delivery_method": "ack",
        "ack_latency_s": {
          "count": 243,
          "min": 0.005681385984644294,
          "max": 9.75591823097784,
          "mean": 5.296048961648547,
          "median": 6.19405089499196,
          "p90": 9.047855989797972,
          "p95": 9.320444110804237,
          "stdev": 3.3720108608420047
        }
      },
      "/c_slam/factor_batch/e": {
        "attempts": 88,
        "drops": 0,
        "published": 88,
        "delivered": 88,
        "delivery_rate": 1.0,
        "bytes_attempted": 1036263,
        "bytes_published": 1036263,
        "bytes_delivered": null,
        "drop_reasons": {},
        "delivery_method": "ack",
        "ack_latency_s": {
          "count": 88,
          "min": 0.004674408002756536,
          "max": 9.733239189023152,
          "mean": 1.6112302440061201,
          "median": 0.9767255509796087,
          "p90": 4.225530946115032,
          "p95": 4.6827681303111595,
          "stdev": 1.7958069627461277
        }
      }
    },
    "generated_by": {
      "component": "ros2_factor_publisher",
      "pid": 523035
    }
  }
}