{
  "loop_closure_correction": {
    "count": 331,
    "min": 0.012831981992349029,
    "max": 0.4888409950071946,
    "mean": 0.09836682925187895,
    "median": 0.05705711699556559,
    "p90": 0.22771397000178695,
    "p95": 0.3115706669923384,
    "p99": 0.3867095039808191,
    "stdev": 0.08827511934852181
  },
  "interface_correction": {
    "count": 5,
    "min": 0.02048521098913625,
    "max": 0.350787814008072,
    "mean": 0.1519504223950207,
    "median": 0.15691536298254505,
    "p90": 0.27359604721423236,
    "p95": 0.3121919306111522,
    "p99": 0.3430686373286881,
    "stdev": 0.11224335130732292
  },
  "loop_closure_correction_stabilised": {
    "count": 0
  },
  "loop_closure_correction_stabilised_params": {
    "epsilon": 0.001,
    "required": 3
  },
  "interface_correction_stabilised": {
    "count": 0
  },
  "interface_correction_stabilised_params": {
    "epsilon": 0.001,
    "required": 3
  },
  "time_to_global_convergence_s": 7.912302255630493,
  "time_to_global_convergence_method": "last_map_broadcast",
  "timeline_start_ts": 1770238878.5535154,
  "timeline_end_ts": 1770238886.4658177,
  "optimization_duration_s": {
    "count": 116,
    "min": 0.0007675759843550622,
    "max": 0.038438207004219294,
    "mean": 0.006886279091523993,
    "median": 0.003178845508955419,
    "p90": 0.02046103501925245,
    "p95": 0.03232845524325967,
    "p99": 0.03558294015238061,
    "stdev": 0.009084825908550509
  },
  "communication_uplink_messages": 612,
  "communication_uplink_bytes": 7231854,
  "communication_downlink_messages": 116,
  "communication_downlink_bytes": 16746233,
  "communication_uplink_bytes_per_s": 914001.2307863646,
  "communication_downlink_bytes_per_s": 2116480.4451300087,
  "delivery_topics": {},
  "estimation_metrics": {
    "ate": {
      "d": {
        "matches": 574,
        "rmse": 2.387127868128804,
        "R": [
          [
            0.9999432557420318,
            0.006817040907156154,
            0.00818616206144091
          ],
          [
            -0.006836332969483482,
            0.9999739151500989,
            0.0023310021266587655
          ],
          [
            -0.008170057989780169,
            -0.0023868331852668692,
            0.9999637759338029
          ]
        ],
        "t": [
          -1.573430169517053,
          1.3357099820786544,
          1.094158069939621
        ],
        "s": 1.0
      },
      "b": {
        "matches": 187,
        "rmse": 1.661012584806648,
        "R": [
          [
            0.999949017711463,
            0.010092292312104439,
            0.00032804537429881146
          ],
          [
            -0.010091868707619031,
            0.999948271493965,
            -0.0012682752932377042
          ],
          [
            -0.00034082820999324463,
            0.0012649000428131968,
            0.9999991419316382
          ]
        ],
        "t": [
          -1.4961232137633758,
          1.1839401269459207,
          -0.05699513008363333
        ],
        "s": 1.0
      },
      "c": {
        "matches": 494,
        "rmse": 1.5976245997235787,
        "R": [
          [
            0.9999877529010136,
            0.001761597276160382,
            0.004625021407371215
          ],
          [
            -0.001772404295632017,
            0.9999957064750629,
            0.0023335840360860505
          ],
          [
            -0.004620890714444801,
            -0.002341752864261158,
            0.9999865816912384
          ]
        ],
        "t": [
          -0.41902118906729413,
          0.17176851476538957,
          0.278284535149945
        ],
        "s": 1.0
      },
      "e": {
        "matches": 224,
        "rmse": 2.095474845435546,
        "R": [
          [
            0.9997830421521224,
            -0.01698548324491304,
            0.012056615776606185
          ],
          [
            0.016995894106482782,
            0.9998552693344332,
            -0.0007615560972063229
          ],
          [
            -0.0120419354162512,
            0.0009663038366561766,
            0.9999270263615871
          ]
        ],
        "t": [
          1.4598133956825734,
          -1.4221974560732278,
          1.1315539413672093
        ],
        "s": 1.0
      },
      "a": {
        "matches": 390,
        "rmse": 1.244584556130249,
        "R": [
          [
            0.9999525167383821,
            0.008374723252997353,
            0.004982798311464486
          ],
          [
            -0.008368232465592484,
            0.9999641117704849,
            -0.0013220652281204816
          ],
          [
            -0.004993691418062974,
            0.0012803052375519076,
            0.9999867118439723
          ]
        ],
        "t": [
          -1.4865753580997705,
          1.624814055078545,
          0.39531313237938726
        ],
        "s": 1.0
      }
    },
    "rpe": {
      "d": {
        "1": {
          "count": 573.0,
          "rmse": 0.7570866514343868,
          "mean": 0.2112241955416906,
          "pstd": 0.7270244404405525,
          "mean_dt": 1.0
        },
        "10": {
          "count": 564.0,
          "rmse": 1.0067992808905766,
          "mean": 0.6910910338406029,
          "pstd": 0.7321461431619435,
          "mean_dt": 10.0
        },
        "50": {
          "count": 524.0,
          "rmse": 2.519858793628534,
          "mean": 1.9964408003823138,
          "pstd": 1.5375020228916383,
          "mean_dt": 50.0
        }
      },
      "b": {
        "1": {
          "count": 186.0,
          "rmse": 0.6959879549308334,
          "mean": 0.28698302560877464,
          "pstd": 0.6340662240028538,
          "mean_dt": 1.0
        },
        "10": {
          "count": 177.0,
          "rmse": 1.2093708329131856,
          "mean": 1.0872894283060794,
          "pstd": 0.529508744587822,
          "mean_dt": 10.0
        },
        "50": {
          "count": 137.0,
          "rmse": 3.0911438894870087,
          "mean": 2.9029298312830543,
          "pstd": 1.0621529739918876,
          "mean_dt": 50.0
        }
      },
      "c": {
        "1": {
          "count": 493.0,
          "rmse": 1.163948719433123,
          "mean": 0.6151618772579986,
          "pstd": 0.9881055035968688,
          "mean_dt": 1.0
        },
        "10": {
          "count": 484.0,
          "rmse": 1.2689058797368507,
          "mean": 0.9560063081022762,
          "pstd": 0.8343704635828177,
          "mean_dt": 10.0
        },
        "50": {
          "count": 444.0,
          "rmse": 2.111998535093159,
          "mean": 1.8977899882732066,
          "pstd": 0.9267852893985907,
          "mean_dt": 50.0
        }
      },
      "e": {
        "1": {
          "count": 223.0,
          "rmse": 0.9978969319571643,
          "mean": 0.2672035480588465,
          "pstd": 0.9614575137333343,
          "mean_dt": 1.0
        },
        "10": {
          "count": 214.0,
          "rmse": 1.1469074715827257,
          "mean": 0.7019216189311641,
          "pstd": 0.9070296518027039,
          "mean_dt": 10.0
        },
        "50": {
          "count": 174.0,
          "rmse": 2.4320518027890015,
          "mean": 1.9854563015603057,
          "pstd": 1.404577960116029,
          "mean_dt": 50.0
        }
      },
      "a": {
        "1": {
          "count": 389.0,
          "rmse": 0.14343577979799346,
          "mean": 0.09225074257378238,
          "pstd": 0.10983452745309281,
          "mean_dt": 1.0
        },
        "10": {
          "count": 380.0,
          "rmse": 0.6687258189041363,
          "mean": 0.5612417347949219,
          "pstd": 0.3635958415512934,
          "mean_dt": 10.0
        },
        "50": {
          "count": 340.0,
          "rmse": 2.0434371050304496,
          "mean": 1.646717209545836,
          "pstd": 1.209941169644542,
          "mean_dt": 50.0
        }
      }
    }
  },
  "input_end_team_ts": 1770238895.1781223,
  "input_end_method": "sensor_ingest_fallback",