{
  "loop_closure_correction": {
    "count": 0
  },
  "interface_correction": {
    "count": 0
  },
  "loop_closure_correction_stabilised": {
    "count": 0
  },
  "loop_closure_correction_stabilised_params": {
    "epsilon": 0.001,
    "required": 3
  },
  "interface_correction_stabilised": {
    "count": 23189,
    "min": 0.10789966583251953,
    "max": 2.6745283603668213,
    "mean": 0.9297336947126774,
    "median": 0.8044126033782959,
    "p90": 1.7793442249298097,
    "p95": 2.040706491470337,
    "p99": 2.4635411548614496,
    "stdev": 0.5666601260260055
  },
  "interface_correction_stabilised_params": {
    "epsilon": 0.001,
    "required": 3
  },
  "time_to_global_convergence_s": 0.09668707847595215,
  "time_to_global_convergence_method": "delta_threshold",
  "timeline_start_ts": 1770254859.6988695,
  "timeline_end_ts": 1770254859.7955565,
  "optimization_duration_s": {
    "count": 405,
    "min": 0.00030039402190595865,
    "max": 0.0533742259722203,
    "mean": 0.005201601350455786,
    "median": 0.002120775985531509,
    "p90": 0.013631289999466396,
    "p95": 0.020112935791257766,
    "p99": 0.03810406253673135,
    "stdev": 0.007527575676534585
  },
  "communication_uplink_messages": 35458,
  "communication_uplink_bytes": 47736790,
  "communication_downlink_messages": 0,
  "communication_downlink_bytes": 0,
  "communication_uplink_bytes_per_s": 493724608.83563685,
  "communication_downlink_bytes_per_s": 0.0,
  "delivery_topics": {
    "/c_slam/factor_batch/d": {
      "attempts": 176.0,
      "drops": 0.0,
      "delivered": 176.0,
      "delivery_rate": 1.0
    },
    "/c_slam/factor_batch/b": {
      "attempts": 50.0,
      "drops": 0.0,
      "delivered": 50.0,
      "delivery_rate": 1.0
    },
    "/c_slam/factor_batch/c": {
      "attempts": 95.0,
      "drops": 0.0,
      "delivered": 95.0,
      "delivery_rate": 1.0
    },
    "/c_slam/factor_batch/a": {
      "attempts": 233.0,
      "drops": 0.0,
      "delivered": 233.0,
      "delivery_rate": 1.0
    },
    "/c_slam/factor_batch/e": {
      "attempts": 83.0,
      "drops": 50.0,
      "delivered": 33.0,
      "delivery_rate": 0.39759036144578314
    },
    "/c_slam/iface/run_fd79af23/a": {
      "attempts": 1420.0,
      "drops": 0.0,
      "delivered": 1420.0,
      "delivery_rate": 1.0
    },
    "/c_slam/iface/run_fd79af23/d": {
      "attempts": 10100.0,
      "drops": 0.0,
      "delivered": 5726.0,
      "delivery_rate": 0.5669306930693069
    },
    "/c_slam/iface/run_fd79af23/e": {
      "attempts": 17473.0,
      "drops": 0.0,
      "delivered": 17473.0,
      "delivery_rate": 0.0
    },
    "/c_slam/iface/run_fd79af23/c": {
      "attempts": 3434.0,
      "drops": 0.0,
      "delivered": 1653.0,
      "delivery_rate": 0.4813628421665696
    },
    "/c_slam/iface/run_fd79af23/b": {
      "attempts": 14243.0,
      "drops": 0.0,
      "delivered": 2510.0,
      "delivery_rate": 0.17622691848627395
    }
  },
  "delivery_rate": {
    "count": 10,
    "min": 0.0,
    "max": 1.0,
    "mean": 0.6622110815167933,
    "median": 0.7834653465346535,
    "p90": 1.0,
    "p95": 1.0,
    "p99": 1.0,
    "stdev": 0.368377449640999
  },
  "estimation_metrics": {
    "a": {
      "ate": {
        "matches": 1357,
        "rmse": 2.293321631932086,
        "R": [
          [
            0.9995511737837383,
            0.029825943533176903,
            -0.002804296686381484
          ],
          [
            -0.029824483510644755,
            0.999554993697984,
            0.0005610318586824689
          ],
          [
            0.002819782061220703,
            -0.00047714335259421703,
            0.9999959105733127
          ]
        ],
        "t": [
          -1.9962021806627348,
          3.9109180786998365,
          -1.0596922236141122
        ],
        "s": 1.0
      },
      "rpe": {
        "1": {
          "count": 1356.0,
          "rmse": 0.10934239246170697,
          "mean": 0.08962736142342421,
          "pstd": 0.0626314208167501,
          "mean_dt": 1.0
        },
        "10": {
          "count": 1347.0,
          "rmse": 0.6763914641351305,
          "mean": 0.605480809002238,
          "pstd": 0.30149361964204396,
          "mean_dt": 10.0
        },
        "50": {
          "count": 1307.0,
          "rmse": 2.4604613201231635,
          "mean": 2.144670744022676,
          "pstd": 1.205925912962915,
          "mean_dt": 50.0
        }
      }
    },
    "b": {
      "ate": {
        "matches": 265,
        "rmse": 1.5866495181093423,
        "R": [
          [
            0.9995008688687855,
            0.03151896868609219,
            0.00213722799630667
          ],
          [
            -0.031508390838711146,
            0.9994918919929557,
            -0.004814472670726912
          ],
          [
            -0.0022878892669975425,
            0.004744729002517517,
            0.9999861264584595
          ]
        ],
        "t": [
          -2.6326039068415668,
          4.205679523383139,
          -0.31553824712061207
        ],
        "s": 1.0
      },
      "rpe": {
        "1": {
          "count": 264.0,
          "rmse": 0.4346696083836557,
          "mean": 0.17605918529584458,
          "pstd": 0.3974177043431308,
          "mean_dt": 1.0
        },
        "10": {
          "count": 255.0,
          "rmse": 0.9507268214560766,
          "mean": 0.8374859814058407,
          "pstd": 0.4499985777584967,
          "mean_dt": 10.0
        },
        "50": {
          "count": 215.0,
          "rmse": 2.733036455828038,
          "mean": 2.619015675836587,
          "pstd": 0.7811818985404797,
          "mean_dt": 50.0
        }
      }
    },
    "c": {
      "ate": {
        "matches": 624,
        "rmse": 2.206776735501153,
        "R": [
          [
            0.9999063907646485,
            0.003227967268317914,
            -0.013296237638019999
          ],
          [
            -0.0033467849870613214,
            0.99995458267655,
            -0.008923654767905895
          ],
          [
            0.013266828492989966,
            0.008967319079917845,
            0.9998717810050729
          ]
        ],
        "t": [
          -0.7950685389397876,
          1.0906650026126528,
          -2.9586715853317562
        ],
        "s": 1.0
      },
      "rpe": {
        "1": {
          "count": 623.0,
          "rmse": 0.22335738269104286,
          "mean": 0.11242224250660886,
          "pstd": 0.19300196836399933,
          "mean_dt": 1.0
        },
        "10": {
          "count": 614.0,
          "rmse": 0.770962411900264,
          "mean": 0.6531955313926362,
          "pstd": 0.40953466072087746,
          "mean_dt": 10.0
        },
        "50": {
          "count": 574.0,
          "rmse": 2.4894645821566646,
          "mean": 2.2168330152211504,
          "pstd": 1.1327335469729682,
          "mean_dt": 50.0
        }
      }
    },
    "d": {
      "ate": {
        "matches": 1062,
        "rmse": 2.569865255122028,
        "R": [
          [
            0.9997163403779822,
            0.02380266903934224,
            0.0008195900550054325
          ],
          [
            -0.023804954565127972,
            0.9997124099799964,
            0.0029019769365117784
          ],
          [
            -0.0007502795525055198,
            -0.0029206640668523118,
            0.9999954533906652
          ]
        ],
        "t": [
          -2.2770666910516724,
          3.3238985932623137,
          -0.5803356688697141
        ],
        "s": 1.0
      },
      "rpe": {
        "1": {
          "count": 1061.0,
          "rmse": 0.5650418007494271,
          "mean": 0.1835614558010373,
          "pstd": 0.5343944503251877,
          "mean_dt": 1.0
        },
        "10": {
          "count": 1052.0,
          "rmse": 0.8682252185904512,
          "mean": 0.669978570678961,
          "pstd": 0.5522171176515756,
          "mean_dt": 10.0
        },
        "50": {
          "count": 1012.0,