{
  "a": {
    "ate": {
      "matches": 1357,
      "rmse": 2.293321631932086,
      "R": [
        [
          0.9995511737837383,
          0.029825943533176903,
          -0.002804296686381484
        ],
        [
          -0.029824483510644755,
          0.999554993697984,
          0.0005610318586824689
        ],
        [
          0.002819782061220703,
          -0.00047714335259421703,
          0.9999959105733127
        ]
      ],
      "t": [
        -1.9962021806627348,
        3.9109180786998365,
        -1.0596922236141122
      ],
      "s": 1.0
    },
    "rpe": {
      "1": {
        "count": 1356.0,
        "rmse": 0.10934239246170697,
        "mean": 0.08962736142342421,
        "pstd": 0.0626314208167501,
        "mean_dt": 1.0
      },
      "10": {
        "count": 1347.0,
        "rmse": 0.6763914641351305,
        "mean": 0.605480809002238,
        "pstd": 0.30149361964204396,
        "mean_dt": 10.0
      },
      "50": {
        "count": 1307.0,
        "rmse": 2.4604613201231635,
        "mean": 2.144670744022676,
        "pstd": 1.205925912962915,
        "mean_dt": 50.0
      }
    }
  },
  "b": {
    "ate": {
      "matches": 265,
      "rmse": 1.5866495181093423,
      "R": [
        [
          0.9995008688687855,
          0.03151896868609219,
          0.00213722799630667
        ],
        [
          -0.031508390838711146,
          0.9994918919929557,
          -0.004814472670726912
        ],
        [
          -0.0022878892669975425,
          0.004744729002517517,
          0.9999861264584595
        ]
      ],
      "t": [
        -2.6326039068415668,
        4.205679523383139,
        -0.31553824712061207
      ],
      "s": 1.0
    },
    "rpe": {
      "1": {
        "count": 264.0,
        "rmse": 0.4346696083836557,
        "mean": 0.17605918529584458,
        "pstd": 0.3974177043431308,
        "mean_dt": 1.0
      },
      "10": {
        "count": 255.0,
        "rmse": 0.9507268214560766,
        "mean": 0.8374859814058407,
        "pstd": 0.4499985777584967,
        "mean_dt": 10.0
      },
      "50": {
        "count": 215.0,
        "rmse": 2.733036455828038,
        "mean": 2.619015675836587,
        "pstd": 0.7811818985404797,
        "mean_dt": 50.0
      }
    }
  },
  "c": {
    "ate": {
      "matches": 624,
      "rmse": 2.206776735501153,
      "R": [
        [
          0.9999063907646485,
          0.003227967268317914,
          -0.013296237638019999
        ],
        [
          -0.0033467849870613214,
          0.99995458267655,
          -0.008923654767905895
        ],
        [
          0.013266828492989966,
          0.008967319079917845,
          0.9998717810050729
        ]
      ],
      "t": [
        -0.7950685389397876,
        1.0906650026126528,
        -2.9586715853317562
      ],
      "s": 1.0
    },
    "rpe": {
      "1": {
        "count": 623.0,
        "rmse": 0.22335738269104286,
        "mean": 0.11242224250660886,
        "pstd": 0.19300196836399933,
        "mean_dt": 1.0
      },
      "10": {
        "count": 614.0,
        "rmse": 0.770962411900264,
        "mean": 0.6531955313926362,
        "pstd": 0.40953466072087746,
        "mean_dt": 10.0
      },
      "50": {
        "count": 574.0,
        "rmse": 2.4894645821566646,
        "mean": 2.2168330152211504,
        "pstd": 1.1327335469729682,
        "mean_dt": 50.0
      }
    }
  },
  "d": {
    "ate": {
      "matches": 1062,
      "rmse": 2.569865255122028,
      "R": [
        [
          0.9997163403779822,
          0.02380266903934224,
          0.0008195900550054325
        ],
        [
          -0.023804954565127972,
          0.9997124099799964,
          0.0029019769365117784
        ],
        [
          -0.0007502795525055198,
          -0.0029206640668523118,
          0.9999954533906652
        ]
      ],
      "t": [
        -2.2770666910516724,
        3.3238985932623137,
        -0.5803356688697141
      ],
      "s": 1.0
    },
    "rpe": {
      "1": {
        "count": 1061.0,
        "rmse": 0.5650418007494271,
        "mean": 0.1835614558010373,
        "pstd": 0.5343944503251877,
        "mean_dt": 1.0
      },
      "10": {
        "count": 1052.0,
        "rmse": 0.8682252185904512,
        "mean": 0.669978570678961,
        "pstd": 0.5522171176515756,
        "mean_dt": 10.0
      },
      "50": {
        "count": 1012.0,
        "rmse": 2.285199138288164,
        "mean": 1.998877333690136,
        "pstd": 1.1075308151436631,
        "mean_dt": 50.0
      }
    }
  }
}