{
  "ate": {
    "matches": 265,
    "rmse": 1.5866495181093423,
    "R": [
      [
        0.9995008688687855,
        0.03151896868609219,
        0.00213722799630667
      ],
      [
        -0.031508390838711146,
        0.9994918919929557,
        -0.004814472670726912
      ],
      [
        -0.0022878892669975425,
        0.004744729002517517,
        0.9999861264584595
      ]
    ],
    "t": [
      -2.6326039068415668,
      4.205679523383139,
      -0.31553824712061207
    ],
    "s": 1.0
  },
  "rpe": {
    "1": {
      "count": 264.0,
      "rmse": 0.4346696083836557,
      "mean": 0.17605918529584458,
      "pstd": 0.3974177043431308,
      "mean_dt": 1.0
    },
    "10": {
      "count": 255.0,
      "rmse": 0.9507268214560766,
      "mean": 0.8374859814058407,
      "pstd": 0.4499985777584967,
      "mean_dt": 10.0
    },
    "50": {
      "count": 215.0,
      "rmse": 2.733036455828038,
      "mean": 2.619015675836587,
      "pstd": 0.7811818985404797,
      "mean_dt": 50.0
    }
  }
}