{
  "ate": {
    "matches": 1357,
    "rmse": 2.293321631932086,
    "R": [
      [
        0.9995511737837383,
        0.029825943533176903,
        -0.002804296686381484
      ],
      [
        -0.029824483510644755,
        0.999554993697984,
        0.0005610318586824689
      ],
      [
        0.002819782061220703,
        -0.00047714335259421703,
        0.9999959105733127
      ]
    ],
    "t": [
      -1.9962021806627348,
      3.9109180786998365,
      -1.0596922236141122
    ],
    "s": 1.0
  },
  "rpe": {
    "1": {
      "count": 1356.0,
      "rmse": 0.10934239246170697,
      "mean": 0.08962736142342421,
      "pstd": 0.0626314208167501,
      "mean_dt": 1.0
    },
    "10": {
      "count": 1347.0,
      "rmse": 0.6763914641351305,
      "mean": 0.605480809002238,
      "pstd": 0.30149361964204396,
      "mean_dt": 10.0
    },
    "50": {
      "count": 1307.0,
      "rmse": 2.4604613201231635,
      "mean": 2.144670744022676,
      "pstd": 1.205925912962915,
      "mean_dt": 50.0
    }
  }
}