{
  "stats": {
    "topics": {
      "/c_slam/factor_batch/a": {
        "attempts": 96,
        "drops": 0,
        "published": 96,
        "delivered": 96,
        "delivery_rate": 1.0,
        "bytes_attempted": 1131494,
        "bytes_published": 1131494,
        "bytes_delivered": null,
        "drop_reasons": {},
        "delivery_method": "ack",
        "ack_latency_s": {
          "count": 96,
          "min": 0.004361974017228931,
          "max": 0.25742938998155296,
          "mean": 0.07137160116993375,
          "median": 0.04162659798748791,
          "p90": 0.19293907150859013,
          "p95": 0.22459796226758044,
          "stdev": 0.07450897952796846
        }
      },
      "/c_slam/factor_batch/c": {
        "attempts": 97,
        "drops": 0,
        "published": 97,
        "delivered": 97,
        "delivery_rate": 1.0,
        "bytes_attempted": 1140603,
        "bytes_published": 1140603,
        "bytes_delivered": null,
        "drop_reasons": {},
        "delivery_method": "ack",
        "ack_latency_s": {
          "count": 97,
          "min": 0.004569484037347138,
          "max": 0.18265928904293105,
          "mean": 0.049269828884790354,
          "median": 0.03035146201727912,
          "p90": 0.12269669639645148,
          "p95": 0.13830646018031978,
          "stdev": 0.045588273069168864
        }
      },
      "/c_slam/factor_batch/b": {
        "attempts": 171,
        "drops": 0,
        "published": 171,
        "delivered": 171,
        "delivery_rate": 1.0,
        "bytes_attempted": 2024310,
        "bytes_published": 2024310,
        "bytes_delivered": null,
        "drop_reasons": {},
        "delivery_method": "ack",
        "ack_latency_s": {
          "count": 171,
          "min": 0.00432697799988091,
          "max": 0.25919963797787204,
          "mean": 0.057285971519515484,
          "median": 0.0401904369937256,
          "p90": 0.15897010604385287,
          "p95": 0.20557414946961217,
          "stdev": 0.06066504276295797
        }
      }
    },
    "generated_by": {
      "component": "ros2_factor_publisher",
      "pid": 453332
    }
  }
}