{
  "ate": {
    "matches": 1070,
    "rmse": 3.2852108867152725,
    "R": [
      [
        0.9992292125564235,
        0.0388114166324326,
        -0.00588682536297367
      ],
      [
        -0.03887878027510727,
        0.9991743028140969,
        -0.011796314690758317
      ],
      [
        0.005424132943647245,
        0.012016094829319188,
        0.9999130923469611
      ]
    ],
    "t": [
      -3.4439510526504478,
      5.138103136755177,
      -2.1214249308483604
    ],
    "s": 1.0
  },
  "rpe": {
    "1": {
      "count": 1069.0,
      "rmse": 0.8695658407972512,
      "mean": 0.2452490981623694,
      "pstd": 0.8342647249716215,
      "mean_dt": 1.0
    },
    "10": {
      "count": 1060.0,
      "rmse": 1.2990582996537718,
      "mean": 0.9272727908822388,
      "pstd": 0.9097898862862854,
      "mean_dt": 10.0
    },
    "50": {
      "count": 1020.0,
      "rmse": 3.0091096618590787,
      "mean": 2.667781348819027,
      "pstd": 1.3920070517015994,
      "mean_dt": 50.0
    }
  }
}