{
  "ate": {
    "matches": 607,
    "rmse": 1.8446990701252595,
    "R": [
      [
        0.9999755397657654,
        0.0012498145475800192,
        0.006881702824315099
      ],
      [
        -0.0012812518485213606,
        0.9999887561772236,
        0.0045657324526554785
      ],
      [
        -0.006875919128828456,
        -0.004574437968234875,
        0.9999658975452155
      ]
    ],
    "t": [
      -0.5090883816343421,
      0.44827882065484914,
      0.13590600765699756
    ],
    "s": 1.0
  },
  "rpe": {
    "1": {
      "count": 606.0,
      "rmse": 0.11150237698448566,
      "mean": 0.08787551048548516,
      "pstd": 0.06863435531937152,
      "mean_dt": 1.0
    },
    "10": {
      "count": 597.0,
      "rmse": 0.678233181115553,
      "mean": 0.5951444229534957,
      "pstd": 0.3252742900898769,
      "mean_dt": 10.0
    },
    "50": {
      "count": 557.0,
      "rmse": 2.242504179047931,
      "mean": 2.00210866236084,
      "pstd": 1.0101415233258764,
      "mean_dt": 50.0
    }
  }
}