{
  "a": {
    "ate": {
      "matches": 1355,
      "rmse": 2.2183888238383562,
      "R": [
        [
          0.9998818935899152,
          0.013051625163698065,
          0.008115044770755326
        ],
        [
          -0.013027674438641494,
          0.9999106439859611,
          -0.002997289158821574
        ],
        [
          -0.008153439137309008,
          0.0028912149984306815,
          0.9999625804529221
        ]
      ],
      "t": [
        -1.0925092843267947,
        2.1709488583402816,
        0.2654126487789048
      ],
      "s": 1.0
    },
    "rpe": {
      "1": {
        "count": 1354.0,
        "rmse": 0.1280582145020232,
        "mean": 0.09617984106705076,
        "pstd": 0.08454788272785455,
        "mean_dt": 1.0
      },
      "10": {
        "count": 1345.0,
        "rmse": 0.7471660064351381,
        "mean": 0.6648940835110618,
        "pstd": 0.3408414571090476,
        "mean_dt": 10.0
      },
      "50": {
        "count": 1305.0,
        "rmse": 2.512104161745607,
        "mean": 2.237976113004904,
        "pstd": 1.1411092134756706,
        "mean_dt": 50.0
      }
    }
  },
  "b": {
    "ate": {
      "matches": 607,
      "rmse": 1.8446990701252595,
      "R": [
        [
          0.9999755397657654,
          0.0012498145475800192,
          0.006881702824315099
        ],
        [
          -0.0012812518485213606,
          0.9999887561772236,
          0.0045657324526554785
        ],
        [
          -0.006875919128828456,
          -0.004574437968234875,
          0.9999658975452155
        ]
      ],
      "t": [
        -0.5090883816343421,
        0.44827882065484914,
        0.13590600765699756
      ],
      "s": 1.0
    },
    "rpe": {
      "1": {
        "count": 606.0,
        "rmse": 0.11150237698448566,
        "mean": 0.08787551048548516,
        "pstd": 0.06863435531937152,
        "mean_dt": 1.0
      },
      "10": {
        "count": 597.0,
        "rmse": 0.678233181115553,
        "mean": 0.5951444229534957,
        "pstd": 0.3252742900898769,
        "mean_dt": 10.0
      },
      "50": {
        "count": 557.0,
        "rmse": 2.242504179047931,
        "mean": 2.00210866236084,
        "pstd": 1.0101415233258764,
        "mean_dt": 50.0
      }
    }
  },
  "c": {
    "ate": {
      "matches": 1062,
      "rmse": 2.366057513959627,
      "R": [
        [
          0.9999557430215067,
          0.007773911335678305,
          0.005298896191831734
        ],
        [
          -0.007755539157912966,
          0.9999638736226147,
          -0.003478945533707055
        ],
        [
          -0.005325749776028865,
          0.0034376957691799534,
          0.9999799091167392
        ]
      ],
      "t": [
        -0.6566128602282504,
        1.3812685037952832,
        0.24279037137473303
      ],
      "s": 1.0
    },
    "rpe": {
      "1": {
        "count": 1061.0,
        "rmse": 0.499992596936734,
        "mean": 0.17983859430932045,
        "pstd": 0.46653046737419734,
        "mean_dt": 1.0
      },
      "10": {
        "count": 1052.0,
        "rmse": 0.8876246860365594,
        "mean": 0.6973000086285982,
        "pstd": 0.5492269851601045,
        "mean_dt": 10.0
      },
      "50": {
        "count": 1012.0,
        "rmse": 2.3387516379137154,
        "mean": 2.006681779318122,
        "pstd": 1.201244130223638,
        "mean_dt": 50.0
      }
    }
  },
  "d": {
    "ate": {
      "matches": 531,
      "rmse": 4.360492827005843,
      "R": [
        [
          0.9994854194660694,
          -0.02789969563330921,
          0.01582729472472826
        ],
        [
          0.027959954072654693,
          0.9996025658686889,
          -0.003598788266638727
        ],
        [
          -0.015720599320310398,
          0.0040394668338487386,
          0.9998682640551747
        ]
      ],
      "t": [
        1.6106908232911792,
        -1.575652514849505,
        0.9955572029467188
      ],
      "s": 1.0
    },
    "rpe": {
      "1": {
        "count": 530.0,
        "rmse": 0.6319499375878789,
        "mean": 0.20605099659983472,
        "pstd": 0.5974141866557396,
        "mean_dt": 1.0
      },
      "10": {
        "count": 521.0,
        "rmse": 1.163593840364872,
        "mean": 0.9970240104833755,
        "pstd": 0.5999114500113466,
        "mean_dt": 10.0
      },
      "50": {
        "count": 481.0,
        "rmse": 3.9524320969846585,
        "mean": 3.5808599367334906,
        "pstd": 1.6730695128330977,
        "mean_dt": 50.0
      }
    }
  }
}