{
  "stats": {
    "topics": {
      "/c_slam/factor_batch/a": {
        "attempts": 96,
        "drops": 0,
        "published": 96,
        "delivered": 96,
        "delivery_rate": 1.0,
        "bytes_attempted": 1131496,
        "bytes_published": 1131496,
        "bytes_delivered": null,
        "drop_reasons": {},
        "delivery_method": "ack",
        "ack_latency_s": {
          "count": 96,
          "min": 0.007147628988604993,
          "max": 0.21057624398963526,
          "mean": 0.05967465730949092,
          "median": 0.03509546199347824,
          "p90": 0.1538639199861791,
          "p95": 0.17880149497068487,
          "stdev": 0.05886578089253126
        }
      },
      "/c_slam/factor_batch/c": {
        "attempts": 97,
        "drops": 0,
        "published": 97,
        "delivered": 97,
        "delivery_rate": 1.0,
        "bytes_attempted": 1140603,
        "bytes_published": 1140603,
        "bytes_delivered": null,
        "drop_reasons": {},
        "delivery_method": "ack",
        "ack_latency_s": {
          "count": 97,
          "min": 0.0061495169647969306,
          "max": 0.14693748502759263,
          "mean": 0.04268904546510966,
          "median": 0.029662202985491604,
          "p90": 0.09703163320664318,
          "p95": 0.11573240321595211,
          "stdev": 0.03643662989296913
        }
      },
      "/c_slam/factor_batch/b": {
        "attempts": 171,
        "drops": 0,
        "published": 171,
        "delivered": 171,
        "delivery_rate": 1.0,
        "bytes_attempted": 2024301,
        "bytes_published": 2024301,
        "bytes_delivered": null,
        "drop_reasons": {},
        "delivery_method": "ack",
        "ack_latency_s": {
          "count": 171,
          "min": 0.003993242047727108,
          "max": 0.21153021196369082,
          "mean": 0.050243608744431026,
          "median": 0.04073022503871471,
          "p90": 0.12823900301009417,
          "p95": 0.1559310699813068,
          "stdev": 0.0483218900825685
        }
      }
    },
    "generated_by": {
      "component": "ros2_factor_publisher",
      "pid": 488100
    }
  }
}