{
  "ate": {
    "a": {
      "matches": 1347,
      "rmse": 2.2841124364700947,
      "R": [
        [
          0.9999554351845154,
          -0.0008449539021119839,
          -0.009402855834788141
        ],
        [
          0.0007241002309513171,
          0.9999171878227056,
          -0.012848858921601276
        ],
        [
          0.009412933857307165,
          0.01284147770449267,
          0.9998732385290461
        ]
      ],
      "t": [
        -2.71001229393498,
        -1.2569684904505465,
        -1.7433751769894794
      ],
      "s": 1.0
    },
    "c": {
      "matches": 1071,
      "rmse": 2.3004736477732037,
      "R": [
        [
          0.9999694564766319,
          -0.0018087575923388891,
          -0.007603585325377639
        ],
        [
          0.001725926017487039,
          0.9999392536903005,
          -0.010886234825069861
        ],
        [
          0.007622813995520462,
          0.010872779095362849,
          0.9999118338041275
        ]
      ],
      "t": [
        -2.5976162626726307,
        -1.428149528875636,
        -1.5350784455732835
      ],
      "s": 1.0
    },
    "b": {
      "matches": 617,
      "rmse": 2.2303305166063616,
      "R": [
        [
          0.9999632449336301,
          0.001271545551866281,
          -0.008478912295504924
        ],
        [
          -0.0013763866384463796,
          0.9999225342483888,
          -0.01237057242416889
        ],
        [
          0.008462525723851116,
          0.012381788004550538,
          0.9998875321675849
        ]
      ],
      "t": [
        -2.872581256492367,
        -1.508402691819228,
        -1.9585834288984247
      ],
      "s": 1.0
    }
  },
  "rpe": {
    "a": {
      "1": {
        "count": 1346.0,
        "rmse": 0.16154285554653813,
        "mean": 0.09618615172697073,
        "pstd": 0.12978566328406918,
        "mean_dt": 1.0
      },
      "10": {
        "count": 1337.0,
        "rmse": 0.7527037277505532,
        "mean": 0.660371217949508,
        "pstd": 0.3612101275898306,
        "mean_dt": 10.0
      },
      "50": {
        "count": 1297.0,
        "rmse": 2.3583470675528524,
        "mean": 2.1384324587345334,
        "pstd": 0.9944382889177757,
        "mean_dt": 50.0
      }
    },
    "c": {
      "1": {
        "count": 1070.0,
        "rmse": 0.7785628901131704,
        "mean": 0.2612057123450182,
        "pstd": 0.7334383066759632,
        "mean_dt": 1.0
      },
      "10": {
        "count": 1061.0,
        "rmse": 1.0077636145001456,
        "mean": 0.7452040314939078,
        "pstd": 0.6784235064881126,
        "mean_dt": 10.0
      },
      "50": {
        "count": 1021.0,
        "rmse": 2.17429905670762,
        "mean": 1.940471992580372,
        "pstd": 0.9808898174671841,
        "mean_dt": 50.0
      }
    },
    "b": {
      "1": {
        "count": 616.0,
        "rmse": 0.42682921544602503,
        "mean": 0.137924944988539,
        "pstd": 0.40393054936235995,
        "mean_dt": 1.0
      },
      "10": {
        "count": 607.0,
        "rmse": 0.8047531831972972,
        "mean": 0.6682609884654621,
        "pstd": 0.4483914998763307,
        "mean_dt": 10.0
      },
      "50": {
        "count": 567.0,
        "rmse": 2.334375523996895,
        "mean": 2.161718279162007,
        "pstd": 0.8810693324436114,
        "mean_dt": 50.0
      }
    }
  }
}