{
  "ate": {
    "matches": 1064,
    "rmse": 3.306300607088297,
    "R": [
      [
        0.9998120842630962,
        0.01802901847364387,
        0.0071239493513553034
      ],
      [
        -0.01802749926493548,
        0.9998374529446085,
        -0.0002774157360457413
      ],
      [
        -0.007127792907795529,
        0.0001489366135682818,
        0.9999745858701353
      ]
    ],
    "t": [
      -0.4216019874452286,
      3.0088611223657793,
      0.3502756357099859
    ],
    "s": 1.0
  },
  "rpe": {
    "1": {
      "count": 1063.0,
      "rmse": 0.9805557777903523,
      "mean": 0.20992435325596917,
      "pstd": 0.9578211729065641,
      "mean_dt": 1.0
    },
    "10": {
      "count": 1054.0,
      "rmse": 2.8279575140632813,
      "mean": 1.0021031427651825,
      "pstd": 2.6444532502215123,
      "mean_dt": 10.0
    },
    "50": {
      "count": 1014.0,
      "rmse": 3.8199103549926208,
      "mean": 2.3988743331287896,
      "pstd": 2.972728890100097,
      "mean_dt": 50.0
    }
  }
}