{
  "ate": {
    "matches": 1341,
    "rmse": 2.100345507916563,
    "R": [
      [
        0.9999303537775583,
        0.011702556997640336,
        -0.0015289715509143385
      ],
      [
        -0.011699745400309053,
        0.9999298717894136,
        0.0018350642424250635
      ],
      [
        0.001550339270766722,
        -0.0018170478592626632,
        0.9999971473885426
      ]
    ],
    "t": [
      -0.8278572718477193,
      3.119082302972224,
      -0.7654685526631768
    ],
    "s": 1.0
  },
  "rpe": {
    "1": {
      "count": 1340.0,
      "rmse": 0.14856077951562152,
      "mean": 0.09236270433388293,
      "pstd": 0.11635908240623448,
      "mean_dt": 1.0
    },
    "10": {
      "count": 1331.0,
      "rmse": 0.68236510670718,
      "mean": 0.5895089154140609,
      "pstd": 0.3436588097209764,
      "mean_dt": 10.0
    },
    "50": {
      "count": 1291.0,
      "rmse": 2.244334611542597,
      "mean": 2.010454673145608,
      "pstd": 0.997551931377539,
      "mean_dt": 50.0
    }
  }
}