{
  "ate": {
    "matches": 1347,
    "rmse": 2.7748027514699887,
    "R": [
      [
        0.9992211879037056,
        0.03738616558165883,
        -0.012621104048658743
      ],
      [
        -0.03745581232584167,
        0.9992840827471071,
        -0.005327672220043753
      ],
      [
        0.0124128871467364,
        0.005796256669065171,
        0.9999061574174393
      ]
    ],
    "t": [
      -3.360971118244777,
      4.3966631552341084,
      -2.730175594247142
    ],
    "s": 1.0
  },
  "rpe": {
    "1": {
      "count": 1346.0,
      "rmse": 0.1519893979109488,
      "mean": 0.10718763804238811,
      "pstd": 0.10775707553672163,
      "mean_dt": 1.0
    },
    "10": {
      "count": 1337.0,
      "rmse": 0.8877228092857545,
      "mean": 0.7843317144890242,
      "pstd": 0.4157830537346369,
      "mean_dt": 10.0
    },
    "50": {
      "count": 1297.0,
      "rmse": 3.0097191285466915,
      "mean": 2.6845848967125274,
      "pstd": 1.3606664415215248,
      "mean_dt": 50.0
    }
  }
}