{
  "a": {
    "ate": {
      "matches": 1347,
      "rmse": 2.7748027514699887,
      "R": [
        [
          0.9992211879037056,
          0.03738616558165883,
          -0.012621104048658743
        ],
        [
          -0.03745581232584167,
          0.9992840827471071,
          -0.005327672220043753
        ],
        [
          0.0124128871467364,
          0.005796256669065171,
          0.9999061574174393
        ]
      ],
      "t": [
        -3.360971118244777,
        4.3966631552341084,
        -2.730175594247142
      ],
      "s": 1.0
    },
    "rpe": {
      "1": {
        "count": 1346.0,
        "rmse": 0.1519893979109488,
        "mean": 0.10718763804238811,
        "pstd": 0.10775707553672163,
        "mean_dt": 1.0
      },
      "10": {
        "count": 1337.0,
        "rmse": 0.8877228092857545,
        "mean": 0.7843317144890242,
        "pstd": 0.4157830537346369,
        "mean_dt": 10.0
      },
      "50": {
        "count": 1297.0,
        "rmse": 3.0097191285466915,
        "mean": 2.6845848967125274,
        "pstd": 1.3606664415215248,
        "mean_dt": 50.0
      }
    }
  },
  "b": {
    "ate": {
      "matches": 617,
      "rmse": 4.714346209822216,
      "R": [
        [
          0.9997975002881875,
          -0.00477200888583945,
          -0.01954958691853374
        ],
        [
          0.004809343112428982,
          0.9999866993575788,
          0.001863149688579091
        ],
        [
          0.0195404359295991,
          -0.0019567930725015725,
          0.9998071525672102
        ]
      ],
      "t": [
        -4.221171350577251,
        -2.336535884459252,
        -6.625061861724358
      ],
      "s": 1.0
    },
    "rpe": {
      "1": {
        "count": 616.0,
        "rmse": 0.3293341704472134,
        "mean": 0.15685146434185993,
        "pstd": 0.28958351810482663,
        "mean_dt": 1.0
      },
      "10": {
        "count": 607.0,
        "rmse": 1.3596765430208384,
        "mean": 1.065041171025634,
        "pstd": 0.8452263635627106,
        "mean_dt": 10.0
      },
      "50": {
        "count": 567.0,
        "rmse": 4.730549901118878,
        "mean": 3.701654028190598,
        "pstd": 2.9454812548302116,
        "mean_dt": 50.0
      }
    }
  },
  "c": {
    "ate": {
      "matches": 1070,
      "rmse": 3.2852108867152725,
      "R": [
        [
          0.9992292125564235,
          0.0388114166324326,
          -0.00588682536297367
        ],
        [
          -0.03887878027510727,
          0.9991743028140969,
          -0.011796314690758317
        ],
        [
          0.005424132943647245,
          0.012016094829319188,
          0.9999130923469611
        ]
      ],
      "t": [
        -3.4439510526504478,
        5.138103136755177,
        -2.1214249308483604
      ],
      "s": 1.0
    },
    "rpe": {
      "1": {
        "count": 1069.0,
        "rmse": 0.8695658407972512,
        "mean": 0.2452490981623694,
        "pstd": 0.8342647249716215,
        "mean_dt": 1.0
      },
      "10": {
        "count": 1060.0,
        "rmse": 1.2990582996537718,
        "mean": 0.9272727908822388,
        "pstd": 0.9097898862862854,
        "mean_dt": 10.0
      },
      "50": {
        "count": 1020.0,
        "rmse": 3.0091096618590787,
        "mean": 2.667781348819027,
        "pstd": 1.3920070517015994,
        "mean_dt": 50.0
      }
    }
  }
}