{
  "loop_closure_correction": {
    "count": 383,
    "min": 0.005165618960745633,
    "max": 0.21691933000693098,
    "mean": 0.04881812314099849,
    "median": 0.048902811016887426,
    "p90": 0.07462683939374984,
    "p95": 0.1012461780803278,
    "p99": 0.1668823346146383,
    "stdev": 0.02989212697046056
  },
  "interface_correction": {
    "count": 3,
    "min": 0.045556329016108066,
    "max": 0.07330720400204882,
    "mean": 0.060679631656967103,
    "median": 0.06317536195274442,
    "p90": 0.07128083559218794,
    "p95": 0.07229401979711839,
    "p99": 0.07310456716106273,
    "stdev": 0.011465870163323079
  },
  "loop_closure_correction_stabilised": {
    "count": 383,
    "min": 0.19881486892700195,
    "max": 11.991654872894287,
    "mean": 6.719735851487043,
    "median": 7.329546689987183,
    "p90": 11.04962387084961,
    "p95": 11.36846444606781,
    "p99": 11.66407076358795,
    "stdev": 3.328282178006856
  },
  "loop_closure_correction_stabilised_params": {
    "epsilon": 0.001,
    "required": 3
  },
  "interface_correction_stabilised": {
    "count": 3,
    "min": 11.405870199203491,
    "max": 11.993825674057007,
    "mean": 11.688165664672852,
    "median": 11.664801120758057,
    "p90": 11.928020763397218,
    "p95": 11.960923218727112,
    "p99": 11.987245182991026,
    "stdev": 0.2405997181167863
  },
  "interface_correction_stabilised_params": {
    "epsilon": 0.001,
    "required": 3
  },
  "time_to_global_convergence_s": 11.959782838821411,
  "time_to_global_convergence_method": "last_map_broadcast",
  "timeline_start_ts": 1770247211.029284,
  "timeline_end_ts": 1770247222.9890668,
  "optimization_duration_s": {
    "count": 176,
    "min": 0.0007723140297457576,
    "max": 0.06527273898245767,
    "mean": 0.006756053541969529,
    "median": 0.0031660529784858227,
    "p90": 0.016943350026849657,
    "p95": 0.02848402751260437,
    "p99": 0.058763588982401416,
    "stdev": 0.01087425841305157
  },
  "communication_uplink_messages": 364,
  "communication_uplink_bytes": 4296432,
  "communication_downlink_messages": 176,
  "communication_downlink_bytes": 27511037,
  "communication_uplink_bytes_per_s": 359239.96764003084,
  "communication_downlink_bytes_per_s": 2300295.696900054,
  "delivery_topics": {},
  "estimation_metrics": {
    "ate": {
      "a": {
        "matches": 596,
        "rmse": 2.237762215410257,
        "R": [
          [
            0.9999352956265031,
            0.010497269240657369,
            0.004383138011370244
          ],
          [
            -0.010491402331390778,
            0.9999440397255104,
            -0.0013593728506993974
          ],
          [
            -0.004397162432576233,
            0.001313299628979421,
            0.9999894700478732
          ]
        ],
        "t": [
          -0.9628038402000385,
          0.9398595096942728,
          0.07394785618249333
        ],
        "s": 1.0
      },
      "c": {
        "matches": 562,
        "rmse": 2.128783472806829,
        "R": [
          [
            0.9999756992008667,
            0.006409241440452105,
            0.002742741675019625
          ],
          [
            -0.006412261354357244,
            0.9999788431570233,
            0.0010936830733467018
          ],
          [
            -0.0027356739683882664,
            -0.0011112436724217377,
            0.9999956406032177
          ]
        ],
        "t": [
          -0.32045707486668107,
          0.8846659639687289,
          0.1929195504220793
        ],
        "s": 1.0
      },
      "b": {
        "matches": 1020,
        "rmse": 2.1243051694900887,
        "R": [
          [
            0.9999578904264631,
            0.008540424542530461,
            0.0033583511565208734
          ],
          [
            -0.008535903464377369,
            0.9999626460477984,
            -0.0013582566518289818
          ],
          [
            -0.0033698257972766326,
            0.0013295328949490676,
            0.9999934382866607
          ]
        ],
        "t": [
          -1.160776584468877,
          0.9736046174937698,
          0.17704844182479107
        ],
        "s": 1.0
      }
    },
    "rpe": {
      "a": {
        "1": {
          "count": 595.0,
          "rmse": 0.1392450729972472,
          "mean": 0.09464135112439895,
          "pstd": 0.10213816628154698,
          "mean_dt": 1.0
        },
        "10": {
          "count": 586.0,
          "rmse": 0.6707189832876529,
          "mean": 0.5979357696726241,
          "pstd": 0.30386965937459137,
          "mean_dt": 10.0
        },
        "50": {
          "count": 546.0,
          "rmse": 2.127383623319654,
          "mean": 1.94795780339838,
          "pstd": 0.855114891080735,
          "mean_dt": 50.0
        }
      },
      "c": {
        "1": {
          "count": 561.0,
          "rmse": 1.110908482235404,
          "mean": 0.4559676332252023,
          "pstd": 1.0130208158540361,
          "mean_dt": 1.0
        },
        "10": {
          "count": 552.0,
          "rmse": 1.3071052613445029,
          "mean": 0.9458370706152112,
          "pstd": 0.9021731541586216,
          "mean_dt": 10.0
        },
        "50": {
          "count": 512.0,
          "rmse": 2.727098658691378,
          "mean": 2.467115864487435,
          "pstd": 1.1620698797536777,
          "mean_dt": 50.0
        }
      },
      "b": {
        "1": {
          "count": 1019.0,
          "rmse": 0.36527786284086855,
          "mean": 0.12694949094031352,
          "pstd": 0.342508020098198,
          "mean_dt": 1.0
        },
        "10": {
          "count": 1010.0,
          "rmse": 0.7735072068676614,
          "mean": 0.6274152008937085,
          "pstd": 0.4523975737818651,
          "mean_dt": 10.0
        },
        "50": {
          "count": 970.0,
          "rmse": 1.9653448255429171,
          "mean": 1.7491263442271336,
          "pstd": 0.8961792874302231,
          "mean_dt": 50.0
        }
      }
    }
  },
  "input_end_team_ts": 1770247222.989124,
  "input_end_method": "input_end_event",
  "input_end_per_robot_ts": {
    "team": 1770247222.989124
  },
  "time_from_input_end_to_team_convergence_s": 0.011069059371948242,
  "time_from_input_end_to_team_convergence_method": "stable_window",
  "time_from_input_end_to_team_convergence_per_robot_s": {
    "server": 0.011069059371948242
  },
  "time_from_input_end_to_team_convergence_params": {
    "epsilon": 0.001,
    "required": 3
  },
  "time_from_input_end_to_ddf_stop_team_s": null,
  "time_from_input_end_to_ddf_stop_method": "no_ddf_stop_event",
  "time_from_input_end_to_ddf_stop_per_robot_s": {},
  "stable_team_convergence_s": 0.011069059371948242,
  "stable_team_convergence_method": "stable_window",
  "stable_team_convergence_per_robot_s": {
    "server": 0.011069059371948242
  },
  "stable_team_convergence_params": {
    "epsilon": 0.001,
    "required": 3
  },
  "stable_loop_closure_correction": {
    "count": 383,
    "min": 0.19881486892700195,
    "max": 11.991654872894287,
    "mean": 6.719735851487043,
    "median": 7.329546689987183,
    "p90": 11.04962387084961,
    "p95": 11.36846444606781,
    "p99": 11.66407076358795,
    "stdev": 3.328282178006856
  },
  "stable_loop_closure_correction_params": {
    "epsilon": 0.001,
    "required": 3
  },
  "stable_interface_correction": {
    "count": 3,
    "min": 11.405870199203491,
    "max": 11.993825674057007,
    "mean": 11.688165664672852,
    "median": 11.664801120758057,
    "p90": 11.928020763397218,
    "p95": 11.960923218727112,
    "p99": 11.987245182991026,
    "stdev": 0.2405997181167863
  },
  "stable_interface_correction_params": {
    "epsilon": 0.001,
    "required": 3
  },
  "event_time_to_global_convergence_s": 11.959782838821411,
  "event_time_to_global_convergence_method": "last_map_broadcast",
  "event_loop_closure_correction": {
    "count": 383,
    "min": 0.005165618960745633,
    "max": 0.21691933000693098,
    "mean": 0.04881812314099849,