{
  "a": {
    "ate": {
      "matches": 1350,
      "rmse": 2.118989416672107,
      "R": [
        [
          0.999854112216611,
          0.016816684899974545,
          0.002992222001631915
        ],
        [
          -0.016821221237841643,
          0.9998573920022853,
          0.0014973892131094346
        ],
        [
          -0.0029666141642740737,
          -0.0015475035905984438,
          0.9999944022008509
        ]
      ],
      "t": [
        -1.3350734149542234,
        2.4837292647139577,
        -0.41774409998568274
      ],
      "s": 1.0
    },
    "rpe": {
      "1": {
        "count": 1349.0,
        "rmse": 0.15368117338981624,
        "mean": 0.09480052119293997,
        "pstd": 0.12095769605948077,
        "mean_dt": 1.0
      },
      "10": {
        "count": 1340.0,
        "rmse": 0.713918577336055,
        "mean": 0.6330489805042567,
        "pstd": 0.3300435173549963,
        "mean_dt": 10.0
      },
      "50": {
        "count": 1300.0,
        "rmse": 2.352681955364177,
        "mean": 2.1122968610816004,
        "pstd": 1.0360088579549085,
        "mean_dt": 50.0
      }
    }
  },
  "b": {
    "ate": {
      "matches": 187,
      "rmse": 21.018496947821166,
      "R": [
        [
          0.996656655007965,
          0.030202020189913352,
          0.07591673073034855
        ],
        [
          -0.0297271240673706,
          0.9995308215045513,
          -0.0073780049554361855
        ],
        [
          -0.07610394288747035,
          0.005096551666307056,
          0.9970868643393579
        ]
      ],
      "t": [
        7.732647948238693,
        5.993759762370333,
        1.8231659791299366
      ],
      "s": 1.0
    },
    "rpe": {
      "1": {
        "count": 186.0,
        "rmse": 14.539919205069035,
        "mean": 3.8250785251456962,
        "pstd": 14.027759078570053,
        "mean_dt": 1.0
      },
      "10": {
        "count": 177.0,
        "rmse": 25.966320517346823,
        "mean": 14.612006153353626,
        "pstd": 21.464833504687203,
        "mean_dt": 10.0
      },
      "50": {
        "count": 137.0,
        "rmse": 27.67278923801437,
        "mean": 17.90212056498858,
        "pstd": 21.102069649401148,
        "mean_dt": 50.0
      }
    }
  },
  "c": {
    "ate": {
      "matches": 703,
      "rmse": 1.9396663431619912,
      "R": [
        [
          0.9999793674282152,
          0.006422428006761149,
          -0.00013090593535422567
        ],
        [
          -0.006422263390753886,
          0.9999786311707834,
          0.0012213659344781636
        ],
        [
          0.00013874727283176352,
          -0.0012205000221615706,
          0.9999992455641606
        ]
      ],
      "t": [
        -0.43162186434229,
        2.0285611304255013,
        -0.6550288649733988
      ],
      "s": 1.0
    },
    "rpe": {
      "1": {
        "count": 702.0,
        "rmse": 0.8655538687574899,
        "mean": 0.39931673110736376,
        "pstd": 0.7679385704460919,
        "mean_dt": 1.0
      },
      "10": {
        "count": 693.0,
        "rmse": 1.0398618070683654,
        "mean": 0.8039895102715232,
        "pstd": 0.6594796776041266,
        "mean_dt": 10.0
      },
      "50": {
        "count": 653.0,
        "rmse": 2.0881594879732632,
        "mean": 1.8987486502620505,
        "pstd": 0.8690015019209153,
        "mean_dt": 50.0
      }
    }
  },
  "d": {
    "ate": {
      "matches": 1062,
      "rmse": 5.768358125730435,
      "R": [
        [
          0.9939382226842054,
          0.10909242185426518,
          -0.013625453435911832
        ],
        [
          -0.10920884007207073,
          0.993985726277741,
          -0.008112040817429417
        ],
        [
          0.012658544050404345,
          0.009550887397609432,
          0.9998742630013245
        ]
      ],
      "t": [
        -4.688860702536289,
        13.665903075897994,
        -3.1305574567428813
      ],
      "s": 1.0
    },
    "rpe": {
      "1": {
        "count": 1061.0,
        "rmse": 1.6878736520803703,
        "mean": 0.3469256859135855,
        "pstd": 1.6518353531270953,
        "mean_dt": 1.0
      },
      "10": {
        "count": 1052.0,
        "rmse": 3.4737495284260635,
        "mean": 1.6582171138535962,
        "pstd": 3.0524173681794156,
        "mean_dt": 10.0
      },
      "50": {
        "count": 1012.0,
        "rmse": 6.252611351819676,
        "mean": 4.689621263979273,
        "pstd": 4.135529121809905,
        "mean_dt": 50.0
      }
    }
  },
  "e": {
    "ate": {
      "matches": 533,
      "rmse": 5.036880742481791,
      "R": [
        [
          0.9992882736723377,
          -0.03752849683256875,
          0.003815498191054933
        ],
        [
          0.037505587121980384,
          0.9992789508478932,
          0.005908411543616217
        ],
        [
          -0.00403448083321953,
          -0.005761103871747601,
          0.9999752660174077
        ]
      ],
      "t": [
        1.941430238636059,
        -2.2846412830584484,
        0.19845354399768755
      ],
      "s": 1.0
    },
    "rpe": {
      "1": {
        "count": 532.0,
        "rmse": 0.9712500036749425,
        "mean": 0.2840309507580658,
        "pstd": 0.9287911437185677,
        "mean_dt": 1.0
      },
      "10": {
        "count": 523.0,
        "rmse": 1.5536907036682799,
        "mean": 1.2215298964658656,
        "pstd": 0.9601143237684391,
        "mean_dt": 10.0
      },
      "50": {
        "count": 483.0,
        "rmse": 4.587204834254532,
        "mean": 4.1066920860157845,
        "pstd": 2.0439002671518645,
        "mean_dt": 50.0
      }
    }
  }
}