{
  "ate": {
    "matches": 1062,
    "rmse": 5.768358125730435,
    "R": [
      [
        0.9939382226842054,
        0.10909242185426518,
        -0.013625453435911832
      ],
      [
        -0.10920884007207073,
        0.993985726277741,
        -0.008112040817429417
      ],
      [
        0.012658544050404345,
        0.009550887397609432,
        0.9998742630013245
      ]
    ],
    "t": [
      -4.688860702536289,
      13.665903075897994,
      -3.1305574567428813
    ],
    "s": 1.0
  },
  "rpe": {
    "1": {
      "count": 1061.0,
      "rmse": 1.6878736520803703,
      "mean": 0.3469256859135855,
      "pstd": 1.6518353531270953,
      "mean_dt": 1.0
    },
    "10": {
      "count": 1052.0,
      "rmse": 3.4737495284260635,
      "mean": 1.6582171138535962,
      "pstd": 3.0524173681794156,
      "mean_dt": 10.0
    },
    "50": {
      "count": 1012.0,
      "rmse": 6.252611351819676,
      "mean": 4.689621263979273,
      "pstd": 4.135529121809905,
      "mean_dt": 50.0
    }
  }
}