{
  "ate": {
    "matches": 1350,
    "rmse": 2.118989416672107,
    "R": [
      [
        0.999854112216611,
        0.016816684899974545,
        0.002992222001631915
      ],
      [
        -0.016821221237841643,
        0.9998573920022853,
        0.0014973892131094346
      ],
      [
        -0.0029666141642740737,
        -0.0015475035905984438,
        0.9999944022008509
      ]
    ],
    "t": [
      -1.3350734149542234,
      2.4837292647139577,
      -0.41774409998568274
    ],
    "s": 1.0
  },
  "rpe": {
    "1": {
      "count": 1349.0,
      "rmse": 0.15368117338981624,
      "mean": 0.09480052119293997,
      "pstd": 0.12095769605948077,
      "mean_dt": 1.0
    },
    "10": {
      "count": 1340.0,
      "rmse": 0.713918577336055,
      "mean": 0.6330489805042567,
      "pstd": 0.3300435173549963,
      "mean_dt": 10.0
    },
    "50": {
      "count": 1300.0,
      "rmse": 2.352681955364177,
      "mean": 2.1122968610816004,
      "pstd": 1.0360088579549085,
      "mean_dt": 50.0
    }
  }
}