{
  "a": {
    "ate": {
      "matches": 1347,
      "rmse": 2.927512923601567,
      "R": [
        [
          0.999391766908022,
          0.033330422100067064,
          -0.01025569105880566
        ],
        [
          -0.033443420198824445,
          0.9993795116479496,
          -0.011051214580812353
        ],
        [
          0.009880985875264543,
          0.011387478251906745,
          0.9998863392692166
        ]
      ],
      "t": [
        -1.6936408011381872,
        1.0377635307725512,
        -2.121164164687036
      ],
      "s": 1.0
    },
    "rpe": {
      "1": {
        "count": 1346.0,
        "rmse": 0.13040810928783045,
        "mean": 0.10413213926869869,
        "pstd": 0.07850332820556763,
        "mean_dt": 1.0
      },
      "10": {
        "count": 1337.0,
        "rmse": 0.8851005176224939,
        "mean": 0.776257264515666,
        "pstd": 0.42523826918830154,
        "mean_dt": 10.0
      },
      "50": {
        "count": 1297.0,
        "rmse": 3.09543488794501,
        "mean": 2.730803144614762,
        "pstd": 1.4575429087574991,
        "mean_dt": 50.0
      }
    }
  },
  "b": {
    "ate": {
      "matches": 617,
      "rmse": 4.359908674728705,
      "R": [
        [
          0.9997057241209052,
          0.018847463246473673,
          -0.015272140945816708
        ],
        [
          -0.018693456866426882,
          0.9997735888734923,
          0.010164923088704009
        ],
        [
          0.015460266177498566,
          -0.009876442688997566,
          0.999831703862971
        ]
      ],
      "t": [
        0.8878543429081702,
        3.8657972650128443,
        -7.085193643659741
      ],
      "s": 1.0
    },
    "rpe": {
      "1": {
        "count": 616.0,
        "rmse": 0.28436914792403395,
        "mean": 0.1511974929234981,
        "pstd": 0.2408425428048165,
        "mean_dt": 1.0
      },
      "10": {
        "count": 607.0,
        "rmse": 1.3214305361106975,
        "mean": 1.0577250479951792,
        "pstd": 0.7920835717330594,
        "mean_dt": 10.0
      },
      "50": {
        "count": 567.0,
        "rmse": 4.625310685604568,
        "mean": 3.692052297972543,
        "pstd": 2.7860812564251365,
        "mean_dt": 50.0
      }
    }
  }
}