{
  "ate": {
    "matches": 1347,
    "rmse": 2.6694992361342016,
    "R": [
      [
        0.999293115938321,
        0.03636524160185165,
        -0.009530878318360341
      ],
      [
        -0.03645406536083073,
        0.9992918904029064,
        -0.009317665676179213
      ],
      [
        0.009185290248474844,
        0.009658518427984264,
        0.9999111677868328
      ]
    ],
    "t": [
      -3.361086385486203,
      4.093971744152995,
      -2.5147902783302403
    ],
    "s": 1.0
  },
  "rpe": {
    "1": {
      "count": 1346.0,
      "rmse": 0.1498385939925211,
      "mean": 0.1046061779316486,
      "pstd": 0.1072807148940939,
      "mean_dt": 1.0
    },
    "10": {
      "count": 1337.0,
      "rmse": 0.8498075233213427,
      "mean": 0.7512596008766804,
      "pstd": 0.3972176214421588,
      "mean_dt": 10.0
    },
    "50": {
      "count": 1297.0,
      "rmse": 2.8716265084471475,
      "mean": 2.556288267862789,
      "pstd": 1.3082924350478478,
      "mean_dt": 50.0
    }
  }
}