{
  "a": {
    "ate": {
      "matches": 1355,
      "rmse": 2.5648676431748227,
      "R": [
        [
          0.9996974148936573,
          0.02331760346299419,
          0.007833774548886712
        ],
        [
          -0.02331118530612379,
          0.999727843583195,
          -0.0009096175673124832
        ],
        [
          -0.007852852638612984,
          0.0007267277604286679,
          0.9999689018025502
        ]
      ],
      "t": [
        -2.134777701431929,
        2.846255952513765,
        0.353903534444691
      ],
      "s": 1.0
    },
    "rpe": {
      "1": {
        "count": 1354.0,
        "rmse": 0.19549664614199236,
        "mean": 0.09849878674682587,
        "pstd": 0.1688695581274811,
        "mean_dt": 1.0
      },
      "10": {
        "count": 1345.0,
        "rmse": 0.8339318271913823,
        "mean": 0.6689401188813913,
        "pstd": 0.4979572368725121,
        "mean_dt": 10.0
      },
      "50": {
        "count": 1305.0,
        "rmse": 2.6962817430729515,
        "mean": 2.3403312949559307,
        "pstd": 1.338949090846402,
        "mean_dt": 50.0
      }
    }
  },
  "b": {
    "ate": {
      "matches": 607,
      "rmse": 2.549000282320359,
      "R": [
        [
          0.9999403847889102,
          0.003941907785247069,
          0.010182741832118702
        ],
        [
          -0.004035230455552607,
          0.9999498992871253,
          0.009160558434864963
        ],
        [
          -0.010146121592882286,
          -0.009201102036202148,
          0.9999061935691477
        ]
      ],
      "t": [
        -1.6902571295190683,
        1.127943723119273,
        0.49186708852165273
      ],
      "s": 1.0
    },
    "rpe": {
      "1": {
        "count": 606.0,
        "rmse": 0.13135067695759037,
        "mean": 0.10063532469221351,
        "pstd": 0.08441286490405357,
        "mean_dt": 1.0
      },
      "10": {
        "count": 597.0,
        "rmse": 0.8727899599970438,
        "mean": 0.71933659056478,
        "pstd": 0.49428451700035975,
        "mean_dt": 10.0
      },
      "50": {
        "count": 557.0,
        "rmse": 2.898983475853579,
        "mean": 2.4497559350328633,
        "pstd": 1.5500971105202928,
        "mean_dt": 50.0
      }
    }
  },
  "c": {
    "ate": {
      "matches": 1062,
      "rmse": 2.5737557990842475,
      "R": [
        [
          0.9997354121806294,
          0.019819652253956845,
          0.01167420303744367
        ],
        [
          -0.019802453963495732,
          0.9998026527239057,
          -0.0015869540840535018
        ],
        [
          -0.011703352043362602,
          0.001355356327123497,
          0.9999305948715518
        ]
      ],
      "t": [
        -1.3810002488717572,
        3.3473142231949495,
        1.164788839597385
      ],
      "s": 1.0
    },
    "rpe": {
      "1": {
        "count": 1061.0,
        "rmse": 0.6184264021977403,
        "mean": 0.1897412005424377,
        "pstd": 0.5885996022356416,
        "mean_dt": 1.0
      },
      "10": {
        "count": 1052.0,
        "rmse": 1.0033583601718965,
        "mean": 0.6935083991231125,
        "pstd": 0.7251028197935347,
        "mean_dt": 10.0
      },
      "50": {
        "count": 1012.0,
        "rmse": 2.3887141440271877,
        "mean": 2.024973617785583,
        "pstd": 1.267058447407979,
        "mean_dt": 50.0
      }
    }
  }
}