{
  "ate": {
    "matches": 607,
    "rmse": 2.549000282320359,
    "R": [
      [
        0.9999403847889102,
        0.003941907785247069,
        0.010182741832118702
      ],
      [
        -0.004035230455552607,
        0.9999498992871253,
        0.009160558434864963
      ],
      [
        -0.010146121592882286,
        -0.009201102036202148,
        0.9999061935691477
      ]
    ],
    "t": [
      -1.6902571295190683,
      1.127943723119273,
      0.49186708852165273
    ],
    "s": 1.0
  },
  "rpe": {
    "1": {
      "count": 606.0,
      "rmse": 0.13135067695759037,
      "mean": 0.10063532469221351,
      "pstd": 0.08441286490405357,
      "mean_dt": 1.0
    },
    "10": {
      "count": 597.0,
      "rmse": 0.8727899599970438,
      "mean": 0.71933659056478,
      "pstd": 0.49428451700035975,
      "mean_dt": 10.0
    },
    "50": {
      "count": 557.0,
      "rmse": 2.898983475853579,
      "mean": 2.4497559350328633,
      "pstd": 1.5500971105202928,
      "mean_dt": 50.0
    }
  }
}