{
  "stats": {
    "topics": {
      "/c_slam/factor_batch/a": {
        "attempts": 230,
        "drops": 0,
        "published": 230,
        "delivered": 230,
        "delivery_rate": 1.0,
        "bytes_attempted": 2716283,
        "bytes_published": 2716283,
        "bytes_delivered": null,
        "drop_reasons": {},
        "delivery_method": "ack",
        "ack_latency_s": {
          "count": 230,
          "min": 0.006959877966437489,
          "max": 5.257179473002907,
          "mean": 1.8540880247036946,
          "median": 1.8024539389880374,
          "p90": 4.724182490666863,
          "p95": 5.0655923608574085,
          "stdev": 1.6875015300885632
        }
      },
      "/c_slam/factor_batch/b": {
        "attempts": 93,
        "drops": 0,
        "published": 93,
        "delivered": 93,
        "delivery_rate": 1.0,
        "bytes_attempted": 1097939,
        "bytes_published": 1097939,
        "bytes_delivered": null,
        "drop_reasons": {},
        "delivery_method": "ack",
        "ack_latency_s": {
          "count": 93,
          "min": 0.0071496759774163365,
          "max": 5.215868863044307,
          "mean": 0.5954506361621722,
          "median": 0.06499439204344526,
          "p90": 1.9101285975892095,
          "p95": 2.245046429999638,
          "stdev": 0.9887544559182426
        }
      },
      "/c_slam/factor_batch/c": {
        "attempts": 188,
        "drops": 0,
        "published": 188,
        "delivered": 188,
        "delivery_rate": 1.0,
        "bytes_attempted": 2217933,
        "bytes_published": 2217933,
        "bytes_delivered": null,
        "drop_reasons": {},
        "delivery_method": "ack",
        "ack_latency_s": {
          "count": 188,
          "min": 0.008179125026799738,
          "max": 5.213111613993533,
          "mean": 1.9758639395103215,
          "median": 2.004488323495025,
          "p90": 4.115403555106605,
          "p95": 4.476034743056516,
          "stdev": 1.4813656884757223
        }
      },
      "/c_slam/factor_batch/d": {
        "attempts": 87,
        "drops": 0,
        "published": 87,
        "delivered": 87,
        "delivery_rate": 1.0,
        "bytes_attempted": 1020840,
        "bytes_published": 1020840,
        "bytes_delivered": null,
        "drop_reasons": {},
        "delivery_method": "ack",
        "ack_latency_s": {
          "count": 87,
          "min": 0.007349641993641853,
          "max": 5.212288904003799,
          "mean": 0.6918507037040692,
          "median": 0.23366131499642506,
          "p90": 2.028413566411473,
          "p95": 2.1413830144214447,
          "stdev": 0.9006926985300345
        }
      }
    },
    "generated_by": {
      "component": "ros2_factor_publisher",
      "pid": 474496
    }
  }
}