{
  "ate": {
    "matches": 1350,
    "rmse": 2.239066479723723,
    "R": [
      [
        0.9997558434574342,
        0.02161797348818854,
        -0.004573477339873351
      ],
      [
        -0.021632277767370003,
        0.9997611836348511,
        -0.003101653693635499
      ],
      [
        0.004505333651320383,
        0.003199831136772309,
        0.9999847314081282
      ]
    ],
    "t": [
      -0.5523279897268338,
      5.015049520776472,
      -1.8328865923822075
    ],
    "s": 1.0
  },
  "rpe": {
    "1": {
      "count": 1349.0,
      "rmse": 0.19196644612127642,
      "mean": 0.10045109019652428,
      "pstd": 0.16358696437908116,
      "mean_dt": 1.0
    },
    "10": {
      "count": 1340.0,
      "rmse": 0.7541518544494406,
      "mean": 0.6594670337329256,
      "pstd": 0.36585277228555574,
      "mean_dt": 10.0
    },
    "50": {
      "count": 1300.0,
      "rmse": 2.509932178433484,
      "mean": 2.2089425024511162,
      "pstd": 1.191777060192406,
      "mean_dt": 50.0
    }
  }
}