{
  "ate": {
    "matches": 703,
    "rmse": 2.2026005310155057,
    "R": [
      [
        0.9998118411085584,
        0.017420305088788893,
        -0.008533191063627458
      ],
      [
        -0.017465297823191547,
        0.9998338079632402,
        -0.005226837062056344
      ],
      [
        0.008440719818954109,
        0.005374888309497436,
        0.9999499311588546
      ]
    ],
    "t": [
      0.778940753310394,
      5.265049093567086,
      -1.8870592551046106
    ],
    "s": 1.0
  },
  "rpe": {
    "1": {
      "count": 702.0,
      "rmse": 1.0984662667679117,
      "mean": 0.48251019585783106,
      "pstd": 0.9868191577590442,
      "mean_dt": 1.0
    },
    "10": {
      "count": 693.0,
      "rmse": 1.5883777015141087,
      "mean": 1.0964392006127939,
      "pstd": 1.1492453184707003,
      "mean_dt": 10.0
    },
    "50": {
      "count": 653.0,
      "rmse": 2.7138658684502586,
      "mean": 2.4298380406448907,
      "pstd": 1.2086997344974741,
      "mean_dt": 50.0
    }
  }
}