{
  "loop_closure_correction": {
    "count": 0
  },
  "interface_correction": {
    "count": 0
  },
  "loop_closure_correction_stabilised": {
    "count": 0
  },
  "loop_closure_correction_stabilised_params": {
    "epsilon": 0.001,
    "required": 3
  },
  "interface_correction_stabilised": {
    "count": 25262,
    "min": 0.08567237854003906,
    "max": 7.830615520477295,
    "mean": 1.2453320804169659,
    "median": 0.6699413061141968,
    "p90": 3.0163300514221194,
    "p95": 5.807326996326446,
    "p99": 7.716449391841889,
    "stdev": 1.655874618249765
  },
  "interface_correction_stabilised_params": {
    "epsilon": 0.001,
    "required": 3
  },
  "time_to_global_convergence_s": 0.17246532440185547,
  "time_to_global_convergence_method": "delta_threshold",
  "timeline_start_ts": 1770225593.7206233,
  "timeline_end_ts": 1770225593.8930886,
  "optimization_duration_s": {
    "count": 404,
    "min": 0.0005865029525011778,
    "max": 0.042604749964084476,
    "mean": 0.005775396626541797,
    "median": 0.0023377004836220294,
    "p90": 0.014517962589161468,
    "p95": 0.026089745588251386,
    "p99": 0.034442882113507926,
    "stdev": 0.00778135795015246
  },
  "communication_uplink_messages": 31617,
  "communication_uplink_bytes": 43317189,
  "communication_downlink_messages": 0,
  "communication_downlink_bytes": 0,
  "communication_uplink_bytes_per_s": 251164627.7315904,
  "communication_downlink_bytes_per_s": 0.0,
  "delivery_topics": {
    "/c_slam/factor_batch/a": {
      "attempts": 230.0,
      "drops": 0.0,
      "delivered": 230.0,
      "delivery_rate": 1.0
    },
    "/c_slam/factor_batch/b": {
      "attempts": 93.0,
      "drops": 0.0,
      "delivered": 93.0,
      "delivery_rate": 1.0
    },
    "/c_slam/factor_batch/c": {
      "attempts": 188.0,
      "drops": 0.0,
      "delivered": 188.0,
      "delivery_rate": 1.0
    },
    "/c_slam/factor_batch/d": {
      "attempts": 87.0,
      "drops": 0.0,
      "delivered": 87.0,
      "delivery_rate": 1.0
    },
    "/c_slam/iface/run_35491ff8/a": {
      "attempts": 3232.0,
      "drops": 0.0,
      "delivered": 3181.0,
      "delivery_rate": 0.9842202970297029
    },
    "/c_slam/iface/run_35491ff8/c": {
      "attempts": 19291.0,
      "drops": 0.0,
      "delivered": 6446.0,
      "delivery_rate": 0.3341454564304598
    },
    "/c_slam/iface/run_35491ff8/d": {
      "attempts": 12120.0,
      "drops": 0.0,
      "delivered": 2257.0,
      "delivery_rate": 0.18622112211221123
    },
    "/c_slam/iface/run_35491ff8/b": {
      "attempts": 6464.0,
      "drops": 0.0,
      "delivered": 1593.0,
      "delivery_rate": 0.24644183168316833
    }
  },
  "delivery_rate": {
    "count": 8,
    "min": 0.18622112211221123,
    "max": 1.0,
    "mean": 0.7188785884069427,
    "median": 0.9921101485148515,
    "p90": 1.0,
    "p95": 1.0,
    "p99": 1.0,
    "stdev": 0.36080868595814974
  },
  "estimation_metrics": {
    "a": {
      "ate": {
        "matches": 1341,
        "rmse": 2.180397642399736,
        "R": [
          [
            0.9999056673751213,
            0.013398869185496536,
            -0.0030210355283617867
          ],
          [
            -0.013397948848264873,
            0.9999101907431504,
            0.0003246762313945384
          ],
          [
            0.0030251145057581625,
            -0.0002841699243556206,
            0.9999953839541866
          ]
        ],
        "t": [
          -0.8507949173102389,
          3.4097179752542246,
          -0.9598535514029178
        ],
        "s": 1.0
      },
      "rpe": {
        "1": {
          "count": 1340.0,
          "rmse": 0.15267006303252736,
          "mean": 0.09419508099774473,
          "pstd": 0.12014755454100677,
          "mean_dt": 1.0
        },
        "10": {
          "count": 1331.0,
          "rmse": 0.7118386561903044,
          "mean": 0.6121140508205855,
          "pstd": 0.3633602361773144,
          "mean_dt": 10.0
        },
        "50": {
          "count": 1291.0,
          "rmse": 2.320115486528851,
          "mean": 2.073771338932352,
          "pstd": 1.0403885354297866,
          "mean_dt": 50.0
        }
      }
    },
    "b": {
      "ate": {
        "matches": 620,
        "rmse": 2.6710004475917106,
        "R": [
          [
            0.9999792001984823,
            0.0064408580966640525,
            0.00033840416998042215
          ],
          [
            -0.006440573121328009,
            0.9999789093681827,
            -0.0008365624228772878
          ],
          [
            -0.0003437852126774374,
            0.0008343655057435895,
            0.9999995928228821
          ]
        ],
        "t": [
          -1.8698293792856617,
          1.526685100460952,
          -0.26441683190151277
        ],
        "s": 1.0
      },
      "rpe": {
        "1": {
          "count": 619.0,
          "rmse": 0.44685894272246807,
          "mean": 0.15447579167841075,
          "pstd": 0.41930912758532957,
          "mean_dt": 1.0
        },
        "10": {
          "count": 610.0,
          "rmse": 1.0223994356873254,
          "mean": 0.8004981240832094,
          "pstd": 0.6360057856914704,
          "mean_dt": 10.0
        },
        "50": {
          "count": 570.0,
          "rmse": 3.0057494602440027,
          "mean": 2.5193268907162145,
          "pstd": 1.6393662908182778,
          "mean_dt": 50.0
        }
      }
    },
    "c": {
      "ate": {
        "matches": 1064,
        "rmse": 3.240031458480039,
        "R": [
          [
            0.9998217790638944,
            0.01811217463895645,
            0.005325339365457992
          ],
          [
            -0.018116371561501865,
            0.9998356105467345,
            0.0007409211061220611
          ],
          [
            -0.005311044243363476,
            -0.0008372648851046119,
            0.9999855457938163
          ]
        ],
        "t": [
          -0.4320287091235855,
          3.060012583406859,
          0.13293280597450874
        ],
        "s": 1.0
      },
      "rpe": {
        "1": {
          "count": 1063.0,
          "rmse": 0.9548924043565602,
          "mean": 0.20654374062033787,
          "pstd": 0.9322870733354677,
          "mean_dt": 1.0
        },
        "10": {
          "count": 1054.0,
          "rmse": 2.7470587649149922,
          "mean": 0.9648175228305527,
          "pstd": 2.572053460862622,
          "mean_dt": 10.0
        },
        "50": {
          "count": 1014.0,
          "rmse": 3.745305175268561,
          "mean": 2.2973525956974634,
          "pstd": 2.957952316541901,
          "mean_dt": 50.0
        }
      }
    },
    "d": {
      "ate": {
        "matches": 529,
        "rmse": 4.887230111931965,
        "R": [
          [
            0.9989979424906182,
            -0.04456847618069849,
            0.004094121449173778
          ],
          [
            0.04453644621960492,
            0.9989787967371236,
            0.007607143207257763
          ],
          [
            -0.004428979299827114,
            -0.007417182792544354,
            0.9999626840746526
          ]
        ],
        "t": [
          1.4002988275711346,
          -2.7895252000637356,
          0.20226637705941908
        ],
        "s": 1.0
      },
      "rpe": {
        "1": {
          "count": 528.0,
          "rmse": 0.7176141724745412,
          "mean": 0.21559855209994486,
          "pstd": 0.6844613684268295,
          "mean_dt": 1.0
        },
        "10": {
          "count": 519.0,
          "rmse": 1.4182575239651272,
          "mean": 1.1050353253023226,
          "pstd": 0.8890170606448916,
          "mean_dt": 10.0
        },
        "50": {
          "count": 479.0,
          "rmse": 4.539825617574905,
          "mean": 3.8889036140241333,
          "pstd": 2.3423162294659106,
          "mean_dt": 50.0
        }
      }
    }
  },
  "input_end_team_ts": 1770225593.7265298,
  "input_end_method": "input_end_event",