{
  "loop_closure_correction": {
    "count": 0
  },
  "interface_correction": {
    "count": 0
  },
  "loop_closure_correction_stabilised": {
    "count": 0
  },
  "loop_closure_correction_stabilised_params": {
    "epsilon": 0.001,
    "required": 3
  },
  "interface_correction_stabilised": {
    "count": 28017,
    "min": 0.08672070503234863,
    "max": 8.58670425415039,
    "mean": 1.780693606186267,
    "median": 0.7223443984985352,
    "p90": 6.160896825790406,
    "p95": 7.065655231475829,
    "p99": 8.339918994903565,
    "stdev": 2.166146159362354
  },
  "interface_correction_stabilised_params": {
    "epsilon": 0.001,
    "required": 3
  },
  "time_to_global_convergence_s": 0.12713313102722168,
  "time_to_global_convergence_method": "delta_threshold",
  "timeline_start_ts": 1770279428.9797337,
  "timeline_end_ts": 1770279429.1068668,
  "optimization_duration_s": {
    "count": 505,
    "min": 0.0005922209820710123,
    "max": 0.05848495400277898,
    "mean": 0.006161088581395215,
    "median": 0.003151103970594704,
    "p90": 0.017257061973214152,
    "p95": 0.02543995319865644,
    "p99": 0.036574787003919446,
    "stdev": 0.00803433782303449
  },
  "communication_uplink_messages": 49360,
  "communication_uplink_bytes": 64563994,
  "communication_downlink_messages": 0,
  "communication_downlink_bytes": 0,
  "communication_uplink_bytes_per_s": 507845543.3161289,
  "communication_downlink_bytes_per_s": 0.0,
  "delivery_topics": {
    "/c_slam/factor_batch/d": {
      "attempts": 171.0,
      "drops": 0.0,
      "delivered": 171.0,
      "delivery_rate": 1.0
    },
    "/c_slam/factor_batch/b": {
      "attempts": 36.0,
      "drops": 0.0,
      "delivered": 36.0,
      "delivery_rate": 1.0
    },
    "/c_slam/factor_batch/c": {
      "attempts": 126.0,
      "drops": 0.0,
      "delivered": 125.0,
      "delivery_rate": 0.9920634920634921
    },
    "/c_slam/factor_batch/a": {
      "attempts": 243.0,
      "drops": 0.0,
      "delivered": 243.0,
      "delivery_rate": 1.0
    },
    "/c_slam/factor_batch/e": {
      "attempts": 88.0,
      "drops": 0.0,
      "delivered": 88.0,
      "delivery_rate": 1.0
    },
    "/c_slam/iface/run_eb53f4f2/a": {
      "attempts": 2323.0,
      "drops": 0.0,
      "delivered": 2254.0,
      "delivery_rate": 0.9702970297029703
    },
    "/c_slam/iface/run_eb53f4f2/e": {
      "attempts": 16261.0,
      "drops": 0.0,
      "delivered": 3214.0,
      "delivery_rate": 0.19765082098271938
    },
    "/c_slam/iface/run_eb53f4f2/b": {
      "attempts": 13433.0,
      "drops": 0.0,
      "delivered": 2785.0,
      "delivery_rate": 0.20732524380257575
    },
    "/c_slam/iface/run_eb53f4f2/c": {
      "attempts": 21614.0,
      "drops": 0.0,
      "delivered": 6263.0,
      "delivery_rate": 0.28976589247709816
    },
    "/c_slam/iface/run_eb53f4f2/d": {
      "attempts": 11312.0,
      "drops": 0.0,
      "delivered": 5942.0,
      "delivery_rate": 0.5252828854314003
    }
  },
  "delivery_rate": {
    "count": 10,
    "min": 0.19765082098271938,
    "max": 1.0,
    "mean": 0.7182385364460256,
    "median": 0.9811802608832312,
    "p90": 1.0,
    "p95": 1.0,
    "p99": 1.0,
    "stdev": 0.34769761743466926
  },
  "estimation_metrics": {
    "a": {
      "ate": {
        "matches": 1350,
        "rmse": 2.0545656906805685,
        "R": [
          [
            0.9998693159993695,
            0.01564597876825233,
            0.00406869405770785
          ],
          [
            -0.015646729954763353,
            0.9998775707435269,
            0.00015285857876285586
          ],
          [
            -0.004065804308441692,
            -0.000216500359781803,
            0.9999917111471074
          ]
        ],
        "t": [
          -1.3158533832168473,
          2.4376722486848834,
          -0.31133257918756296
        ],
        "s": 1.0
      },
      "rpe": {
        "1": {
          "count": 1349.0,
          "rmse": 0.14444050137505698,
          "mean": 0.09504135565488848,
          "pstd": 0.1087667189574036,
          "mean_dt": 1.0
        },
        "10": {
          "count": 1340.0,
          "rmse": 0.7041463286815431,
          "mean": 0.6313727318108688,
          "pstd": 0.31175395061069733,
          "mean_dt": 10.0
        },
        "50": {
          "count": 1300.0,
          "rmse": 2.2967641011035926,
          "mean": 2.0809457218723937,
          "pstd": 0.9720032092226752,
          "mean_dt": 50.0
        }
      }
    },
    "b": {
      "ate": {
        "matches": 187,
        "rmse": 16.099202203103594,
        "R": [
          [
            0.9995795989358219,
            0.026738779091893598,
            0.011209954682186113
          ],
          [
            -0.026924682089271772,
            0.9994967125632847,
            0.016774476730401146
          ],
          [
            -0.010755783825152123,
            -0.017069249188585635,
            0.9997964562081846
          ]
        ],
        "t": [
          3.720634764875591,
          5.01325875381678,
          -0.9912190071686471
        ],
        "s": 1.0
      },
      "rpe": {
        "1": {
          "count": 186.0,
          "rmse": 15.869160055789322,
          "mean": 4.324040931249668,
          "pstd": 15.268690543106077,
          "mean_dt": 1.0
        },
        "10": {
          "count": 177.0,
          "rmse": 21.23396131495555,
          "mean": 9.703458000665487,
          "pstd": 18.8871389033477,
          "mean_dt": 10.0
        },
        "50": {
          "count": 137.0,
          "rmse": 20.57497242197954,
          "mean": 10.6747193159625,
          "pstd": 17.589197187212264,
          "mean_dt": 50.0
        }
      }
    },
    "c": {
      "ate": {
        "matches": 702,
        "rmse": 6.296198663655009,
        "R": [
          [
            0.993249393938489,
            0.11581082197204236,
            -0.006595070506430396
          ],
          [
            -0.11579830358103951,
            0.9932701985861699,
            0.0022506639786463514
          ],
          [
            0.006811338236961801,
            -0.0014717726561076575,
            0.9999757194835635
          ]
        ],
        "t": [
          -3.023187030231867,
          12.29379349495131,
          -1.377947180763062
        ],
        "s": 1.0
      },
      "rpe": {
        "1": {
          "count": 701.0,
          "rmse": 2.0452398842042823,
          "mean": 0.836588155191319,
          "pstd": 1.866313597049952,
          "mean_dt": 1.0
        },
        "10": {
          "count": 692.0,
          "rmse": 2.992112628156204,
          "mean": 2.0617123559396062,
          "pstd": 2.168428034530493,
          "mean_dt": 10.0
        },
        "50": {
          "count": 652.0,
          "rmse": 6.532291829385429,
          "mean": 5.198324100176574,
          "pstd": 3.955788555241429,
          "mean_dt": 50.0
        }
      }
    },
    "d": {
      "ate": {
        "matches": 1062,
        "rmse": 6.313697037754478,
        "R": [
          [
            0.9922355285301742,
            0.12387906000446099,
            -0.011074042390089297
          ],
          [
            -0.1238629710398736,
            0.992297046559181,
            0.0021297406183988232
          ],
          [
            0.011252569823017342,
            -0.0007415405162711913,
            0.9999364128733592
          ]
        ],
        "t": [
          -4.816602423604124,
          15.449073146056598,
          -2.6618234598258024
        ],
        "s": 1.0
      },
      "rpe": {
        "1": {
          "count": 1061.0,
          "rmse": 1.8400294639666508,
          "mean": 0.37146103618147325,
          "pstd": 1.8021445909982883,
          "mean_dt": 1.0
        },
        "10": {
          "count": 1052.0,
          "rmse": 3.828291477607268,
          "mean": 1.7777757166316197,
          "pstd": 3.3904762407183084,
          "mean_dt": 10.0
        },
        "50": {
          "count": 1012.0,