{
  "ate": {
    "matches": 1062,
    "rmse": 6.313697037754478,
    "R": [
      [
        0.9922355285301742,
        0.12387906000446099,
        -0.011074042390089297
      ],
      [
        -0.1238629710398736,
        0.992297046559181,
        0.0021297406183988232
      ],
      [
        0.011252569823017342,
        -0.0007415405162711913,
        0.9999364128733592
      ]
    ],
    "t": [
      -4.816602423604124,
      15.449073146056598,
      -2.6618234598258024
    ],
    "s": 1.0
  },
  "rpe": {
    "1": {
      "count": 1061.0,
      "rmse": 1.8400294639666508,
      "mean": 0.37146103618147325,
      "pstd": 1.8021445909982883,
      "mean_dt": 1.0
    },
    "10": {
      "count": 1052.0,
      "rmse": 3.828291477607268,
      "mean": 1.7777757166316197,
      "pstd": 3.3904762407183084,
      "mean_dt": 10.0
    },
    "50": {
      "count": 1012.0,
      "rmse": 6.886981924327371,
      "mean": 5.032880614812675,
      "pstd": 4.701131006795566,
      "mean_dt": 50.0
    }
  }
}