{
  "ate": {
    "matches": 1350,
    "rmse": 2.0545656906805685,
    "R": [
      [
        0.9998693159993695,
        0.01564597876825233,
        0.00406869405770785
      ],
      [
        -0.015646729954763353,
        0.9998775707435269,
        0.00015285857876285586
      ],
      [
        -0.004065804308441692,
        -0.000216500359781803,
        0.9999917111471074
      ]
    ],
    "t": [
      -1.3158533832168473,
      2.4376722486848834,
      -0.31133257918756296
    ],
    "s": 1.0
  },
  "rpe": {
    "1": {
      "count": 1349.0,
      "rmse": 0.14444050137505698,
      "mean": 0.09504135565488848,
      "pstd": 0.1087667189574036,
      "mean_dt": 1.0
    },
    "10": {
      "count": 1340.0,
      "rmse": 0.7041463286815431,
      "mean": 0.6313727318108688,
      "pstd": 0.31175395061069733,
      "mean_dt": 10.0
    },
    "50": {
      "count": 1300.0,
      "rmse": 2.2967641011035926,
      "mean": 2.0809457218723937,
      "pstd": 0.9720032092226752,
      "mean_dt": 50.0
    }
  }
}