{
  "stats": {
    "topics": {
      "/c_slam/factor_batch/d": {
        "attempts": 171,
        "drops": 0,
        "published": 171,
        "delivered": 171,
        "delivery_rate": 1.0,
        "bytes_attempted": 2024083,
        "bytes_published": 2024083,
        "bytes_delivered": null,
        "drop_reasons": {},
        "delivery_method": "ack",
        "ack_latency_s": {
          "count": 171,
          "min": 0.002764594042673707,
          "max": 0.009906483988743275,
          "mean": 0.006059303118613119,
          "median": 0.006425382976885885,
          "p90": 0.00699008401716128,
          "p95": 0.0072739910101518035,
          "stdev": 0.0011121271321308628
        }
      },
      "/c_slam/factor_batch/b": {
        "attempts": 36,
        "drops": 0,
        "published": 36,
        "delivered": 36,
        "delivery_rate": 1.0,
        "bytes_attempted": 420751,
        "bytes_published": 420751,
        "bytes_delivered": null,
        "drop_reasons": {},
        "delivery_method": "ack",
        "ack_latency_s": {
          "count": 36,
          "min": 0.002459716983139515,
          "max": 0.007578687975183129,
          "mean": 0.005954020024445426,
          "median": 0.006403267499990761,
          "p90": 0.006808419479057193,
          "p95": 0.007128145502065308,
          "stdev": 0.0011482108213738526
        }
      },
      "/c_slam/factor_batch/c": {
        "attempts": 126,
        "drops": 0,
        "published": 126,
        "delivered": 125,
        "delivery_rate": 0.9920634920634921,
        "bytes_attempted": 1489177,
        "bytes_published": 1489177,
        "bytes_delivered": null,
        "drop_reasons": {},
        "delivery_method": "ack",
        "ack_latency_s": {
          "count": 125,
          "min": 0.003063670010305941,
          "max": 0.009038309974130243,
          "mean": 0.006097412872128188,
          "median": 0.0063654109835624695,
          "p90": 0.007104658009484411,
          "p95": 0.007295938185416162,
          "stdev": 0.001055968619807908
        }
      },
      "/c_slam/factor_batch/a": {
        "attempts": 243,
        "drops": 0,
        "published": 243,
        "delivered": 243,
        "delivery_rate": 1.0,
        "bytes_attempted": 2877842,
        "bytes_published": 2877842,
        "bytes_delivered": null,
        "drop_reasons": {},
        "delivery_method": "ack",
        "ack_latency_s": {
          "count": 243,
          "min": 0.002601124986540526,
          "max": 0.00777436897624284,
          "mean": 0.00624853969717383,
          "median": 0.006581078981980681,
          "p90": 0.00690481917699799,
          "p95": 0.007137259934097528,
          "stdev": 0.0009749001657098701
        }
      },
      "/c_slam/factor_batch/e": {
        "attempts": 88,
        "drops": 0,
        "published": 88,
        "delivered": 88,
        "delivery_rate": 1.0,
        "bytes_attempted": 1036273,
        "bytes_published": 1036273,
        "bytes_delivered": null,
        "drop_reasons": {},
        "delivery_method": "ack",
        "ack_latency_s": {
          "count": 88,
          "min": 0.002557582047302276,
          "max": 0.007719515007920563,
          "mean": 0.005870111685494935,
          "median": 0.006209064507856965,
          "p90": 0.00720081539475359,
          "p95": 0.007347385003231466,
          "stdev": 0.0012024711411965428
        }
      }
    },
    "generated_by": {
      "component": "ros2_factor_publisher",
      "pid": 523501
    }
  }
}