{
  "ate": {
    "matches": 1020,
    "rmse": 3.056101136061801,
    "R": [
      [
        0.9997793114863478,
        0.013705511466944298,
        0.015921283846216876
      ],
      [
        -0.013556097563883915,
        0.9998634095762953,
        -0.009454861675571441
      ],
      [
        -0.016048692866423308,
        0.009236944619039844,
        0.9998285444571907
      ]
    ],
    "t": [
      -1.8559318283059696,
      1.7871922620222591,
      1.609024721376291
    ],
    "s": 1.0
  },
  "rpe": {
    "1": {
      "count": 1019.0,
      "rmse": 0.6190245694128842,
      "mean": 0.1732197711845124,
      "pstd": 0.59429481606993,
      "mean_dt": 1.0
    },
    "10": {
      "count": 1010.0,
      "rmse": 1.0677682753180744,
      "mean": 0.8592934745095615,
      "pstd": 0.6338326391414547,
      "mean_dt": 10.0
    },
    "50": {
      "count": 970.0,
      "rmse": 2.8623687260805575,
      "mean": 2.518434723916439,
      "pstd": 1.3603827643042126,
      "mean_dt": 50.0
    }
  }
}