{
  "ate": {
    "matches": 596,
    "rmse": 2.642554101649449,
    "R": [
      [
        0.9999665986587929,
        -0.00024416560525503713,
        0.008169574647519372
      ],
      [
        0.00019936919669550084,
        0.9999849446000939,
        0.005483687178339726
      ],
      [
        -0.008170790579104933,
        -0.005481875254298399,
        0.9999515924408583
      ]
    ],
    "t": [
      -2.3796250781234676,
      0.010690128721151382,
      0.8712728158053613
    ],
    "s": 1.0
  },
  "rpe": {
    "1": {
      "count": 595.0,
      "rmse": 1.3200178138025165,
      "mean": 0.17773490171092965,
      "pstd": 1.3079974516296962,
      "mean_dt": 1.0
    },
    "10": {
      "count": 586.0,
      "rmse": 1.558099261938467,
      "mean": 0.7966241834049588,
      "pstd": 1.3390531059176032,
      "mean_dt": 10.0
    },
    "50": {
      "count": 546.0,
      "rmse": 2.7921396936398395,
      "mean": 2.367736032022818,
      "pstd": 1.4798209862885485,
      "mean_dt": 50.0
    }
  }
}