{
  "stats": {
    "topics": {
      "/c_slam/factor_batch/a": {
        "attempts": 96,
        "drops": 0,
        "published": 96,
        "delivered": 96,
        "delivery_rate": 1.0,
        "bytes_attempted": 1131503,
        "bytes_published": 1131503,
        "bytes_delivered": null,
        "drop_reasons": {},
        "delivery_method": "ack",
        "ack_latency_s": {
          "count": 96,
          "min": 0.0026327009545639157,
          "max": 0.007887584040872753,
          "mean": 0.005770840957969388,
          "median": 0.006501682481030002,
          "p90": 0.006772727007046342,
          "p95": 0.006936397505342029,
          "stdev": 0.0013587664296516883
        }
      },
      "/c_slam/factor_batch/c": {
        "attempts": 97,
        "drops": 0,
        "published": 97,
        "delivered": 97,
        "delivery_rate": 1.0,
        "bytes_attempted": 1140603,
        "bytes_published": 1140603,
        "bytes_delivered": null,
        "drop_reasons": {},
        "delivery_method": "ack",
        "ack_latency_s": {
          "count": 97,
          "min": 0.0029046430136077106,
          "max": 0.00830481800949201,
          "mean": 0.005881676464773638,
          "median": 0.006433489033952355,
          "p90": 0.006720440788194537,
          "p95": 0.006877560808788984,
          "stdev": 0.0011997103083304706
        }
      },
      "/c_slam/factor_batch/b": {
        "attempts": 171,
        "drops": 0,
        "published": 171,
        "delivered": 171,
        "delivery_rate": 1.0,
        "bytes_attempted": 2024303,
        "bytes_published": 2024303,
        "bytes_delivered": null,
        "drop_reasons": {},
        "delivery_method": "ack",
        "ack_latency_s": {
          "count": 171,
          "min": 0.0026305970386601985,
          "max": 0.029817157017532736,
          "mean": 0.005322213856536045,
          "median": 0.005476298974826932,
          "p90": 0.006650167051702738,
          "p95": 0.006772016000468284,
          "stdev": 0.0023750044527589887
        }
      }
    },
    "generated_by": {
      "component": "ros2_factor_publisher",
      "pid": 452883
    }
  }
}