{
  "ate": {
    "matches": 1062,
    "rmse": 2.599222241028362,
    "R": [
      [
        0.9992214850077348,
        0.038816944995954936,
        0.007047601018627588
      ],
      [
        -0.03885170984061621,
        0.9992331451490752,
        0.0048647998876057835
      ],
      [
        -0.006853359861945559,
        -0.005134823917807098,
        0.9999633318486914
      ]
    ],
    "t": [
      -2.264348719666856,
      6.1360894863862185,
      0.4927057798786576
    ],
    "s": 1.0
  },
  "rpe": {
    "1": {
      "count": 1061.0,
      "rmse": 0.6013187359575396,
      "mean": 0.18978782478447107,
      "pstd": 0.5705828631996864,
      "mean_dt": 1.0
    },
    "10": {
      "count": 1052.0,
      "rmse": 0.912289727959872,
      "mean": 0.7016915226531696,
      "pstd": 0.5830107672914572,
      "mean_dt": 10.0
    },
    "50": {
      "count": 1012.0,
      "rmse": 2.33584302557674,
      "mean": 2.058854180543863,
      "pstd": 1.1033050817396566,
      "mean_dt": 50.0
    }
  }
}