{
  "a": {
    "ate": {
      "matches": 1357,
      "rmse": 2.3538514730492732,
      "R": [
        [
          0.9992448416861625,
          0.038850679065105045,
          -0.0006091795935296938
        ],
        [
          -0.03885071564360569,
          0.9992450247856505,
          -4.8322923725710454e-05
        ],
        [
          0.0006068422996343545,
          7.195349543220875e-05,
          0.9999998132825418
        ]
      ],
      "t": [
        -1.9265360033478487,
        6.009860570920047,
        -0.703642224202504
      ],
      "s": 1.0
    },
    "rpe": {
      "1": {
        "count": 1356.0,
        "rmse": 0.10824775538987191,
        "mean": 0.09149499653386046,
        "pstd": 0.05784671257914661,
        "mean_dt": 1.0
      },
      "10": {
        "count": 1347.0,
        "rmse": 0.7038033833498328,
        "mean": 0.6393307392475952,
        "pstd": 0.2942709776172214,
        "mean_dt": 10.0
      },
      "50": {
        "count": 1307.0,
        "rmse": 2.5360035866399055,
        "mean": 2.2280264571305364,
        "pstd": 1.2112853907221104,
        "mean_dt": 50.0
      }
    }
  },
  "b": {
    "ate": {
      "matches": 265,
      "rmse": 1.6131406304971703,
      "R": [
        [
          0.9991026137877677,
          0.042353322517102374,
          0.0004039730347820507
        ],
        [
          -0.04235216950786509,
          0.999099542094273,
          -0.0025295701196172728
        ],
        [
          -0.0005107449731749647,
          0.002510190983823348,
          0.9999967190350162
        ]
      ],
      "t": [
        -2.5960613752086914,
        6.478651469889938,
        -0.3155192242994822
      ],
      "s": 1.0
    },
    "rpe": {
      "1": {
        "count": 264.0,
        "rmse": 0.4507904205796916,
        "mean": 0.1772646419627587,
        "pstd": 0.41447466749637446,
        "mean_dt": 1.0
      },
      "10": {
        "count": 255.0,
        "rmse": 1.0252258274850716,
        "mean": 0.8729523158923348,
        "pstd": 0.537626498157093,
        "mean_dt": 10.0
      },
      "50": {
        "count": 215.0,
        "rmse": 2.8900363072816653,
        "mean": 2.7524985683924634,
        "pstd": 0.8809435216877862,
        "mean_dt": 50.0
      }
    }
  },
  "c": {
    "ate": {
      "matches": 624,
      "rmse": 2.427561271882941,
      "R": [
        [
          0.9999689584068336,
          0.005174284492903241,
          -0.005942137892959582
        ],
        [
          -0.00519533067073948,
          0.9999802669314549,
          -0.0035318956549626537
        ],
        [
          0.005923745603427198,
          0.0035626573905396877,
          0.9999761080697596
        ]
      ],
      "t": [
        -0.6340647005266646,
        1.906270075327356,
        -1.7252405613172401
      ],
      "s": 1.0
    },
    "rpe": {
      "1": {
        "count": 623.0,
        "rmse": 0.2665179327465596,
        "mean": 0.1191359514208184,
        "pstd": 0.23840812392734445,
        "mean_dt": 1.0
      },
      "10": {
        "count": 614.0,
        "rmse": 0.8470388254897987,
        "mean": 0.6889745551173895,
        "pstd": 0.49273606960312216,
        "mean_dt": 10.0
      },
      "50": {
        "count": 574.0,
        "rmse": 2.626637369837253,
        "mean": 2.3091959060041853,
        "pstd": 1.2517340533512196,
        "mean_dt": 50.0
      }
    }
  },
  "d": {
    "ate": {
      "matches": 1062,
      "rmse": 2.599222241028362,
      "R": [
        [
          0.9992214850077348,
          0.038816944995954936,
          0.007047601018627588
        ],
        [
          -0.03885170984061621,
          0.9992331451490752,
          0.0048647998876057835
        ],
        [
          -0.006853359861945559,
          -0.005134823917807098,
          0.9999633318486914
        ]
      ],
      "t": [
        -2.264348719666856,
        6.1360894863862185,
        0.4927057798786576
      ],
      "s": 1.0
    },
    "rpe": {
      "1": {
        "count": 1061.0,
        "rmse": 0.6013187359575396,
        "mean": 0.18978782478447107,
        "pstd": 0.5705828631996864,
        "mean_dt": 1.0
      },
      "10": {
        "count": 1052.0,
        "rmse": 0.912289727959872,
        "mean": 0.7016915226531696,
        "pstd": 0.5830107672914572,
        "mean_dt": 10.0
      },
      "50": {
        "count": 1012.0,
        "rmse": 2.33584302557674,
        "mean": 2.058854180543863,
        "pstd": 1.1033050817396566,
        "mean_dt": 50.0
      }
    }
  },
  "e": {
    "ate": {
      "matches": 528,
      "rmse": 5.508511752141242,
      "R": [
        [
          0.9985056336449107,
          -0.05393578926385371,
          0.00879944406542817
        ],
        [
          0.0538926115202887,
          0.9985338532407008,
          0.005072509812855442
        ],
        [
          -0.009060132609333006,
          -0.004590704604242633,
          0.9999484183838375
        ]
      ],
      "t": [
        2.102602598261086,
        -3.6109944577859245,
        0.827374857397885
      ],
      "s": 1.0
    },
    "rpe": {
      "1": {
        "count": 527.0,
        "rmse": 0.8124001611300317,
        "mean": 0.2287245670482723,
        "pstd": 0.7795377439436023,
        "mean_dt": 1.0
      },
      "10": {
        "count": 518.0,
        "rmse": 1.415338747721236,
        "mean": 1.1411050357194952,
        "pstd": 0.8372950903096991,
        "mean_dt": 10.0
      },
      "50": {
        "count": 478.0,
        "rmse": 4.615441099131426,
        "mean": 4.066147389927989,
        "pstd": 2.1837449354110285,
        "mean_dt": 50.0
      }
    }
  }
}