{
  "loop_closure_correction": {
    "count": 0
  },
  "interface_correction": {
    "count": 0
  },
  "loop_closure_correction_stabilised": {
    "count": 0
  },
  "loop_closure_correction_stabilised_params": {
    "epsilon": 0.001,
    "required": 3
  },
  "interface_correction_stabilised": {
    "count": 30025,
    "min": 0.11665701866149902,
    "max": 25.569300889968872,
    "mean": 2.376513252996783,
    "median": 1.478135108947754,
    "p90": 5.721726179122927,
    "p95": 6.847780132293696,
    "p99": 7.7990605258941645,
    "stdev": 2.079356676657778
  },
  "interface_correction_stabilised_params": {
    "epsilon": 0.001,
    "required": 3
  },
  "time_to_global_convergence_s": 0.15091156959533691,
  "time_to_global_convergence_method": "delta_threshold",
  "timeline_start_ts": 1770282317.4149897,
  "timeline_end_ts": 1770282317.5659013,
  "optimization_duration_s": {
    "count": 505,
    "min": 0.0006205299869179726,
    "max": 0.07868705497821793,
    "mean": 0.005446280661675304,
    "median": 0.001884233031887561,
    "p90": 0.014558333414606751,
    "p95": 0.02642820880282668,
    "p99": 0.03659037566278128,
    "stdev": 0.00855530496943177
  },
  "communication_uplink_messages": 31327,
  "communication_uplink_bytes": 43459422,
  "communication_downlink_messages": 0,
  "communication_downlink_bytes": 0,
  "communication_uplink_bytes_per_s": 287979391.61679006,
  "communication_downlink_bytes_per_s": 0.0,
  "delivery_topics": {
    "/c_slam/factor_batch/d": {
      "attempts": 176.0,
      "drops": 0.0,
      "delivered": 176.0,
      "delivery_rate": 1.0
    },
    "/c_slam/factor_batch/b": {
      "attempts": 50.0,
      "drops": 0.0,
      "delivered": 50.0,
      "delivery_rate": 1.0
    },
    "/c_slam/factor_batch/c": {
      "attempts": 95.0,
      "drops": 0.0,
      "delivered": 95.0,
      "delivery_rate": 1.0
    },
    "/c_slam/factor_batch/a": {
      "attempts": 233.0,
      "drops": 0.0,
      "delivered": 233.0,
      "delivery_rate": 1.0
    },
    "/c_slam/factor_batch/e": {
      "attempts": 83.0,
      "drops": 0.0,
      "delivered": 83.0,
      "delivery_rate": 1.0
    },
    "/c_slam/iface/run_fe88e159/a": {
      "attempts": 2020.0,
      "drops": 0.0,
      "delivered": 1976.0,
      "delivery_rate": 0.9782178217821782
    },
    "/c_slam/iface/run_fe88e159/d": {
      "attempts": 10201.0,
      "drops": 0.0,
      "delivered": 4683.0,
      "delivery_rate": 0.45907263993726105
    },
    "/c_slam/iface/run_fe88e159/e": {
      "attempts": 17473.0,
      "drops": 0.0,
      "delivered": 3189.0,
      "delivery_rate": 0.1825101585303039
    },
    "/c_slam/iface/run_fe88e159/c": {
      "attempts": 3434.0,
      "drops": 0.0,
      "delivered": 1554.0,
      "delivery_rate": 0.45253348864298193
    },
    "/c_slam/iface/run_fe88e159/b": {
      "attempts": 14443.0,
      "drops": 0.0,
      "delivered": 2314.0,
      "delivery_rate": 0.16021602160216022
    }
  },
  "delivery_rate": {
    "count": 10,
    "min": 0.16021602160216022,
    "max": 1.0,
    "mean": 0.7232550130494886,
    "median": 0.9891089108910891,
    "p90": 1.0,
    "p95": 1.0,
    "p99": 1.0,
    "stdev": 0.34647443577661624
  },
  "estimation_metrics": {
    "a": {
      "ate": {
        "matches": 1357,
        "rmse": 2.279023254387524,
        "R": [
          [
            0.9990797901346364,
            0.042658194721735584,
            0.004455487359722511
          ],
          [
            -0.042644591296833435,
            0.9990854811585785,
            -0.0031048625182381814
          ],
          [
            -0.004583860562471552,
            0.0029120029556347,
            0.9999852541218447
          ]
        ],
        "t": [
          -2.1406004075882237,
          6.336362885871225,
          -0.26432556201675705
        ],
        "s": 1.0
      },
      "rpe": {
        "1": {
          "count": 1356.0,
          "rmse": 0.10925199652487425,
          "mean": 0.09302180857328253,
          "pstd": 0.05729696217450543,
          "mean_dt": 1.0
        },
        "10": {
          "count": 1347.0,
          "rmse": 0.7143623942502212,
          "mean": 0.6495682634938131,
          "pstd": 0.2972788276694808,
          "mean_dt": 10.0
        },
        "50": {
          "count": 1307.0,
          "rmse": 2.524049685266605,
          "mean": 2.2062384727139706,
          "pstd": 1.226107097773754,
          "mean_dt": 50.0
        }
      }
    },
    "b": {
      "ate": {
        "matches": 265,
        "rmse": 1.6142243941105292,
        "R": [
          [
            0.999010469840735,
            0.04433780424867259,
            0.0034986087234219797
          ],
          [
            -0.04433817860396034,
            0.9990165789662051,
            2.9474471255869217e-05
          ],
          [
            -0.003493861284677482,
            -0.00018456724382205636,
            0.9999938794153972
          ]
        ],
        "t": [
          -2.726573775668612,
          6.639122570913127,
          0.24902528786615719
        ],
        "s": 1.0
      },
      "rpe": {
        "1": {
          "count": 264.0,
          "rmse": 0.44928350172281667,
          "mean": 0.17766901417079004,
          "pstd": 0.41266134580778924,
          "mean_dt": 1.0
        },
        "10": {
          "count": 255.0,
          "rmse": 1.0263632533838731,
          "mean": 0.8776142877361102,
          "pstd": 0.5321791896139576,
          "mean_dt": 10.0
        },
        "50": {
          "count": 215.0,
          "rmse": 2.89245920464673,
          "mean": 2.7452943519877846,
          "pstd": 0.9108672633757132,
          "mean_dt": 50.0
        }
      }
    },
    "c": {
      "ate": {
        "matches": 624,
        "rmse": 2.3488190536269955,
        "R": [
          [
            0.9999445281182572,
            0.007385879742409839,
            -0.007509292029705867
          ],
          [
            -0.007435165641992428,
            0.9999508626124867,
            -0.006556727264488908
          ],
          [
            0.007460495843634145,
            0.006612196380584474,
            0.999950308695783
          ]
        ],
        "t": [
          -0.3962180263269204,
          2.437354389768572,
          -1.78099904246203
        ],
        "s": 1.0
      },
      "rpe": {
        "1": {
          "count": 623.0,
          "rmse": 0.26200877085094165,
          "mean": 0.11796419475856844,
          "pstd": 0.23395094519532036,
          "mean_dt": 1.0
        },
        "10": {
          "count": 614.0,
          "rmse": 0.8238090731992509,
          "mean": 0.6804228626332606,
          "pstd": 0.46442019453439776,
          "mean_dt": 10.0
        },
        "50": {
          "count": 574.0,
          "rmse": 2.5126687203690623,
          "mean": 2.2699130339901212,
          "pstd": 1.077496596951873,
          "mean_dt": 50.0
        }
      }
    },
    "d": {
      "ate": {
        "matches": 1062,
        "rmse": 2.606385671609257,
        "R": [
          [
            0.9992848688102691,
            0.03754202028021087,
            0.004510840290322706
          ],
          [
            -0.0375471443792846,
            0.9992942987038032,
            0.001056658429424151
          ],
          [
            -0.00446798789229619,
            -0.0012252719516769942,
            0.9999892678388299
          ]
        ],
        "t": [
          -2.2896953210442206,
          5.820354261223947,
          0.08455237353537992
        ],
        "s": 1.0
      },
      "rpe": {
        "1": {
          "count": 1061.0,
          "rmse": 0.5948065828650331,
          "mean": 0.18755637316063203,
          "pstd": 0.5644621137918886,
          "mean_dt": 1.0
        },
        "10": {
          "count": 1052.0,
          "rmse": 0.9031936909169324,
          "mean": 0.6916927993089882,
          "pstd": 0.580792488498472,
          "mean_dt": 10.0
        },
        "50": {
          "count": 1012.0,