{
  "ate": {
    "matches": 1062,
    "rmse": 2.606385671609257,
    "R": [
      [
        0.9992848688102691,
        0.03754202028021087,
        0.004510840290322706
      ],
      [
        -0.0375471443792846,
        0.9992942987038032,
        0.001056658429424151
      ],
      [
        -0.00446798789229619,
        -0.0012252719516769942,
        0.9999892678388299
      ]
    ],
    "t": [
      -2.2896953210442206,
      5.820354261223947,
      0.08455237353537992
    ],
    "s": 1.0
  },
  "rpe": {
    "1": {
      "count": 1061.0,
      "rmse": 0.5948065828650331,
      "mean": 0.18755637316063203,
      "pstd": 0.5644621137918886,
      "mean_dt": 1.0
    },
    "10": {
      "count": 1052.0,
      "rmse": 0.9031936909169324,
      "mean": 0.6916927993089882,
      "pstd": 0.580792488498472,
      "mean_dt": 10.0
    },
    "50": {
      "count": 1012.0,
      "rmse": 2.331217350619206,
      "mean": 2.0548933672277725,
      "pstd": 1.1009030770923212,
      "mean_dt": 50.0
    }
  }
}