{
  "stats": {
    "topics": {
      "/c_slam/factor_batch/d": {
        "attempts": 176,
        "drops": 0,
        "published": 176,
        "delivered": 176,
        "delivery_rate": 1.0,
        "bytes_attempted": 2081740,
        "bytes_published": 2081740,
        "bytes_delivered": null,
        "drop_reasons": {},
        "delivery_method": "ack",
        "ack_latency_s": {
          "count": 176,
          "min": 0.002633135998621583,
          "max": 0.008655684010591358,
          "mean": 0.006449915919140701,
          "median": 0.006603404006455094,
          "p90": 0.006857061496702954,
          "p95": 0.006961002029129304,
          "stdev": 0.00069908508395396
        }
      },
      "/c_slam/factor_batch/b": {
        "attempts": 50,
        "drops": 0,
        "published": 50,
        "delivered": 50,
        "delivery_rate": 1.0,
        "bytes_attempted": 583590,
        "bytes_published": 583590,
        "bytes_delivered": null,
        "drop_reasons": {},
        "delivery_method": "ack",
        "ack_latency_s": {
          "count": 50,
          "min": 0.002580165979452431,
          "max": 0.006806276040151715,
          "mean": 0.006077445661649108,
          "median": 0.006453940994106233,
          "p90": 0.006663496320834383,
          "p95": 0.006707699212711304,
          "stdev": 0.0009778904780067387
        }
      },
      "/c_slam/factor_batch/c": {
        "attempts": 95,
        "drops": 0,
        "published": 95,
        "delivered": 95,
        "delivery_rate": 1.0,
        "bytes_attempted": 1118224,
        "bytes_published": 1118224,
        "bytes_delivered": null,
        "drop_reasons": {},
        "delivery_method": "ack",
        "ack_latency_s": {
          "count": 95,
          "min": 0.002772709005512297,
          "max": 0.00896711100358516,
          "mean": 0.006142715477433644,
          "median": 0.006487944978289306,
          "p90": 0.006678052817005664,
          "p95": 0.0067537572234869,
          "stdev": 0.0009551049771401815
        }
      },
      "/c_slam/factor_batch/a": {
        "attempts": 233,
        "drops": 0,
        "published": 233,
        "delivered": 233,
        "delivery_rate": 1.0,
        "bytes_attempted": 2756203,
        "bytes_published": 2756203,
        "bytes_delivered": null,
        "drop_reasons": {},
        "delivery_method": "ack",
        "ack_latency_s": {
          "count": 233,
          "min": 0.002975851995870471,
          "max": 0.007646580983418971,
          "mean": 0.0063999867543394285,
          "median": 0.006572996033355594,
          "p90": 0.006811671575997024,
          "p95": 0.006856558786239475,
          "stdev": 0.0007240327064523525
        }
      },
      "/c_slam/factor_batch/e": {
        "attempts": 83,
        "drops": 0,
        "published": 83,
        "delivered": 83,
        "delivery_rate": 1.0,
        "bytes_attempted": 981504,
        "bytes_published": 981504,
        "bytes_delivered": null,
        "drop_reasons": {},
        "delivery_method": "ack",
        "ack_latency_s": {
          "count": 83,
          "min": 0.002787086006719619,
          "max": 0.007318942982237786,
          "mean": 0.0059726155644944726,
          "median": 0.006446747982408851,
          "p90": 0.006640355219133198,
          "p95": 0.006725458276923745,
          "stdev": 0.001051577329192926
        }
      }
    },
    "generated_by": {
      "component": "ros2_factor_publisher",
      "pid": 532224
    }
  }
}