{
  "stats": {
    "topics": {
      "/c_slam/factor_batch/a": {
        "attempts": 96,
        "drops": 0,
        "published": 96,
        "delivered": 96,
        "delivery_rate": 1.0,
        "bytes_attempted": 1131491,
        "bytes_published": 1131491,
        "bytes_delivered": null,
        "drop_reasons": {},
        "delivery_method": "ack",
        "ack_latency_s": {
          "count": 96,
          "min": 0.0033168549998663366,
          "max": 0.03658486797939986,
          "mean": 0.006868643760147582,
          "median": 0.006641954474616796,
          "p90": 0.006837348482804373,
          "p95": 0.006903286965098232,
          "stdev": 0.0030900472758195146
        }
      },
      "/c_slam/factor_batch/c": {
        "attempts": 97,
        "drops": 0,
        "published": 97,
        "delivered": 97,
        "delivery_rate": 1.0,
        "bytes_attempted": 1140600,
        "bytes_published": 1140600,
        "bytes_delivered": null,
        "drop_reasons": {},
        "delivery_method": "ack",
        "ack_latency_s": {
          "count": 97,
          "min": 0.0029565049917437136,
          "max": 0.03663173702079803,
          "mean": 0.00689153472254456,
          "median": 0.0066895950003527105,
          "p90": 0.006926423194818199,
          "p95": 0.00703050458105281,
          "stdev": 0.0030996028293999627
        }
      },
      "/c_slam/factor_batch/b": {
        "attempts": 171,
        "drops": 0,
        "published": 171,
        "delivered": 171,
        "delivery_rate": 1.0,
        "bytes_attempted": 2024299,
        "bytes_published": 2024299,
        "bytes_delivered": null,
        "drop_reasons": {},
        "delivery_method": "ack",
        "ack_latency_s": {
          "count": 171,
          "min": 0.0033441170235164464,
          "max": 0.04063718701945618,
          "mean": 0.006990423839612815,
          "median": 0.006679856975097209,
          "p90": 0.006873300008010119,
          "p95": 0.006970067479414865,
          "stdev": 0.003472867413619579
        }
      }
    },
    "generated_by": {
      "component": "ros2_factor_publisher",
      "pid": 490051
    }
  }
}