{
  "ate": {
    "matches": 265,
    "rmse": 1.5848178592913833,
    "R": [
      [
        0.9990160618612041,
        0.04422512070565896,
        0.0033236789706762512
      ],
      [
        -0.044225530792249806,
        0.9990215713040703,
        4.995287355739203e-05
      ],
      [
        -0.003318217815932601,
        -0.00019689518968116215,
        0.9999944753161438
      ]
    ],
    "t": [
      -2.694121270507921,
      6.652974875298041,
      0.21195659012792678
    ],
    "s": 1.0
  },
  "rpe": {
    "1": {
      "count": 264.0,
      "rmse": 0.44943037890573784,
      "mean": 0.1779244995527295,
      "pstd": 0.4127112040425674,
      "mean_dt": 1.0
    },
    "10": {
      "count": 255.0,
      "rmse": 1.0171136029419618,
      "mean": 0.8623391599913773,
      "pstd": 0.5393433548630635,
      "mean_dt": 10.0
    },
    "50": {
      "count": 215.0,
      "rmse": 2.8283104208848675,
      "mean": 2.687697236902681,
      "pstd": 0.8806948391080949,
      "mean_dt": 50.0
    }
  }
}