{
  "ate": {
    "matches": 1062,
    "rmse": 2.6063855277637615,
    "R": [
      [
        0.9992848695969284,
        0.037541997450748765,
        0.004510856022678132
      ],
      [
        -0.037547121548486766,
        0.9992942995664656,
        0.0010566538642888812
      ],
      [
        -0.004468003812947867,
        -0.0012252678783562301,
        0.9999892677726865
      ]
    ],
    "t": [
      -2.2896945214284443,
      5.82035074539214,
      0.08455357895037352
    ],
    "s": 1.0
  },
  "rpe": {
    "1": {
      "count": 1061.0,
      "rmse": 0.594806543139506,
      "mean": 0.18755636035595874,
      "pstd": 0.5644620761854552,
      "mean_dt": 1.0
    },
    "10": {
      "count": 1052.0,
      "rmse": 0.9031936167056637,
      "mean": 0.6916927731624354,
      "pstd": 0.5807924042312511,
      "mean_dt": 10.0
    },
    "50": {
      "count": 1012.0,
      "rmse": 2.331217280302207,
      "mean": 2.054893348276723,
      "pstd": 1.100902963565681,
      "mean_dt": 50.0
    }
  }
}