{
  "ate": {
    "matches": 1357,
    "rmse": 2.310760077230583,
    "R": [
      [
        0.999173213564586,
        0.04065534388778036,
        -0.00017974533173152445
      ],
      [
        -0.04065502119868171,
        0.9991720652446343,
        0.0015340424069493278
      ],
      [
        0.00024196353591723397,
        -0.0015254665312240262,
        0.9999988072020434
      ]
    ],
    "t": [
      -1.9892531237461952,
      6.133558332874792,
      -0.5089027321986332
    ],
    "s": 1.0
  },
  "rpe": {
    "1": {
      "count": 1356.0,
      "rmse": 0.10945201884017752,
      "mean": 0.0916448196168908,
      "pstd": 0.059841218784196924,
      "mean_dt": 1.0
    },
    "10": {
      "count": 1347.0,
      "rmse": 0.6925243592088792,
      "mean": 0.6281371947336268,
      "pstd": 0.2916053029178966,
      "mean_dt": 10.0
    },
    "50": {
      "count": 1307.0,
      "rmse": 2.488451775699762,
      "mean": 2.1883659336706485,
      "pstd": 1.184671591764185,
      "mean_dt": 50.0
    }
  }
}