{
  "stats": {
    "topics": {
      "/c_slam/factor_batch/d": {
        "attempts": 176,
        "drops": 0,
        "published": 176,
        "delivered": 176,
        "delivery_rate": 1.0,
        "bytes_attempted": 2081735,
        "bytes_published": 2081735,
        "bytes_delivered": null,
        "drop_reasons": {},
        "delivery_method": "ack",
        "ack_latency_s": {
          "count": 176,
          "min": 0.002729336963966489,
          "max": 0.007440923014655709,
          "mean": 0.006371129157328555,
          "median": 0.006531306979013607,
          "p90": 0.006788031489122659,
          "p95": 0.006896061982843094,
          "stdev": 0.0007010294950553671
        }
      },
      "/c_slam/factor_batch/b": {
        "attempts": 50,
        "drops": 0,
        "published": 50,
        "delivered": 50,
        "delivery_rate": 1.0,
        "bytes_attempted": 583583,
        "bytes_published": 583583,
        "bytes_delivered": null,
        "drop_reasons": {},
        "delivery_method": "ack",
        "ack_latency_s": {
          "count": 50,
          "min": 0.0027154909912496805,
          "max": 0.006915903009939939,
          "mean": 0.006312961437506601,
          "median": 0.006468027509981766,
          "p90": 0.006680913234595209,
          "p95": 0.006768145420937798,
          "stdev": 0.0006994717527666161
        }
      },
      "/c_slam/factor_batch/c": {
        "attempts": 95,
        "drops": 0,
        "published": 95,
        "delivered": 95,
        "delivery_rate": 1.0,
        "bytes_attempted": 1118209,
        "bytes_published": 1118209,
        "bytes_delivered": null,
        "drop_reasons": {},
        "delivery_method": "ack",
        "ack_latency_s": {
          "count": 95,
          "min": 0.0030250349664129317,
          "max": 0.006899020983837545,
          "mean": 0.006327012343650782,
          "median": 0.006515305954962969,
          "p90": 0.006694885378237814,
          "p95": 0.006752051616786048,
          "stdev": 0.0006831801449849236
        }
      },
      "/c_slam/factor_batch/a": {
        "attempts": 233,
        "drops": 0,
        "published": 233,
        "delivered": 233,
        "delivery_rate": 1.0,
        "bytes_attempted": 2756201,
        "bytes_published": 2756201,
        "bytes_delivered": null,
        "drop_reasons": {},
        "delivery_method": "ack",
        "ack_latency_s": {
          "count": 233,
          "min": 0.003062364994548261,
          "max": 0.007628756982740015,
          "mean": 0.006421669591428081,
          "median": 0.006535975961014628,
          "p90": 0.006738712801598013,
          "p95": 0.006826646800618619,
          "stdev": 0.0005696757322720565
        }
      },
      "/c_slam/factor_batch/e": {
        "attempts": 83,
        "drops": 0,
        "published": 83,
        "delivered": 83,
        "delivery_rate": 1.0,
        "bytes_attempted": 981505,
        "bytes_published": 981505,
        "bytes_delivered": null,
        "drop_reasons": {},
        "delivery_method": "ack",
        "ack_latency_s": {
          "count": 83,
          "min": 0.002914506010711193,
          "max": 0.007054552959743887,
          "mean": 0.006359656794411859,
          "median": 0.006512712046969682,
          "p90": 0.006789826799649745,
          "p95": 0.006824328732909634,
          "stdev": 0.0006914326869984497
        }
      }
    },
    "generated_by": {
      "component": "ros2_factor_publisher",
      "pid": 534445
    }
  }
}