{
  "ate": {
    "matches": 1355,
    "rmse": 2.2049192793122163,
    "R": [
      [
        0.9998584156606558,
        0.014746970473020125,
        0.008104041857617497
      ],
      [
        -0.014717049673452231,
        0.9998847060162811,
        -0.0037394015087359664
      ],
      [
        -0.00815825235398361,
        0.0036196044814694878,
        0.9999601698977449
      ]
    ],
    "t": [
      -1.1831133665535987,
      2.1935122855775475,
      0.3422773247693538
    ],
    "s": 1.0
  },
  "rpe": {
    "1": {
      "count": 1354.0,
      "rmse": 0.12944447225348693,
      "mean": 0.09747677170053208,
      "pstd": 0.08517130018865571,
      "mean_dt": 1.0
    },
    "10": {
      "count": 1345.0,
      "rmse": 0.7509281896110668,
      "mean": 0.6713810694094527,
      "pstd": 0.3363637994659547,
      "mean_dt": 10.0
    },
    "50": {
      "count": 1305.0,
      "rmse": 2.509568281894766,
      "mean": 2.249282606289228,
      "pstd": 1.1129513549733339,
      "mean_dt": 50.0
    }
  }
}