{
  "ate": {
    "matches": 1062,
    "rmse": 2.608800918325464,
    "R": [
      [
        0.9991569035982303,
        0.040971869938454496,
        0.002605353285535931
      ],
      [
        -0.040980236432498804,
        0.9991546932679194,
        0.0032433227755261293
      ],
      [
        -0.0024702659639369413,
        -0.0033473563353957694,
        0.9999913464583736
      ]
    ],
    "t": [
      -2.265015503174382,
      6.316478593303287,
      -0.2690741390728446
    ],
    "s": 1.0
  },
  "rpe": {
    "1": {
      "count": 1061.0,
      "rmse": 0.6079799821363583,
      "mean": 0.18994507407810013,
      "pstd": 0.5775469916050049,
      "mean_dt": 1.0
    },
    "10": {
      "count": 1052.0,
      "rmse": 0.9179956791356464,
      "mean": 0.7007721137366144,
      "pstd": 0.592987783618544,
      "mean_dt": 10.0
    },
    "50": {
      "count": 1012.0,
      "rmse": 2.339885709156689,
      "mean": 2.0579616554715225,
      "pstd": 1.1134895403750404,
      "mean_dt": 50.0
    }
  }
}