{
  "ate": {
    "matches": 624,
    "rmse": 2.4711413044071575,
    "R": [
      [
        0.9999626519375566,
        0.007225641526719186,
        -0.004741817640676081
      ],
      [
        -0.007245810626484085,
        0.9999647166116992,
        -0.004250148238533924
      ],
      [
        0.004710940285675946,
        0.00428434781638181,
        0.9999797254971785
      ]
    ],
    "t": [
      -0.5470012523705776,
      2.4395319465818375,
      -1.4021727714666614
    ],
    "s": 1.0
  },
  "rpe": {
    "1": {
      "count": 623.0,
      "rmse": 0.2425736545642051,
      "mean": 0.11773933180644607,
      "pstd": 0.21208353928206197,
      "mean_dt": 1.0
    },
    "10": {
      "count": 614.0,
      "rmse": 0.8316062077018654,
      "mean": 0.6951906560115109,
      "pstd": 0.45637576237412386,
      "mean_dt": 10.0
    },
    "50": {
      "count": 574.0,
      "rmse": 2.651434786895525,
      "mean": 2.353222136651216,
      "pstd": 1.2216595289745869,
      "mean_dt": 50.0
    }
  }
}