{
  "ate": {
    "matches": 1357,
    "rmse": 2.33410024467827,
    "R": [
      [
        0.9991917914846901,
        0.040104412001562124,
        -0.002720288150921934
      ],
      [
        -0.040099789507113855,
        0.9991941770130081,
        0.0017330622557895706
      ],
      [
        0.002787599522929231,
        -0.0016225785978662075,
        0.9999947982502677
      ]
    ],
    "t": [
      -1.9274213771284963,
      6.142195369894381,
      -0.8763627829862211
    ],
    "s": 1.0
  },
  "rpe": {
    "1": {
      "count": 1356.0,
      "rmse": 0.10824183332957982,
      "mean": 0.09100777463636936,
      "pstd": 0.05859931260931603,
      "mean_dt": 1.0
    },
    "10": {
      "count": 1347.0,
      "rmse": 0.6940944645545798,
      "mean": 0.6302205205494826,
      "pstd": 0.29084226172213734,
      "mean_dt": 10.0
    },
    "50": {
      "count": 1307.0,
      "rmse": 2.502591321130334,
      "mean": 2.2025422382198694,
      "pstd": 1.1881797041922082,
      "mean_dt": 50.0
    }
  }
}