{
  "stats": {
    "topics": {
      "/c_slam/factor_batch/d": {
        "attempts": 176,
        "drops": 0,
        "published": 176,
        "delivered": 176,
        "delivery_rate": 1.0,
        "bytes_attempted": 2081727,
        "bytes_published": 2081727,
        "bytes_delivered": null,
        "drop_reasons": {},
        "delivery_method": "ack",
        "ack_latency_s": {
          "count": 176,
          "min": 0.0027315319748595357,
          "max": 0.00720799301052466,
          "mean": 0.006104881311660971,
          "median": 0.006491056497907266,
          "p90": 0.006726224994054064,
          "p95": 0.006785544261219911,
          "stdev": 0.0008940369239462826
        }
      },
      "/c_slam/factor_batch/b": {
        "attempts": 50,
        "drops": 0,
        "published": 50,
        "delivered": 50,
        "delivery_rate": 1.0,
        "bytes_attempted": 583590,
        "bytes_published": 583590,
        "bytes_delivered": null,
        "drop_reasons": {},
        "delivery_method": "ack",
        "ack_latency_s": {
          "count": 50,
          "min": 0.002646751992870122,
          "max": 0.00907684798585251,
          "mean": 0.005994314176496119,
          "median": 0.006425542494980618,
          "p90": 0.006780356104718522,
          "p95": 0.006926793776801787,
          "stdev": 0.0013318524816578715
        }
      },
      "/c_slam/factor_batch/c": {
        "attempts": 95,
        "drops": 0,
        "published": 95,
        "delivered": 95,
        "delivery_rate": 1.0,
        "bytes_attempted": 1118218,
        "bytes_published": 1118218,
        "bytes_delivered": null,
        "drop_reasons": {},
        "delivery_method": "ack",
        "ack_latency_s": {
          "count": 95,
          "min": 0.002634157019201666,
          "max": 0.007769673014990985,
          "mean": 0.005801157000793243,
          "median": 0.006399999023415148,
          "p90": 0.006711298436857761,
          "p95": 0.006781967019196599,
          "stdev": 0.0011883919777751285
        }
      },
      "/c_slam/factor_batch/a": {
        "attempts": 233,
        "drops": 0,
        "published": 233,
        "delivered": 233,
        "delivery_rate": 1.0,
        "bytes_attempted": 2756204,
        "bytes_published": 2756204,
        "bytes_delivered": null,
        "drop_reasons": {},
        "delivery_method": "ack",
        "ack_latency_s": {
          "count": 233,
          "min": 0.002591316995676607,
          "max": 0.00751137500628829,
          "mean": 0.006260195908150656,
          "median": 0.006501330004539341,
          "p90": 0.006709030596539378,
          "p95": 0.006792073440738022,
          "stdev": 0.00078718227322028
        }
      },
      "/c_slam/factor_batch/e": {
        "attempts": 83,
        "drops": 0,
        "published": 83,
        "delivered": 83,
        "delivery_rate": 1.0,
        "bytes_attempted": 981498,
        "bytes_published": 981498,
        "bytes_delivered": null,
        "drop_reasons": {},
        "delivery_method": "ack",
        "ack_latency_s": {
          "count": 83,
          "min": 0.0025179089861921966,
          "max": 0.00782474601874128,
          "mean": 0.0060185626175826845,
          "median": 0.006513945001643151,
          "p90": 0.006696641386952251,
          "p95": 0.006763792695710436,
          "stdev": 0.00110952530195343
        }
      }
    },
    "generated_by": {
      "component": "ros2_factor_publisher",
      "pid": 533161
    }
  }
}