{
  "ate": {
    "matches": 1020,
    "rmse": 3.0381137246384826,
    "R": [
      [
        0.99980625336305,
        0.013946977094918583,
        0.013890196760831435
      ],
      [
        -0.013824752515177223,
        0.9998652072948107,
        -0.008856831216612224
      ],
      [
        -0.014011850485746097,
        0.008663086702744363,
        0.999864300280166
      ]
    ],
    "t": [
      -1.8977882270592943,
      1.7965717241104713,
      1.3324296744237434
    ],
    "s": 1.0
  },
  "rpe": {
    "1": {
      "count": 1019.0,
      "rmse": 0.6176355866950797,
      "mean": 0.1718290005874443,
      "pstd": 0.5932524863068803,
      "mean_dt": 1.0
    },
    "10": {
      "count": 1010.0,
      "rmse": 1.0598530939291084,
      "mean": 0.8464402696058334,
      "pstd": 0.6378302679402327,
      "mean_dt": 10.0
    },
    "50": {
      "count": 970.0,
      "rmse": 2.8270942547281837,
      "mean": 2.4772246062434333,
      "pstd": 1.362284909752429,
      "mean_dt": 50.0
    }
  }
}