{
  "ate": {
    "matches": 596,
    "rmse": 3.0692740209939666,
    "R": [
      [
        0.9999674874122464,
        -0.00036699985964692636,
        0.008055397540798015
      ],
      [
        0.00033152899570535713,
        0.9999902462447096,
        0.004404259752577959
      ],
      [
        -0.008056935333132701,
        -0.004401445960839613,
        0.9999578556451723
      ]
    ],
    "t": [
      -2.3712132984304617,
      0.4689988119548758,
      0.9396057157343063
    ],
    "s": 1.0
  },
  "rpe": {
    "1": {
      "count": 595.0,
      "rmse": 1.3125157223995583,
      "mean": 0.1799443851642292,
      "pstd": 1.3001221249536141,
      "mean_dt": 1.0
    },
    "10": {
      "count": 586.0,
      "rmse": 1.5800530263483163,
      "mean": 0.8202275547031148,
      "pstd": 1.3504792943907822,
      "mean_dt": 10.0
    },
    "50": {
      "count": 546.0,
      "rmse": 3.1019637668266444,
      "mean": 2.6046298197877604,
      "pstd": 1.6846610082083944,
      "mean_dt": 50.0
    }
  }
}