{
  "stats": {
    "topics": {
      "/c_slam/factor_batch/a": {
        "attempts": 96,
        "drops": 0,
        "published": 96,
        "delivered": 96,
        "delivery_rate": 1.0,
        "bytes_attempted": 1131498,
        "bytes_published": 1131498,
        "bytes_delivered": null,
        "drop_reasons": {},
        "delivery_method": "ack",
        "ack_latency_s": {
          "count": 96,
          "min": 0.002403313003014773,
          "max": 0.007145929033868015,
          "mean": 0.004964565849149949,
          "median": 0.005318501993315294,
          "p90": 0.006581299501704052,
          "p95": 0.006731091998517513,
          "stdev": 0.001360566324588973
        }
      },
      "/c_slam/factor_batch/c": {
        "attempts": 97,
        "drops": 0,
        "published": 97,
        "delivered": 97,
        "delivery_rate": 1.0,
        "bytes_attempted": 1140604,
        "bytes_published": 1140604,
        "bytes_delivered": null,
        "drop_reasons": {},
        "delivery_method": "ack",
        "ack_latency_s": {
          "count": 97,
          "min": 0.0017467039870098233,
          "max": 0.007965976023115218,
          "mean": 0.004885168283452885,
          "median": 0.005068651051260531,
          "p90": 0.0067535924026742595,
          "p95": 0.007137705816421655,
          "stdev": 0.0015184728363643362
        }
      },
      "/c_slam/factor_batch/b": {
        "attempts": 171,
        "drops": 0,
        "published": 171,
        "delivered": 171,
        "delivery_rate": 1.0,
        "bytes_attempted": 2024314,
        "bytes_published": 2024314,
        "bytes_delivered": null,
        "drop_reasons": {},
        "delivery_method": "ack",
        "ack_latency_s": {
          "count": 171,
          "min": 0.0023880749940872192,
          "max": 0.03747987700626254,
          "mean": 0.005364627488861569,
          "median": 0.0053973509930074215,
          "p90": 0.006958364974707365,
          "p95": 0.00739599100779742,
          "stdev": 0.00284210134021443
        }
      }
    },
    "generated_by": {
      "component": "ros2_factor_publisher",
      "pid": 528207
    }
  }
}