{
  "ate": {
    "matches": 1347,
    "rmse": 2.8368190024924034,
    "R": [
      [
        0.9992404254954262,
        0.03775327136948349,
        -0.009657254093231253
      ],
      [
        -0.03783650886457841,
        0.9992470499161712,
        -0.008586724099992143
      ],
      [
        0.00932580573783033,
        0.008945598623394009,
        0.9999164993201229
      ]
    ],
    "t": [
      -3.480160910980999,
      4.394267693178378,
      -2.527605791310279
    ],
    "s": 1.0
  },
  "rpe": {
    "1": {
      "count": 1346.0,
      "rmse": 0.15032205696404538,
      "mean": 0.10695032819403233,
      "pstd": 0.10563308245568943,
      "mean_dt": 1.0
    },
    "10": {
      "count": 1337.0,
      "rmse": 0.9048031818589597,
      "mean": 0.7953262492189732,
      "pstd": 0.43142201520712514,
      "mean_dt": 10.0
    },
    "50": {
      "count": 1297.0,
      "rmse": 3.095557069642027,
      "mean": 2.73319027018577,
      "pstd": 1.453321890832366,
      "mean_dt": 50.0
    }
  }
}