{
  "stats": {
    "topics": {
      "/c_slam/factor_batch/a": {
        "attempts": 221,
        "drops": 0,
        "published": 221,
        "delivered": 221,
        "delivery_rate": 1.0,
        "bytes_attempted": 2614034,
        "bytes_published": 2614034,
        "bytes_delivered": null,
        "drop_reasons": {},
        "delivery_method": "ack",
        "ack_latency_s": {
          "count": 221,
          "min": 0.005353557993657887,
          "max": 0.0078396059689112,
          "mean": 0.006758146583233282,
          "median": 0.006751460954546928,
          "p90": 0.006938918959349394,
          "p95": 0.007006746018305421,
          "stdev": 0.00021301910430173703
        }
      },
      "/c_slam/factor_batch/c": {
        "attempts": 182,
        "drops": 0,
        "published": 182,
        "delivered": 182,
        "delivery_rate": 1.0,
        "bytes_attempted": 2149972,
        "bytes_published": 2149972,
        "bytes_delivered": null,
        "drop_reasons": {},
        "delivery_method": "ack",
        "ack_latency_s": {
          "count": 182,
          "min": 0.003935749002266675,
          "max": 0.008115670003462583,
          "mean": 0.0066435827530158045,
          "median": 0.006637648504693061,
          "p90": 0.0068728077749256045,
          "p95": 0.006927133208955638,
          "stdev": 0.00030720429031891056
        }
      },
      "/c_slam/factor_batch/b": {
        "attempts": 94,
        "drops": 0,
        "published": 94,
        "delivered": 94,
        "delivery_rate": 1.0,
        "bytes_attempted": 1107423,
        "bytes_published": 1107423,
        "bytes_delivered": null,
        "drop_reasons": {},
        "delivery_method": "ack",
        "ack_latency_s": {
          "count": 94,
          "min": 0.0048509519547224045,
          "max": 0.008065516012720764,
          "mean": 0.006590692640995567,
          "median": 0.006582330534001812,
          "p90": 0.006766641285503283,
          "p95": 0.006835041340673343,
          "stdev": 0.00027059246083797537
        }
      }
    },
    "generated_by": {
      "component": "ros2_factor_publisher",
      "pid": 515235
    }
  }
}