{
  "ate": {
    "matches": 607,
    "rmse": 2.5666488883616596,
    "R": [
      [
        0.9999420899701281,
        0.003192094778700709,
        0.010277511230552993
      ],
      [
        -0.0032817232210342272,
        0.9999566315350319,
        0.008715809876954715
      ],
      [
        -0.010249243819466895,
        -0.0087490330914042,
        0.9999091995881898
      ]
    ],
    "t": [
      -1.7360399941617857,
      1.04044903689136,
      0.5126792939833997
    ],
    "s": 1.0
  },
  "rpe": {
    "1": {
      "count": 606.0,
      "rmse": 0.13572453087961564,
      "mean": 0.10291398853635818,
      "pstd": 0.08848649188452479,
      "mean_dt": 1.0
    },
    "10": {
      "count": 597.0,
      "rmse": 0.8944227250825065,
      "mean": 0.7417032066796073,
      "pstd": 0.4998683470126946,
      "mean_dt": 10.0
    },
    "50": {
      "count": 557.0,
      "rmse": 2.9452090367226798,
      "mean": 2.493801871371216,
      "pstd": 1.5669104940418117,
      "mean_dt": 50.0
    }
  }
}