{
  "a": {
    "ate": {
      "matches": 1355,
      "rmse": 2.5529838462307235,
      "R": [
        [
          0.9997233608591211,
          0.02271020728080282,
          0.0061194965320243554
        ],
        [
          -0.022703650299246047,
          0.9997415902592098,
          -0.0011388455009660875
        ],
        [
          -0.006143778611899499,
          0.0009995955424545386,
          0.9999806272089072
        ]
      ],
      "t": [
        -2.0414996923493476,
        2.7838193450999853,
        0.22498215330405635
      ],
      "s": 1.0
    },
    "rpe": {
      "1": {
        "count": 1354.0,
        "rmse": 0.19153512280917856,
        "mean": 0.09862950740194001,
        "pstd": 0.16418868273781156,
        "mean_dt": 1.0
      },
      "10": {
        "count": 1345.0,
        "rmse": 0.828903369583789,
        "mean": 0.669096135250947,
        "pstd": 0.4892761570929102,
        "mean_dt": 10.0
      },
      "50": {
        "count": 1305.0,
        "rmse": 2.693262010842558,
        "mean": 2.339416475912309,
        "pstd": 1.3344627425588682,
        "mean_dt": 50.0
      }
    }
  },
  "b": {
    "ate": {
      "matches": 607,
      "rmse": 2.5666488883616596,
      "R": [
        [
          0.9999420899701281,
          0.003192094778700709,
          0.010277511230552993
        ],
        [
          -0.0032817232210342272,
          0.9999566315350319,
          0.008715809876954715
        ],
        [
          -0.010249243819466895,
          -0.0087490330914042,
          0.9999091995881898
        ]
      ],
      "t": [
        -1.7360399941617857,
        1.04044903689136,
        0.5126792939833997
      ],
      "s": 1.0
    },
    "rpe": {
      "1": {
        "count": 606.0,
        "rmse": 0.13572453087961564,
        "mean": 0.10291398853635818,
        "pstd": 0.08848649188452479,
        "mean_dt": 1.0
      },
      "10": {
        "count": 597.0,
        "rmse": 0.8944227250825065,
        "mean": 0.7417032066796073,
        "pstd": 0.4998683470126946,
        "mean_dt": 10.0
      },
      "50": {
        "count": 557.0,
        "rmse": 2.9452090367226798,
        "mean": 2.493801871371216,
        "pstd": 1.5669104940418117,
        "mean_dt": 50.0
      }
    }
  },
  "c": {
    "ate": {
      "matches": 1062,
      "rmse": 2.5737557990842475,
      "R": [
        [
          0.9997354121806294,
          0.019819652253956845,
          0.01167420303744367
        ],
        [
          -0.019802453963495732,
          0.9998026527239057,
          -0.0015869540840535018
        ],
        [
          -0.011703352043362602,
          0.001355356327123497,
          0.9999305948715518
        ]
      ],
      "t": [
        -1.3810002488717572,
        3.3473142231949495,
        1.164788839597385
      ],
      "s": 1.0
    },
    "rpe": {
      "1": {
        "count": 1061.0,
        "rmse": 0.6184264021977403,
        "mean": 0.1897412005424377,
        "pstd": 0.5885996022356416,
        "mean_dt": 1.0
      },
      "10": {
        "count": 1052.0,
        "rmse": 1.0033583601718965,
        "mean": 0.6935083991231125,
        "pstd": 0.7251028197935347,
        "mean_dt": 10.0
      },
      "50": {
        "count": 1012.0,
        "rmse": 2.3887141440271877,
        "mean": 2.024973617785583,
        "pstd": 1.267058447407979,
        "mean_dt": 50.0
      }
    }
  }
}