{
  "ate": {
    "matches": 1341,
    "rmse": 2.2358169576996456,
    "R": [
      [
        0.9998951034360642,
        0.014371976064101974,
        -0.001796782846139211
      ],
      [
        -0.014370278312501891,
        0.999896286874899,
        0.0009542510214357106
      ],
      [
        0.0018103109690143237,
        -0.0009283306542162348,
        0.9999979304860543
      ]
    ],
    "t": [
      -0.8208682760138117,
      3.6663580061860443,
      -0.7825226516979633
    ],
    "s": 1.0
  },
  "rpe": {
    "1": {
      "count": 1340.0,
      "rmse": 0.15693801971868784,
      "mean": 0.09606995698485898,
      "pstd": 0.12409716112043229,
      "mean_dt": 1.0
    },
    "10": {
      "count": 1331.0,
      "rmse": 0.7206600606870185,
      "mean": 0.618145334361141,
      "pstd": 0.37046898477061496,
      "mean_dt": 10.0
    },
    "50": {
      "count": 1291.0,
      "rmse": 2.3783289134136427,
      "mean": 2.123799623544487,
      "pstd": 1.0704782012781069,
      "mean_dt": 50.0
    }
  }
}