{
  "stats": {
    "topics": {
      "/c_slam/factor_batch/a": {
        "attempts": 230,
        "drops": 0,
        "published": 230,
        "delivered": 230,
        "delivery_rate": 1.0,
        "bytes_attempted": 2716268,
        "bytes_published": 2716268,
        "bytes_delivered": null,
        "drop_reasons": {},
        "delivery_method": "ack",
        "ack_latency_s": {
          "count": 230,
          "min": 0.0031281730043701828,
          "max": 0.05156838602852076,
          "mean": 0.00756243503369067,
          "median": 0.006600008986424655,
          "p90": 0.0069674901897087685,
          "p95": 0.015616636979393647,
          "stdev": 0.004554755793387482
        }
      },
      "/c_slam/factor_batch/b": {
        "attempts": 93,
        "drops": 0,
        "published": 93,
        "delivered": 93,
        "delivery_rate": 1.0,
        "bytes_attempted": 1097930,
        "bytes_published": 1097930,
        "bytes_delivered": null,
        "drop_reasons": {},
        "delivery_method": "ack",
        "ack_latency_s": {
          "count": 93,
          "min": 0.0026769170071929693,
          "max": 0.05100007099099457,
          "mean": 0.006956220011136705,
          "median": 0.006605830974876881,
          "p90": 0.006785094225779176,
          "p95": 0.006916776800062507,
          "stdev": 0.0046424257466330604
        }
      },
      "/c_slam/factor_batch/c": {
        "attempts": 188,
        "drops": 0,
        "published": 188,
        "delivered": 188,
        "delivery_rate": 1.0,
        "bytes_attempted": 2217931,
        "bytes_published": 2217931,
        "bytes_delivered": null,
        "drop_reasons": {},
        "delivery_method": "ack",
        "ack_latency_s": {
          "count": 188,
          "min": 0.002557724015787244,
          "max": 0.05436887399991974,
          "mean": 0.008563813047812995,
          "median": 0.006616234517423436,
          "p90": 0.014013358397642166,
          "p95": 0.023478118961793373,
          "stdev": 0.006457413210062236
        }
      },
      "/c_slam/factor_batch/d": {
        "attempts": 87,
        "drops": 0,
        "published": 87,
        "delivered": 87,
        "delivery_rate": 1.0,
        "bytes_attempted": 1020838,
        "bytes_published": 1020838,
        "bytes_delivered": null,
        "drop_reasons": {},
        "delivery_method": "ack",
        "ack_latency_s": {
          "count": 87,
          "min": 0.002593851007986814,
          "max": 0.05152003496186808,
          "mean": 0.007310001344832152,
          "median": 0.006592194957192987,
          "p90": 0.007068441179580986,
          "p95": 0.008612613927107306,
          "stdev": 0.005261976213308422
        }
      }
    },
    "generated_by": {
      "component": "ros2_factor_publisher",
      "pid": 469697
    }
  }
}