{
  "ate": {
    "matches": 596,
    "rmse": 2.860228438935873,
    "R": [
      [
        0.9999711351238368,
        0.0007481124113212002,
        0.007561034781353896
      ],
      [
        -0.0007817912038167009,
        0.9999897829352907,
        0.004452283407735132
      ],
      [
        -0.007557626721296227,
        -0.004458066043609779,
        0.9999615032217452
      ]
    ],
    "t": [
      -2.290697162173558,
      0.5456514132684447,
      0.8007453604423822
    ],
    "s": 1.0
  },
  "rpe": {
    "1": {
      "count": 595.0,
      "rmse": 1.3193822949460523,
      "mean": 0.17392312546035626,
      "pstd": 1.307868642734128,
      "mean_dt": 1.0
    },
    "10": {
      "count": 586.0,
      "rmse": 1.5320566849093606,
      "mean": 0.7521273097898229,
      "pstd": 1.3347292593045916,
      "mean_dt": 10.0
    },
    "50": {
      "count": 546.0,
      "rmse": 2.8226557486535,
      "mean": 2.4035577717523995,
      "pstd": 1.479964700003108,
      "mean_dt": 50.0
    }
  }
}