{
  "ate": {
    "matches": 1062,
    "rmse": 2.575604137009425,
    "R": [
      [
        0.9992474574725301,
        0.038771742364796545,
        0.0011272660209577555
      ],
      [
        -0.03877086195129889,
        0.9992478130842942,
        -0.0007926599577971621
      ],
      [
        -0.00115715091387287,
        0.000748358372188139,
        0.999999050480304
      ]
    ],
    "t": [
      -2.187666075451304,
      6.055518882506995,
      -0.45608395344294195
    ],
    "s": 1.0
  },
  "rpe": {
    "1": {
      "count": 1061.0,
      "rmse": 0.5864391856003415,
      "mean": 0.1850328353211765,
      "pstd": 0.5564833944158604,
      "mean_dt": 1.0
    },
    "10": {
      "count": 1052.0,
      "rmse": 0.8947777245673842,
      "mean": 0.6857749505212685,
      "pstd": 0.574752027938605,
      "mean_dt": 10.0
    },
    "50": {
      "count": 1012.0,
      "rmse": 2.313307721277216,
      "mean": 2.0294539787849675,
      "pstd": 1.1102743630808747,
      "mean_dt": 50.0
    }
  }
}