{
  "a": {
    "ate": {
      "matches": 1357,
      "rmse": 2.30225556426644,
      "R": [
        [
          0.9991079610857382,
          0.04222706152009572,
          0.00039669948047032664
        ],
        [
          -0.0422271722861467,
          0.9991079972812211,
          0.0002751171081010542
        ],
        [
          -0.0003847282364062121,
          -0.000291623190242285,
          0.9999998834700428
        ]
      ],
      "t": [
        -2.000375614377191,
        6.366433548464002,
        -0.5772052625583406
      ],
      "s": 1.0
    },
    "rpe": {
      "1": {
        "count": 1356.0,
        "rmse": 0.10930939874611477,
        "mean": 0.09199952918208922,
        "pstd": 0.05903076557618945,
        "mean_dt": 1.0
      },
      "10": {
        "count": 1347.0,
        "rmse": 0.7005691010146886,
        "mean": 0.6331304466776709,
        "pstd": 0.2999048228792954,
        "mean_dt": 10.0
      },
      "50": {
        "count": 1307.0,
        "rmse": 2.5103182998239175,
        "mean": 2.1976937631828752,
        "pstd": 1.2131941681766896,
        "mean_dt": 50.0
      }
    }
  },
  "b": {
    "ate": {
      "matches": 265,
      "rmse": 1.6056228236594612,
      "R": [
        [
          0.9988999523046648,
          0.04657247430265174,
          0.0054671677372931686
        ],
        [
          -0.046585026225590485,
          0.9989119246828055,
          0.002191359864308587
        ],
        [
          -0.005359161996054894,
          -0.0024436374163616832,
          0.9999826538589942
        ]
      ],
      "t": [
        -2.7886127678098234,
        7.00103658163307,
        0.48807324505780336
      ],
      "s": 1.0
    },
    "rpe": {
      "1": {
        "count": 264.0,
        "rmse": 0.4649990255009374,
        "mean": 0.18593184916801994,
        "pstd": 0.4262082134142677,
        "mean_dt": 1.0
      },
      "10": {
        "count": 255.0,
        "rmse": 1.043619896725024,
        "mean": 0.8823831470181805,
        "pstd": 0.5572633764196632,
        "mean_dt": 10.0
      },
      "50": {
        "count": 215.0,
        "rmse": 2.8723312550558706,
        "mean": 2.71801090371755,
        "pstd": 0.9288183708580154,
        "mean_dt": 50.0
      }
    }
  },
  "c": {
    "ate": {
      "matches": 624,
      "rmse": 2.451136605127278,
      "R": [
        [
          0.9999563036552052,
          0.006557308599654517,
          -0.0066627685047519515
        ],
        [
          -0.006587563325466932,
          0.999968045075316,
          -0.0045291100321039335
        ],
        [
          0.006632856824323909,
          0.004572803535998302,
          0.9999675468124798
        ]
      ],
      "t": [
        -0.5596895352235123,
        2.296535440815731,
        -1.6272666624992818
      ],
      "s": 1.0
    },
    "rpe": {
      "1": {
        "count": 623.0,
        "rmse": 0.24035193244365347,
        "mean": 0.11681462048706813,
        "pstd": 0.21005569706594682,
        "mean_dt": 1.0
      },
      "10": {
        "count": 614.0,
        "rmse": 0.8192162678813449,
        "mean": 0.6829451614703334,
        "pstd": 0.4524391671658189,
        "mean_dt": 10.0
      },
      "50": {
        "count": 574.0,
        "rmse": 2.617788216025042,
        "mean": 2.312323524050109,
        "pstd": 1.227181756743497,
        "mean_dt": 50.0
      }
    }
  },
  "d": {
    "ate": {
      "matches": 1062,
      "rmse": 2.575604137009425,
      "R": [
        [
          0.9992474574725301,
          0.038771742364796545,
          0.0011272660209577555
        ],
        [
          -0.03877086195129889,
          0.9992478130842942,
          -0.0007926599577971621
        ],
        [
          -0.00115715091387287,
          0.000748358372188139,
          0.999999050480304
        ]
      ],
      "t": [
        -2.187666075451304,
        6.055518882506995,
        -0.45608395344294195
      ],
      "s": 1.0
    },
    "rpe": {
      "1": {
        "count": 1061.0,
        "rmse": 0.5864391856003415,
        "mean": 0.1850328353211765,
        "pstd": 0.5564833944158604,
        "mean_dt": 1.0
      },
      "10": {
        "count": 1052.0,
        "rmse": 0.8947777245673842,
        "mean": 0.6857749505212685,
        "pstd": 0.574752027938605,
        "mean_dt": 10.0
      },
      "50": {
        "count": 1012.0,
        "rmse": 2.313307721277216,
        "mean": 2.0294539787849675,
        "pstd": 1.1102743630808747,
        "mean_dt": 50.0
      }
    }
  },
  "e": {
    "ate": {
      "matches": 528,
      "rmse": 5.508511752141242,
      "R": [
        [
          0.9985056336449107,
          -0.05393578926385371,
          0.00879944406542817
        ],
        [
          0.0538926115202887,
          0.9985338532407008,
          0.005072509812855442
        ],
        [
          -0.009060132609333006,
          -0.004590704604242633,
          0.9999484183838375
        ]
      ],
      "t": [
        2.102602598261086,
        -3.6109944577859245,
        0.827374857397885
      ],
      "s": 1.0
    },
    "rpe": {
      "1": {
        "count": 527.0,
        "rmse": 0.8124001611300317,
        "mean": 0.2287245670482723,
        "pstd": 0.7795377439436023,
        "mean_dt": 1.0
      },
      "10": {
        "count": 518.0,
        "rmse": 1.415338747721236,
        "mean": 1.1411050357194952,
        "pstd": 0.8372950903096991,
        "mean_dt": 10.0
      },
      "50": {
        "count": 478.0,
        "rmse": 4.615441099131426,
        "mean": 4.066147389927989,
        "pstd": 2.1837449354110285,
        "mean_dt": 50.0
      }
    }
  }
}