{
  "stats": {
    "topics": {
      "/c_slam/factor_batch/d": {
        "attempts": 176,
        "drops": 0,
        "published": 176,
        "delivered": 176,
        "delivery_rate": 1.0,
        "bytes_attempted": 2081734,
        "bytes_published": 2081734,
        "bytes_delivered": null,
        "drop_reasons": {},
        "delivery_method": "ack",
        "ack_latency_s": {
          "count": 176,
          "min": 0.0026731559773907065,
          "max": 0.09652016399195418,
          "mean": 0.029256712058254794,
          "median": 0.030122496013063937,
          "p90": 0.06129785050870851,
          "p95": 0.06439215024875011,
          "stdev": 0.022642406823007027
        }
      },
      "/c_slam/factor_batch/b": {
        "attempts": 50,
        "drops": 0,
        "published": 50,
        "delivered": 50,
        "delivery_rate": 1.0,
        "bytes_attempted": 583586,
        "bytes_published": 583586,
        "bytes_delivered": null,
        "drop_reasons": {},
        "delivery_method": "ack",
        "ack_latency_s": {
          "count": 50,
          "min": 0.002758275019004941,
          "max": 0.09572524897521362,
          "mean": 0.011789115199353545,
          "median": 0.00657555548241362,
          "p90": 0.023090660572052012,
          "p95": 0.037748737074434734,
          "stdev": 0.015620208249778314
        }
      },
      "/c_slam/factor_batch/c": {
        "attempts": 95,
        "drops": 0,
        "published": 95,
        "delivered": 95,
        "delivery_rate": 1.0,
        "bytes_attempted": 1118212,
        "bytes_published": 1118212,
        "bytes_delivered": null,
        "drop_reasons": {},
        "delivery_method": "ack",
        "ack_latency_s": {
          "count": 95,
          "min": 0.0039383129915222526,
          "max": 0.09536511194892228,
          "mean": 0.01272104243000381,
          "median": 0.006571893987711519,
          "p90": 0.037378024985082456,
          "p95": 0.041719149297568946,
          "stdev": 0.01455763023573974
        }
      },
      "/c_slam/factor_batch/a": {
        "attempts": 233,
        "drops": 0,
        "published": 233,
        "delivered": 233,
        "delivery_rate": 1.0,
        "bytes_attempted": 2756188,
        "bytes_published": 2756188,
        "bytes_delivered": null,
        "drop_reasons": {},
        "delivery_method": "ack",
        "ack_latency_s": {
          "count": 233,
          "min": 0.0037074099527671933,
          "max": 0.1020054750260897,
          "mean": 0.03520809043180837,
          "median": 0.0394722520140931,
          "p90": 0.06579196099191904,
          "p95": 0.0708675178233534,
          "stdev": 0.024349459602405404
        }
      },
      "/c_slam/factor_batch/e": {
        "attempts": 83,
        "drops": 0,
        "published": 83,
        "delivered": 83,
        "delivery_rate": 1.0,
        "bytes_attempted": 981508,
        "bytes_published": 981508,
        "bytes_delivered": null,
        "drop_reasons": {},
        "delivery_method": "ack",
        "ack_latency_s": {
          "count": 83,
          "min": 0.004416121984831989,
          "max": 0.0962717870133929,
          "mean": 0.017090183407129967,
          "median": 0.006760468997526914,
          "p90": 0.047302329400554295,
          "p95": 0.05555360779981127,
          "stdev": 0.019252051730523044
        }
      }
    },
    "generated_by": {
      "component": "ros2_factor_publisher",
      "pid": 502328
    }
  }
}