{
  "ate": {
    "matches": 1347,
    "rmse": 2.754704820583841,
    "R": [
      [
        0.9990656130163943,
        0.04226661451436547,
        -0.009024089187859042
      ],
      [
        -0.042355513320178347,
        0.9990535673101602,
        -0.009898491613763521
      ],
      [
        0.008597172765543,
        0.010271462521841128,
        0.9999102888150027
      ]
    ],
    "t": [
      -3.5713155464541018,
      4.923319918767049,
      -2.4798184569439314
    ],
    "s": 1.0
  },
  "rpe": {
    "1": {
      "count": 1346.0,
      "rmse": 0.15234860027313424,
      "mean": 0.10783636728146542,
      "pstd": 0.10761697773455706,
      "mean_dt": 1.0
    },
    "10": {
      "count": 1337.0,
      "rmse": 0.8973461218517805,
      "mean": 0.7964106398412741,
      "pstd": 0.41347328226868907,
      "mean_dt": 10.0
    },
    "50": {
      "count": 1297.0,
      "rmse": 3.0228036812304118,
      "mean": 2.700196529199335,
      "pstd": 1.3587791575381172,
      "mean_dt": 50.0
    }
  }
}