{
  "ate": {
    "matches": 1350,
    "rmse": 2.130072472803676,
    "R": [
      [
        0.9998626713314779,
        0.01611685833901774,
        0.003858154372529121
      ],
      [
        -0.016122670155569795,
        0.999868925907374,
        0.0014800377999196132
      ],
      [
        -0.003833795108887833,
        -0.0015420382986567269,
        0.9999914620300258
      ]
    ],
    "t": [
      -1.3073792625740168,
      2.334767266612886,
      -0.3201642313517832
    ],
    "s": 1.0
  },
  "rpe": {
    "1": {
      "count": 1349.0,
      "rmse": 0.1491868593206816,
      "mean": 0.09607765754695258,
      "pstd": 0.11413063880597231,
      "mean_dt": 1.0
    },
    "10": {
      "count": 1340.0,
      "rmse": 0.7188062266348337,
      "mean": 0.643173158332123,
      "pstd": 0.32095276887743085,
      "mean_dt": 10.0
    },
    "50": {
      "count": 1300.0,
      "rmse": 2.3817774351758425,
      "mean": 2.1378213131875587,
      "pstd": 1.0500398961914914,
      "mean_dt": 50.0
    }
  }
}