{
  "stats": {
    "topics": {
      "/c_slam/factor_batch/d": {
        "attempts": 171,
        "drops": 0,
        "published": 171,
        "delivered": 171,
        "delivery_rate": 1.0,
        "bytes_attempted": 2024069,
        "bytes_published": 2024069,
        "bytes_delivered": null,
        "drop_reasons": {},
        "delivery_method": "ack",
        "ack_latency_s": {
          "count": 171,
          "min": 0.003174549958202988,
          "max": 0.007661359966732562,
          "mean": 0.006399772677649553,
          "median": 0.00656088994583115,
          "p90": 0.006786726997233927,
          "p95": 0.0068909580004401505,
          "stdev": 0.0006576631968032474
        }
      },
      "/c_slam/factor_batch/b": {
        "attempts": 36,
        "drops": 0,
        "published": 36,
        "delivered": 36,
        "delivery_rate": 1.0,
        "bytes_attempted": 420754,
        "bytes_published": 420754,
        "bytes_delivered": null,
        "drop_reasons": {},
        "delivery_method": "ack",
        "ack_latency_s": {
          "count": 36,
          "min": 0.004056616977322847,
          "max": 0.006942481035366654,
          "mean": 0.006439719030620634,
          "median": 0.006564290990354493,
          "p90": 0.006691708025755361,
          "p95": 0.006715186493238434,
          "stdev": 0.00048618833701830375
        }
      },
      "/c_slam/factor_batch/c": {
        "attempts": 126,
        "drops": 0,
        "published": 126,
        "delivered": 126,
        "delivery_rate": 1.0,
        "bytes_attempted": 1489184,
        "bytes_published": 1489184,
        "bytes_delivered": null,
        "drop_reasons": {},
        "delivery_method": "ack",
        "ack_latency_s": {
          "count": 126,
          "min": 0.0032546910224482417,
          "max": 0.007816231984179467,
          "mean": 0.0064189911382051094,
          "median": 0.006585261027794331,
          "p90": 0.006800638482673094,
          "p95": 0.00687753627425991,
          "stdev": 0.0006675296201591801
        }
      },
      "/c_slam/factor_batch/a": {
        "attempts": 243,
        "drops": 0,
        "published": 243,
        "delivered": 243,
        "delivery_rate": 1.0,
        "bytes_attempted": 2877837,
        "bytes_published": 2877837,
        "bytes_delivered": null,
        "drop_reasons": {},
        "delivery_method": "ack",
        "ack_latency_s": {
          "count": 243,
          "min": 0.0027106519555673003,
          "max": 0.01162617199588567,
          "mean": 0.006461010290570404,
          "median": 0.006580847024451941,
          "p90": 0.006794980017002672,
          "p95": 0.006880563317099586,
          "stdev": 0.000745773600936718
        }
      },
      "/c_slam/factor_batch/e": {
        "attempts": 88,
        "drops": 0,
        "published": 88,
        "delivered": 88,
        "delivery_rate": 1.0,
        "bytes_attempted": 1036273,
        "bytes_published": 1036273,
        "bytes_delivered": null,
        "drop_reasons": {},
        "delivery_method": "ack",
        "ack_latency_s": {
          "count": 88,
          "min": 0.0031806810293346643,
          "max": 0.007369086961261928,
          "mean": 0.006323765993081245,
          "median": 0.006527566001750529,
          "p90": 0.006799540779320523,
          "p95": 0.006934597369399852,
          "stdev": 0.0007602285658163724
        }
      }
    },
    "generated_by": {
      "component": "ros2_factor_publisher",
      "pid": 524219
    }
  }
}