{
  "loop_closure_correction": {
    "count": 0
  },
  "interface_correction": {
    "count": 0
  },
  "loop_closure_correction_stabilised": {
    "count": 0
  },
  "loop_closure_correction_stabilised_params": {
    "epsilon": 0.001,
    "required": 3
  },
  "interface_correction_stabilised": {
    "count": 42586,
    "min": 0.1222844123840332,
    "max": 8.325875997543335,
    "mean": 1.8322012385223367,
    "median": 0.9873911142349243,
    "p90": 4.611662864685059,
    "p95": 6.566681206226349,
    "p99": 8.116925430297853,
    "stdev": 1.9622185622892343
  },
  "interface_correction_stabilised_params": {
    "epsilon": 0.001,
    "required": 3
  },
  "time_to_global_convergence_s": 0.14101386070251465,
  "time_to_global_convergence_method": "delta_threshold",
  "timeline_start_ts": 1770279813.802745,
  "timeline_end_ts": 1770279813.943759,
  "optimization_duration_s": {
    "count": 505,
    "min": 0.0005798659985885024,
    "max": 0.07815833296626806,
    "mean": 0.006381302877988593,
    "median": 0.0028398550348356366,
    "p90": 0.015829264384228745,
    "p95": 0.027755280828569075,
    "p99": 0.04042013012338428,
    "stdev": 0.008925276870810123
  },
  "communication_uplink_messages": 62072,
  "communication_uplink_bytes": 79530465,
  "communication_downlink_messages": 0,
  "communication_downlink_bytes": 0,
  "communication_uplink_bytes_per_s": 563990409.1965746,
  "communication_downlink_bytes_per_s": 0.0,
  "delivery_topics": {
    "/c_slam/factor_batch/d": {
      "attempts": 171.0,
      "drops": 0.0,
      "delivered": 171.0,
      "delivery_rate": 1.0
    },
    "/c_slam/factor_batch/b": {
      "attempts": 36.0,
      "drops": 0.0,
      "delivered": 36.0,
      "delivery_rate": 1.0
    },
    "/c_slam/factor_batch/c": {
      "attempts": 126.0,
      "drops": 0.0,
      "delivered": 126.0,
      "delivery_rate": 1.0
    },
    "/c_slam/factor_batch/a": {
      "attempts": 243.0,
      "drops": 0.0,
      "delivered": 243.0,
      "delivery_rate": 1.0
    },
    "/c_slam/factor_batch/e": {
      "attempts": 88.0,
      "drops": 0.0,
      "delivered": 88.0,
      "delivery_rate": 1.0
    },
    "/c_slam/iface/run_886c76f1/a": {
      "attempts": 2323.0,
      "drops": 0.0,
      "delivered": 2323.0,
      "delivery_rate": 1.0
    },
    "/c_slam/iface/run_886c76f1/e": {
      "attempts": 16362.0,
      "drops": 0.0,
      "delivered": 4825.0,
      "delivery_rate": 0.2948906001711282
    },
    "/c_slam/iface/run_886c76f1/b": {
      "attempts": 13534.0,
      "drops": 0.0,
      "delivered": 3993.0,
      "delivery_rate": 0.29503472735333236
    },
    "/c_slam/iface/run_886c76f1/c": {
      "attempts": 21614.0,
      "drops": 0.0,
      "delivered": 10389.0,
      "delivery_rate": 0.480660682890719
    },
    "/c_slam/iface/run_886c76f1/d": {
      "attempts": 11413.0,
      "drops": 0.0,
      "delivered": 9761.0,
      "delivery_rate": 0.8552527819153597
    }
  },
  "delivery_rate": {
    "count": 10,
    "min": 0.2948906001711282,
    "max": 1.0,
    "mean": 0.792583879233054,
    "median": 1.0,
    "p90": 1.0,
    "p95": 1.0,
    "p99": 1.0,
    "stdev": 0.29233643516734537
  },
  "estimation_metrics": {
    "a": {
      "ate": {
        "matches": 1350,
        "rmse": 2.110464529835979,
        "R": [
          [
            0.9998804144070214,
            0.01445156644287211,
            0.005505371249088997
          ],
          [
            -0.014464478125971115,
            0.9998927093117076,
            0.00231273384476597
          ],
          [
            -0.005471357947196064,
            -0.0023920895971255365,
            0.9999821709158484
          ]
        ],
        "t": [
          -1.2762763030480215,
          2.162839881408054,
          -0.1113340777083458
        ],
        "s": 1.0
      },
      "rpe": {
        "1": {
          "count": 1349.0,
          "rmse": 0.15218640637772948,
          "mean": 0.09594942528808732,
          "pstd": 0.1181287859628345,
          "mean_dt": 1.0
        },
        "10": {
          "count": 1340.0,
          "rmse": 0.7018107544761559,
          "mean": 0.628012263499686,
          "pstd": 0.3132713392450596,
          "mean_dt": 10.0
        },
        "50": {
          "count": 1300.0,
          "rmse": 2.323069408603155,
          "mean": 2.0774092158777533,
          "pstd": 1.0397222835805635,
          "mean_dt": 50.0
        }
      }
    },
    "b": {
      "ate": {
        "matches": 187,
        "rmse": 16.181117859993115,
        "R": [
          [
            0.9996539802486942,
            0.02111206215851737,
            0.015690780871520975
          ],
          [
            -0.021295560955826073,
            0.9997056815072127,
            0.011621077651247827
          ],
          [
            -0.015440817870822111,
            -0.011951200509343014,
            0.9998093568025185
          ]
        ],
        "t": [
          3.59786860242491,
          4.359653202451996,
          -0.4613890710087176
        ],
        "s": 1.0
      },
      "rpe": {
        "1": {
          "count": 186.0,
          "rmse": 15.96758609426735,
          "mean": 4.351718062138671,
          "pstd": 15.363149273033052,
          "mean_dt": 1.0
        },
        "10": {
          "count": 177.0,
          "rmse": 21.385587074175607,
          "mean": 9.709791615702748,
          "pstd": 19.054219513975777,
          "mean_dt": 10.0
        },
        "50": {
          "count": 137.0,
          "rmse": 20.608070203138134,
          "mean": 10.50355506668797,
          "pstd": 17.73042268132724,
          "mean_dt": 50.0
        }
      }
    },
    "c": {
      "ate": {
        "matches": 703,
        "rmse": 1.8211299006493356,
        "R": [
          [
            0.9999792692181211,
            0.006042107785775795,
            0.0022257734607391394
          ],
          [
            -0.006045357194967118,
            0.9999806665602754,
            0.0014560776259938332
          ],
          [
            -0.002216932650921371,
            -0.0014695030359714104,
            0.9999964628789687
          ]
        ],
        "t": [
          -0.480310349030475,
          1.8257152582464116,
          -0.2597825453403346
        ],
        "s": 1.0
      },
      "rpe": {
        "1": {
          "count": 702.0,
          "rmse": 0.8248005826006585,
          "mean": 0.38292369871844956,
          "pstd": 0.7305240872265385,
          "mean_dt": 1.0
        },
        "10": {
          "count": 693.0,
          "rmse": 0.9871038273048335,
          "mean": 0.7650434297282735,
          "pstd": 0.623764792617739,
          "mean_dt": 10.0
        },
        "50": {
          "count": 653.0,
          "rmse": 1.999965608361661,
          "mean": 1.8118259559797008,
          "pstd": 0.8468465857920598,
          "mean_dt": 50.0
        }
      }
    },
    "d": {
      "ate": {
        "matches": 1062,
        "rmse": 6.517576067615814,
        "R": [
          [
            0.9917683779223347,
            0.12804354448082114,
            -0.0005790251191036596
          ],
          [
            -0.12804246947413864,
            0.9917673665045637,
            0.0016176364137785448
          ],
          [
            0.0007813861176148868,
            -0.0015301808360236521,
            0.9999985239900828
          ]
        ],
        "t": [
          -5.024476376080969,
          15.851476618865377,
          -1.1237940137699747
        ],
        "s": 1.0
      },
      "rpe": {
        "1": {
          "count": 1061.0,
          "rmse": 1.8960176336017431,
          "mean": 0.38293108926868735,
          "pstd": 1.8569455155712704,
          "mean_dt": 1.0
        },
        "10": {
          "count": 1052.0,
          "rmse": 3.9407725803879945,
          "mean": 1.8285754306381523,
          "pstd": 3.490845230714815,
          "mean_dt": 10.0
        },
        "50": {
          "count": 1012.0,
          "rmse": 7.128168936679287,