{
  "ate": {
    "matches": 703,
    "rmse": 1.8211299006493356,
    "R": [
      [
        0.9999792692181211,
        0.006042107785775795,
        0.0022257734607391394
      ],
      [
        -0.006045357194967118,
        0.9999806665602754,
        0.0014560776259938332
      ],
      [
        -0.002216932650921371,
        -0.0014695030359714104,
        0.9999964628789687
      ]
    ],
    "t": [
      -0.480310349030475,
      1.8257152582464116,
      -0.2597825453403346
    ],
    "s": 1.0
  },
  "rpe": {
    "1": {
      "count": 702.0,
      "rmse": 0.8248005826006585,
      "mean": 0.38292369871844956,
      "pstd": 0.7305240872265385,
      "mean_dt": 1.0
    },
    "10": {
      "count": 693.0,
      "rmse": 0.9871038273048335,
      "mean": 0.7650434297282735,
      "pstd": 0.623764792617739,
      "mean_dt": 10.0
    },
    "50": {
      "count": 653.0,
      "rmse": 1.999965608361661,
      "mean": 1.8118259559797008,
      "pstd": 0.8468465857920598,
      "mean_dt": 50.0
    }
  }
}