{
  "stats": {
    "topics": {
      "/c_slam/factor_batch/d": {
        "attempts": 171,
        "drops": 0,
        "published": 171,
        "delivered": 171,
        "delivery_rate": 1.0,
        "bytes_attempted": 2024081,
        "bytes_published": 2024081,
        "bytes_delivered": null,
        "drop_reasons": {},
        "delivery_method": "ack",
        "ack_latency_s": {
          "count": 171,
          "min": 0.0027373009943403304,
          "max": 0.007683305011596531,
          "mean": 0.006417559178979054,
          "median": 0.00653906399384141,
          "p90": 0.006733162037562579,
          "p95": 0.006800853996537626,
          "stdev": 0.0005451025992851142
        }
      },
      "/c_slam/factor_batch/b": {
        "attempts": 36,
        "drops": 0,
        "published": 36,
        "delivered": 36,
        "delivery_rate": 1.0,
        "bytes_attempted": 420752,
        "bytes_published": 420752,
        "bytes_delivered": null,
        "drop_reasons": {},
        "delivery_method": "ack",
        "ack_latency_s": {
          "count": 36,
          "min": 0.00423437898280099,
          "max": 0.0070646179956384,
          "mean": 0.006405567132686783,
          "median": 0.006562794005731121,
          "p90": 0.006843765469966456,
          "p95": 0.0069208679924486205,
          "stdev": 0.0005264753989987198
        }
      },
      "/c_slam/factor_batch/c": {
        "attempts": 126,
        "drops": 0,
        "published": 126,
        "delivered": 126,
        "delivery_rate": 1.0,
        "bytes_attempted": 1489177,
        "bytes_published": 1489177,
        "bytes_delivered": null,
        "drop_reasons": {},
        "delivery_method": "ack",
        "ack_latency_s": {
          "count": 126,
          "min": 0.005070038954727352,
          "max": 0.007783556007780135,
          "mean": 0.006460474918149264,
          "median": 0.006504163495264947,
          "p90": 0.006707006512442604,
          "p95": 0.006741629491443746,
          "stdev": 0.000302043497568081
        }
      },
      "/c_slam/factor_batch/a": {
        "attempts": 243,
        "drops": 0,
        "published": 243,
        "delivered": 243,
        "delivery_rate": 1.0,
        "bytes_attempted": 2877854,
        "bytes_published": 2877854,
        "bytes_delivered": null,
        "drop_reasons": {},
        "delivery_method": "ack",
        "ack_latency_s": {
          "count": 243,
          "min": 0.002522316004615277,
          "max": 0.007895337010268122,
          "mean": 0.006545689024765106,
          "median": 0.006644994020462036,
          "p90": 0.0068217763677239415,
          "p95": 0.00688596167601645,
          "stdev": 0.0005024921011731941
        }
      },
      "/c_slam/factor_batch/e": {
        "attempts": 88,
        "drops": 0,
        "published": 88,
        "delivered": 88,
        "delivery_rate": 1.0,
        "bytes_attempted": 1036274,
        "bytes_published": 1036274,
        "bytes_delivered": null,
        "drop_reasons": {},
        "delivery_method": "ack",
        "ack_latency_s": {
          "count": 88,
          "min": 0.0026135779917240143,
          "max": 0.006976340024266392,
          "mean": 0.006284916422208136,
          "median": 0.0065276929817628115,
          "p90": 0.0067151915980502965,
          "p95": 0.006780029946821742,
          "stdev": 0.0008634104298323911
        }
      }
    },
    "generated_by": {
      "component": "ros2_factor_publisher",
      "pid": 524458
    }
  }
}