{
  "ate": {
    "matches": 187,
    "rmse": 16.29831572804226,
    "R": [
      [
        0.9992023270519546,
        0.03374696394449654,
        0.021350691756658494
      ],
      [
        -0.034296294787848666,
        0.9990758334523492,
        0.025908361108305987
      ],
      [
        -0.020456631633384792,
        -0.026619944327932563,
        0.9994362935105938
      ]
    ],
    "t": [
      6.467571766512286,
      7.772575380107288,
      0.30111900785544155
    ],
    "s": 1.0
  },
  "rpe": {
    "1": {
      "count": 186.0,
      "rmse": 15.180706263184536,
      "mean": 4.195287495919965,
      "pstd": 14.589496409255112,
      "mean_dt": 1.0
    },
    "10": {
      "count": 177.0,
      "rmse": 21.07181310275138,
      "mean": 9.794379249165141,
      "pstd": 18.657208863085824,
      "mean_dt": 10.0
    },
    "50": {
      "count": 137.0,
      "rmse": 20.517226365672233,
      "mean": 10.89619459217598,
      "pstd": 17.384749671757454,
      "mean_dt": 50.0
    }
  }
}