{
  "ate": {
    "matches": 624,
    "rmse": 2.4347249064038756,
    "R": [
      [
        0.9999318864791114,
        0.005918756656825728,
        -0.010059359918156806
      ],
      [
        -0.0059929427651103165,
        0.9999549509037765,
        -0.007360760833025802
      ],
      [
        0.010015340200904138,
        0.007420544633932234,
        0.9999223112212248
      ]
    ],
    "t": [
      -0.6372093823963638,
      2.054205163670318,
      -2.1884256426737103
    ],
    "s": 1.0
  },
  "rpe": {
    "1": {
      "count": 623.0,
      "rmse": 0.25083576499952454,
      "mean": 0.1179537036243351,
      "pstd": 0.22137186994783054,
      "mean_dt": 1.0
    },
    "10": {
      "count": 614.0,
      "rmse": 0.8387451341970539,
      "mean": 0.6914198911221667,
      "pstd": 0.47479672945361046,
      "mean_dt": 10.0
    },
    "50": {
      "count": 574.0,
      "rmse": 2.6256237267192444,
      "mean": 2.3128221712034907,
      "pstd": 1.2428811522831242,
      "mean_dt": 50.0
    }
  }
}