{
  "loop_closure_correction": {
    "count": 369,
    "min": 0.0055513649713248014,
    "max": 3.039853041002061,
    "mean": 0.3040647609050507,
    "median": 0.31160882802214473,
    "p90": 0.5065550711937249,
    "p95": 0.6443805161863565,
    "p99": 1.7893918391992305,
    "stdev": 0.33106204934412653
  },
  "interface_correction": {
    "count": 4,
    "min": 0.010374491976108402,
    "max": 0.3844549799687229,
    "mean": 0.1839545819821069,
    "median": 0.17049442799179815,
    "p90": 0.36230906338896607,
    "p95": 0.37338202167884443,
    "p99": 0.38224038831074725,
    "stdev": 0.16580991618509688
  },
  "loop_closure_correction_stabilised": {
    "count": 369,
    "min": 0.3595879077911377,
    "max": 181.98559737205505,
    "mean": 86.33904614874987,
    "median": 75.40618848800659,
    "p90": 168.5311475753784,
    "p95": 175.03904256820678,
    "p99": 178.700659160614,
    "stdev": 56.959275745893635
  },
  "loop_closure_correction_stabilised_params": {
    "epsilon": 0.001,
    "required": 3
  },
  "interface_correction_stabilised": {
    "count": 4,
    "min": 161.40258193016052,
    "max": 182.74493432044983,
    "mean": 173.76853650808334,
    "median": 175.4633148908615,
    "p90": 181.93470606803893,
    "p95": 182.3398201942444,
    "p99": 182.66391149520874,
    "stdev": 8.384593440547468
  },
  "interface_correction_stabilised_params": {
    "epsilon": 0.001,
    "required": 3
  },
  "time_to_global_convergence_s": 182.5951406955719,
  "time_to_global_convergence_method": "last_map_broadcast",
  "timeline_start_ts": 1770250076.975513,
  "timeline_end_ts": 1770250259.5706537,
  "optimization_duration_s": {
    "count": 277,
    "min": 0.0007223279681056738,
    "max": 0.09857039002235979,
    "mean": 0.01705769384519402,
    "median": 0.009295593947172165,
    "p90": 0.05699141058139504,
    "p95": 0.07364596396218982,
    "p99": 0.09150755205657334,
    "stdev": 0.02191126747625813
  },
  "communication_uplink_messages": 584,
  "communication_uplink_bytes": 6899707,
  "communication_downlink_messages": 277,
  "communication_downlink_bytes": 71158173,
  "communication_uplink_bytes_per_s": 37786.914666603305,
  "communication_downlink_bytes_per_s": 389704.63687550725,
  "delivery_topics": {},
  "estimation_metrics": {
    "ate": {
      "a": {
        "matches": 1355,
        "rmse": 2.1994832203724557,
        "R": [
          [
            0.9999401008372101,
            0.010804938711739384,
            0.0017458628543888409
          ],
          [
            -0.010796495162526886,
            0.9999303129427068,
            -0.00477545291112029
          ],
          [
            -0.0017973396663695214,
            0.0047563176656271605,
            0.9999870734226451
          ]
        ],
        "t": [
          -1.501186614763867,
          1.5469495929055768,
          -0.01710453777130816
        ],
        "s": 1.0
      },
      "c": {
        "matches": 1062,
        "rmse": 2.4348700791982987,
        "R": [
          [
            0.999921427378662,
            0.012339077061473282,
            0.0022104855325685646
          ],
          [
            -0.012321493028386804,
            0.999893670502918,
            -0.007799262641664348
          ],
          [
            -0.002306486195511748,
            0.0077714133510752015,
            0.9999671420881571
          ]
        ],
        "t": [
          -1.4841926406543848,
          1.2792117302353319,
          0.011162610447584598
        ],
        "s": 1.0
      },
      "b": {
        "matches": 607,
        "rmse": 2.3442459538441356,
        "R": [
          [
            0.9999032527636708,
            0.01375243563799371,
            0.002087013812563498
          ],
          [
            -0.013738915347618725,
            0.9998853899854045,
            -0.0063599605979045085
          ],
          [
            -0.00217423956866281,
            0.006330671983193384,
            0.9999775973863312
          ]
        ],
        "t": [
          -1.380791025082985,
          1.539137296619316,
          -0.023365046635986264
        ],
        "s": 1.0
      },
      "d": {
        "matches": 531,
        "rmse": 3.1236063999317456,
        "R": [
          [
            0.9999626388529367,
            0.0034251756506164304,
            0.007936565380158026
          ],
          [
            -0.0033506745651896135,
            0.9999503796686204,
            -0.009381427425472958
          ],
          [
            -0.007968304601939612,
            0.009354484076828972,
            0.9999244970243638
          ]
        ],
        "t": [
          0.4592020502395826,
          0.21981858173763769,
          0.4738414067243957
        ],
        "s": 1.0
      }
    },
    "rpe": {
      "a": {
        "1": {
          "count": 1354.0,
          "rmse": 0.12466040123605843,
          "mean": 0.09271444119843075,
          "pstd": 0.08333215483592032,
          "mean_dt": 1.0
        },
        "10": {
          "count": 1345.0,
          "rmse": 0.7159763294477073,
          "mean": 0.6487078040404046,
          "pstd": 0.30298562557733305,
          "mean_dt": 10.0
        },
        "50": {
          "count": 1305.0,
          "rmse": 2.3276676512680394,
          "mean": 2.101189753743136,
          "pstd": 1.0015180045932897,
          "mean_dt": 50.0
        }
      },
      "c": {
        "1": {
          "count": 1061.0,
          "rmse": 0.7102483721700813,
          "mean": 0.2389844975925066,
          "pstd": 0.6688341798089475,
          "mean_dt": 1.0
        },
        "10": {
          "count": 1052.0,
          "rmse": 1.0118396229689837,
          "mean": 0.7383708701257387,
          "pstd": 0.6918293725766309,
          "mean_dt": 10.0
        },
        "50": {
          "count": 1012.0,
          "rmse": 2.271943801073852,
          "mean": 1.988070284983293,
          "pstd": 1.099684126103652,
          "mean_dt": 50.0
        }
      },
      "b": {
        "1": {
          "count": 606.0,
          "rmse": 0.12146025725402079,
          "mean": 0.09389709480923243,
          "pstd": 0.07704498477252703,
          "mean_dt": 1.0
        },
        "10": {
          "count": 597.0,
          "rmse": 0.7786146073856133,
          "mean": 0.712192581336563,
          "pstd": 0.31467830227617527,
          "mean_dt": 10.0
        },
        "50": {
          "count": 557.0,
          "rmse": 2.581498787307902,
          "mean": 2.3917442457863918,
          "pstd": 0.9714398857468466,
          "mean_dt": 50.0
        }
      },
      "d": {
        "1": {
          "count": 530.0,
          "rmse": 0.505352019624863,
          "mean": 0.17562061010055777,
          "pstd": 0.47385447665589875,
          "mean_dt": 1.0
        },
        "10": {
          "count": 521.0,
          "rmse": 0.988607941763973,
          "mean": 0.8369309126517659,
          "pstd": 0.5262055776658789,
          "mean_dt": 10.0
        },
        "50": {
          "count": 481.0,
          "rmse": 3.1415570548045624,
          "mean": 2.927852997262326,
          "pstd": 1.138884346636795,
          "mean_dt": 50.0
        }
      }
    }
  },
  "input_end_team_ts": 1770250259.5707314,
  "input_end_method": "input_end_event",
  "input_end_per_robot_ts": {
    "team": 1770250259.5707314
  },
  "time_from_input_end_to_team_convergence_s": 0.11214947700500488,
  "time_from_input_end_to_team_convergence_method": "stable_window",
  "time_from_input_end_to_team_convergence_per_robot_s": {
    "server": 0.11214947700500488
  },
  "time_from_input_end_to_team_convergence_params": {
    "epsilon": 0.001,
    "required": 3
  },
  "time_from_input_end_to_ddf_stop_team_s": null,
  "time_from_input_end_to_ddf_stop_method": "no_ddf_stop_event",
  "time_from_input_end_to_ddf_stop_per_robot_s": {},
  "stable_team_convergence_s": 0.11214947700500488,
  "stable_team_convergence_method": "stable_window",