{
  "stats": {
    "topics": {
      "/c_slam/factor_batch/d": {
        "attempts": 176,
        "drops": 0,
        "published": 176,
        "delivered": 175,
        "delivery_rate": 0.9943181818181818,
        "bytes_attempted": 2081735,
        "bytes_published": 2081735,
        "bytes_delivered": null,
        "drop_reasons": {},
        "delivery_method": "ack",
        "ack_latency_s": {
          "count": 175,
          "min": 0.26295834401389584,
          "max": 0.3636726349941455,
          "mean": 0.2985354110651783,
          "median": 0.2869761469773948,
          "p90": 0.3403581386315636,
          "p95": 0.34877884361194444,
          "stdev": 0.022521460807381412
        }
      },
      "/c_slam/factor_batch/b": {
        "attempts": 50,
        "drops": 0,
        "published": 50,
        "delivered": 49,
        "delivery_rate": 0.98,
        "bytes_attempted": 583591,
        "bytes_published": 583591,
        "bytes_delivered": null,
        "drop_reasons": {},
        "delivery_method": "ack",
        "ack_latency_s": {
          "count": 49,
          "min": 0.2827532299561426,
          "max": 0.36254424101207405,
          "mean": 0.28801820579469584,
          "median": 0.28662652702769265,
          "p90": 0.2872033749939874,
          "p95": 0.2873140054056421,
          "stdev": 0.010783535715605613
        }
      },
      "/c_slam/factor_batch/c": {
        "attempts": 95,
        "drops": 0,
        "published": 95,
        "delivered": 94,
        "delivery_rate": 0.9894736842105263,
        "bytes_attempted": 1118221,
        "bytes_published": 1118221,
        "bytes_delivered": null,
        "drop_reasons": {},
        "delivery_method": "ack",
        "ack_latency_s": {
          "count": 94,
          "min": 0.282213274971582,
          "max": 0.3620677139842883,
          "mean": 0.28722694330041276,
          "median": 0.28600141598144546,
          "p90": 0.28727351391571576,
          "p95": 0.28767931005277203,
          "stdev": 0.008744695252367462
        }
      },
      "/c_slam/factor_batch/a": {
        "attempts": 233,
        "drops": 0,
        "published": 233,
        "delivered": 233,
        "delivery_rate": 1.0,
        "bytes_attempted": 2756179,
        "bytes_published": 2756179,
        "bytes_delivered": null,
        "drop_reasons": {},
        "delivery_method": "ack",
        "ack_latency_s": {
          "count": 233,
          "min": 0.13218385900836438,
          "max": 0.38632920995587483,
          "mean": 0.30675432440083344,
          "median": 0.28716942499158904,
          "p90": 0.34978109900839627,
          "p95": 0.3558923278120346,
          "stdev": 0.02961480125008694
        }
      },
      "/c_slam/factor_batch/e": {
        "attempts": 83,
        "drops": 0,
        "published": 83,
        "delivered": 82,
        "delivery_rate": 0.9879518072289156,
        "bytes_attempted": 981494,
        "bytes_published": 981494,
        "bytes_delivered": null,
        "drop_reasons": {},
        "delivery_method": "ack",
        "ack_latency_s": {
          "count": 82,
          "min": 0.2834081740002148,
          "max": 0.3634675060166046,
          "mean": 0.29033906543669974,
          "median": 0.28651094998349436,
          "p90": 0.28745819235336967,
          "p95": 0.3430160538613565,
          "stdev": 0.01610151226242284
        }
      }
    },
    "generated_by": {
      "component": "ros2_factor_publisher",
      "pid": 507429
    }
  }
}