{
  "loop_closure_correction": {
    "count": 284,
    "min": 0.0019372039823792875,
    "max": 0.1980246079619974,
    "mean": 0.058723587175695105,
    "median": 0.04940472848829813,
    "p90": 0.09370726614142769,
    "p95": 0.1267220825044205,
    "p99": 0.1977907466958277,
    "stdev": 0.035550514091636905
  },
  "interface_correction": {
    "count": 3,
    "min": 0.01043024897808209,
    "max": 0.0918826189590618,
    "mean": 0.0405990609821553,
    "median": 0.019484315009322017,
    "p90": 0.07740295816911384,
    "p95": 0.08464278856408781,
    "p99": 0.09043465288006701,
    "stdev": 0.03645084833948826
  },
  "loop_closure_correction_stabilised": {
    "count": 284,
    "min": 0.3555004596710205,
    "max": 16.599437713623047,
    "mean": 9.492272975579114,
    "median": 11.498672366142273,
    "p90": 15.04144916534424,
    "p95": 15.678756499290465,
    "p99": 16.511386132240297,
    "stdev": 4.844914064083734
  },
  "loop_closure_correction_stabilised_params": {
    "epsilon": 0.001,
    "required": 3
  },
  "interface_correction_stabilised": {
    "count": 3,
    "min": 15.468404293060303,
    "max": 16.60128092765808,
    "mean": 16.039082209269207,
    "median": 16.047561407089233,
    "p90": 16.490537023544313,
    "p95": 16.545908975601197,
    "p99": 16.590206537246704,
    "stdev": 0.462533811305473
  },
  "interface_correction_stabilised_params": {
    "epsilon": 0.001,
    "required": 3
  },
  "time_to_global_convergence_s": 16.443577766418457,
  "time_to_global_convergence_method": "last_map_broadcast",
  "timeline_start_ts": 1770229075.4339492,
  "timeline_end_ts": 1770229091.877527,
  "optimization_duration_s": {
    "count": 245,
    "min": 0.0003358040121383965,
    "max": 0.060120493988506496,
    "mean": 0.008055974482035986,
    "median": 0.0034727840102277696,
    "p90": 0.023034364974591874,
    "p95": 0.04339014979777853,
    "p99": 0.057626801398582755,
    "stdev": 0.012776042793018338
  },
  "communication_uplink_messages": 497,
  "communication_uplink_bytes": 5871443,
  "communication_downlink_messages": 245,
  "communication_downlink_bytes": 51813209,
  "communication_uplink_bytes_per_s": 357066.0280508314,
  "communication_downlink_bytes_per_s": 3150969.316775721,
  "delivery_topics": {},
  "estimation_metrics": {
    "ate": {
      "a": {
        "matches": 1347,
        "rmse": 2.284188281095173,
        "R": [
          [
            0.9999554334717273,
            -0.0008441628292127283,
            -0.009403109033069089
          ],
          [
            0.0007233082126653543,
            0.9999171915026003,
            -0.012848617154428935
          ],
          [
            0.009413176700747712,
            0.012841243190181047,
            0.999873239254722
          ]
        ],
        "t": [
          -2.710213382696196,
          -1.2568844968503967,
          -1.7434072073180564
        ],
        "s": 1.0
      },
      "c": {
        "matches": 1071,
        "rmse": 2.3005746133986604,
        "R": [
          [
            0.9999694561389306,
            -0.0018079700919734756,
            -0.007603817025461084
          ],
          [
            0.0017251377607434622,
            0.9999392575341617,
            -0.01088600669369591
          ],
          [
            0.007623036725388413,
            0.01087255656114345,
            0.9999118345258785
          ]
        ],
        "t": [
          -2.597793687777866,
          -1.4280826052121967,
          -1.5351114066511702
        ],
        "s": 1.0
      },
      "b": {
        "matches": 617,
        "rmse": 2.2303996089060547,
        "R": [
          [
            0.9999632408731364,
            0.0012723161665530117,
            -0.008479275562632801
          ],
          [
            -0.00137716001166068,
            0.9999225356805684,
            -0.012370370586429091
          ],
          [
            0.008462879698838698,
            0.01238159318164007,
            0.9998875315841713
          ]
        ],
        "t": [
          -2.8727982284186737,
          -1.5083448618480872,
          -1.9586561898030834
        ],
        "s": 1.0
      }
    },
    "rpe": {
      "a": {
        "1": {
          "count": 1346.0,
          "rmse": 0.16154736806360043,
          "mean": 0.09618814798912417,
          "pstd": 0.1297898005033474,
          "mean_dt": 1.0
        },
        "10": {
          "count": 1337.0,
          "rmse": 0.7527254072520301,
          "mean": 0.6603895756697435,
          "pstd": 0.36122174224355813,
          "mean_dt": 10.0
        },
        "50": {
          "count": 1297.0,
          "rmse": 2.3584178675702803,
          "mean": 2.1384843390879236,
          "pstd": 0.9944946302270468,
          "mean_dt": 50.0
        }
      },
      "c": {
        "1": {
          "count": 1070.0,
          "rmse": 0.7785896926617076,
          "mean": 0.26121279956785465,
          "pstd": 0.7334642342070786,
          "mean_dt": 1.0
        },
        "10": {
          "count": 1061.0,
          "rmse": 1.007790406717898,
          "mean": 0.745220759681999,
          "pstd": 0.6784449301244798,
          "mean_dt": 10.0
        },
        "50": {
          "count": 1021.0,
          "rmse": 2.174379467894926,
          "mean": 1.9405390671176157,
          "pstd": 0.9809353696311065,
          "mean_dt": 50.0
        }
      },
      "b": {
        "1": {
          "count": 616.0,
          "rmse": 0.4268414018082447,
          "mean": 0.13792681446618302,
          "pstd": 0.4039427882124378,
          "mean_dt": 1.0
        },
        "10": {
          "count": 607.0,
          "rmse": 0.8047657437094959,
          "mean": 0.6682711163965862,
          "pstd": 0.4483989487480522,
          "mean_dt": 10.0
        },
        "50": {
          "count": 567.0,
          "rmse": 2.3344039108824184,
          "mean": 2.1617523747629273,
          "pstd": 0.8810608885599077,
          "mean_dt": 50.0
        }
      }
    }
  },
  "input_end_team_ts": 1770229091.8775973,
  "input_end_method": "input_end_event",
  "input_end_per_robot_ts": {
    "team": 1770229091.8775973
  },
  "time_from_input_end_to_team_convergence_s": 0.1258096694946289,
  "time_from_input_end_to_team_convergence_method": "stable_window",
  "time_from_input_end_to_team_convergence_per_robot_s": {
    "server": 0.1258096694946289
  },
  "time_from_input_end_to_team_convergence_params": {
    "epsilon": 0.001,
    "required": 3
  },
  "time_from_input_end_to_ddf_stop_team_s": null,
  "time_from_input_end_to_ddf_stop_method": "no_ddf_stop_event",
  "time_from_input_end_to_ddf_stop_per_robot_s": {},
  "stable_team_convergence_s": 0.1258096694946289,
  "stable_team_convergence_method": "stable_window",
  "stable_team_convergence_per_robot_s": {
    "server": 0.1258096694946289
  },
  "stable_team_convergence_params": {
    "epsilon": 0.001,
    "required": 3
  },
  "stable_loop_closure_correction": {
    "count": 284,
    "min": 0.3555004596710205,
    "max": 16.599437713623047,
    "mean": 9.492272975579114,
    "median": 11.498672366142273,
    "p90": 15.04144916534424,
    "p95": 15.678756499290465,
    "p99": 16.511386132240297,
    "stdev": 4.844914064083734
  },
  "stable_loop_closure_correction_params": {
    "epsilon": 0.001,
    "required": 3
  },
  "stable_interface_correction": {
    "count": 3,
    "min": 15.468404293060303,
    "max": 16.60128092765808,
    "mean": 16.039082209269207,
    "median": 16.047561407089233,
    "p90": 16.490537023544313,
    "p95": 16.545908975601197,
    "p99": 16.590206537246704,
    "stdev": 0.462533811305473
  },
  "stable_interface_correction_params": {
    "epsilon": 0.001,
    "required": 3
  },
  "event_time_to_global_convergence_s": 16.443577766418457,
  "event_time_to_global_convergence_method": "last_map_broadcast",
  "event_loop_closure_correction": {
    "count": 284,
    "min": 0.0019372039823792875,
    "max": 0.1980246079619974,
    "mean": 0.058723587175695105,