{
  "loop_closure_correction": {
    "count": 441,
    "min": 0.0046694749617017806,
    "max": 0.9614898819709197,
    "mean": 0.10136278659235179,
    "median": 0.08966609800700098,
    "p90": 0.16874459298560396,
    "p95": 0.22401767497649416,
    "p99": 0.6322333765798248,
    "stdev": 0.10526724640336939
  },
  "interface_correction": {
    "count": 4,
    "min": 0.018279844953212887,
    "max": 0.08202341798460111,
    "mean": 0.048716684977989644,
    "median": 0.04728173848707229,
    "p90": 0.07795873117865995,
    "p95": 0.07999107458163052,
    "p99": 0.081616949304007,
    "stdev": 0.027102218054698833
  },
  "loop_closure_correction_stabilised": {
    "count": 441,
    "min": 0.38748693466186523,
    "max": 20.54866051673889,
    "mean": 10.475451771093875,
    "median": 10.467466115951538,
    "p90": 18.47113847732544,
    "p95": 19.268619298934937,
    "p99": 20.320523166656493,
    "stdev": 6.2840401772035825
  },
  "loop_closure_correction_stabilised_params": {
    "epsilon": 0.001,
    "required": 3
  },
  "interface_correction_stabilised": {
    "count": 4,
    "min": 18.470556259155273,
    "max": 20.788474798202515,
    "mean": 19.679012537002563,
    "median": 19.728509545326233,
    "p90": 20.626148080825807,
    "p95": 20.70731143951416,
    "p99": 20.772242126464842,
    "stdev": 0.8992549698974612
  },
  "interface_correction_stabilised_params": {
    "epsilon": 0.001,
    "required": 3
  },
  "time_to_global_convergence_s": 20.61761784553528,
  "time_to_global_convergence_method": "last_map_broadcast",
  "timeline_start_ts": 1770277450.138631,
  "timeline_end_ts": 1770277470.756249,
  "optimization_duration_s": {
    "count": 263,
    "min": 0.0007053430308587849,
    "max": 0.07355555199319497,
    "mean": 0.010047190460578287,
    "median": 0.004080057027749717,
    "p90": 0.028926149010658295,
    "p95": 0.05799640977638767,
    "p99": 0.06941295589203944,
    "stdev": 0.015960323414609005
  },
  "communication_uplink_messages": 598,
  "communication_uplink_bytes": 7052982,
  "communication_downlink_messages": 263,
  "communication_downlink_bytes": 65260227,
  "communication_uplink_bytes_per_s": 342085.2036758124,
  "communication_downlink_bytes_per_s": 3165265.138238656,
  "delivery_topics": {
    "/c_slam/factor_batch/a": {
      "attempts": 230.0,
      "drops": 0.0,
      "delivered": 230.0,
      "delivery_rate": 1.0
    },
    "/c_slam/factor_batch/b": {
      "attempts": 93.0,
      "drops": 0.0,
      "delivered": 93.0,
      "delivery_rate": 1.0
    },
    "/c_slam/factor_batch/c": {
      "attempts": 188.0,
      "drops": 0.0,
      "delivered": 188.0,
      "delivery_rate": 1.0
    },
    "/c_slam/factor_batch/d": {
      "attempts": 87.0,
      "drops": 0.0,
      "delivered": 87.0,
      "delivery_rate": 1.0
    }
  },
  "delivery_rate": {
    "count": 4,
    "min": 1.0,
    "max": 1.0,
    "mean": 1.0,
    "median": 1.0,
    "p90": 1.0,
    "p95": 1.0,
    "p99": 1.0,
    "stdev": 0.0
  },
  "estimation_metrics": {
    "ate": {
      "a": {
        "matches": 1341,
        "rmse": 1.7573723659481113,
        "R": [
          [
            0.9999789416379609,
            0.00648021464638844,
            -0.00035085433001473716
          ],
          [
            -0.006481869394130941,
            0.9999667866828903,
            -0.004940738836733356
          ],
          [
            0.0003188256288048472,
            0.004942908984809723,
            0.9999877329252529
          ]
        ],
        "t": [
          -1.5455936246269175,
          0.87745337010832,
          -0.23335683182657974
        ],
        "s": 1.0
      },
      "c": {
        "matches": 1064,
        "rmse": 2.2584795635163895,
        "R": [
          [
            0.99998490264195,
            0.0053831920667766365,
            -0.0011026020773283315
          ],
          [
            -0.005387866157763954,
            0.9999763217920041,
            -0.004280975776502292
          ],
          [
            0.0010795306548488735,
            0.004286851817496079,
            0.9999902287097909
          ]
        ],
        "t": [
          -1.0759623127791826,
          0.5970645576738463,
          -0.2255087539737204
        ],
        "s": 1.0
      },
      "d": {
        "matches": 530,
        "rmse": 2.5787975523111686,
        "R": [
          [
            0.9999878651462129,
            0.004873970671582677,
            0.0007169171578613673
          ],
          [
            -0.004869711501095066,
            0.9999711636255455,
            -0.005827334490806368
          ],
          [
            -0.0007452987419714419,
            0.005823772597225375,
            0.9999827639527199
          ]
        ],
        "t": [
          0.12415481802091222,
          0.2727257555856646,
          -0.018635678498831965
        ],
        "s": 1.0
      },
      "b": {
        "matches": 620,
        "rmse": 2.008189992007265,
        "R": [
          [
            0.9999704175873859,
            0.0076894464477702896,
            0.000190691989456402
          ],
          [
            -0.007688793635100875,
            0.9999652701848354,
            -0.003215723340926978
          ],
          [
            -0.00021541249917976252,
            0.0032141620207174273,
            0.9999948113665191
          ]
        ],
        "t": [
          -1.4060619113286776,
          0.9885445444418366,
          -0.29637134483543237
        ],
        "s": 1.0
      }
    },
    "rpe": {
      "a": {
        "1": {
          "count": 1340.0,
          "rmse": 0.14313372636526459,
          "mean": 0.08720613264996793,
          "pstd": 0.11350045837547369,
          "mean_dt": 1.0
        },
        "10": {
          "count": 1331.0,
          "rmse": 0.6296562971710234,
          "mean": 0.5410285817456744,
          "pstd": 0.32211042563286796,
          "mean_dt": 10.0
        },
        "50": {
          "count": 1291.0,
          "rmse": 1.8011205562170427,
          "mean": 1.6067793226878369,
          "pstd": 0.8138153759977783,
          "mean_dt": 50.0
        }
      },
      "c": {
        "1": {
          "count": 1063.0,
          "rmse": 0.51981843345862,
          "mean": 0.18768432693715564,
          "pstd": 0.484753336435677,
          "mean_dt": 1.0
        },
        "10": {
          "count": 1054.0,
          "rmse": 0.8669330641553689,
          "mean": 0.6846128356050101,
          "pstd": 0.5318629551404045,
          "mean_dt": 10.0
        },
        "50": {
          "count": 1014.0,
          "rmse": 2.166833229979817,
          "mean": 1.8813766623227854,
          "pstd": 1.0749828375429702,
          "mean_dt": 50.0
        }
      },
      "d": {
        "1": {
          "count": 529.0,
          "rmse": 0.5397082875161282,
          "mean": 0.1766260646679726,
          "pstd": 0.5099884987855083,
          "mean_dt": 1.0
        },
        "10": {
          "count": 520.0,
          "rmse": 0.9213216219758957,
          "mean": 0.7609520948999219,
          "pstd": 0.5194087411545127,
          "mean_dt": 10.0
        },
        "50": {
          "count": 480.0,
          "rmse": 2.7857951122350033,
          "mean": 2.608379262474959,
          "pstd": 0.9782699169672039,
          "mean_dt": 50.0
        }
      },
      "b": {
        "1": {
          "count": 619.0,
          "rmse": 0.38246051800598696,
          "mean": 0.1351781709278258,
          "pstd": 0.3577749431388611,
          "mean_dt": 1.0
        },
        "10": {
          "count": 610.0,
          "rmse": 0.7745725709693567,
          "mean": 0.6354090834108095,
          "pstd": 0.4429649697404006,
          "mean_dt": 10.0
        },
        "50": {
          "count": 570.0,
          "rmse": 2.1668973853127937,
          "mean": 1.9855672832312043,
          "pstd": 0.8677366203159088,
          "mean_dt": 50.0
        }
      }
    }
  },
  "input_end_team_ts": 1770277470.7563117,