{
  "ate": {
    "d": {
      "matches": 1063,
      "rmse": 2.5367034509413875,
      "R": [
        [
          0.9999800333243434,
          0.0057220658102184515,
          0.002681588243720628
        ],
        [
          -0.0057032700731662654,
          0.999959478663258,
          -0.0069651806851978165
        ],
        [
          -0.002721334804441187,
          0.00694974779171522,
          0.9999721472833697
        ]
      ],
      "t": [
        -0.5310733909403638,
        -0.16758973251269538,
        -0.15380697361387163
      ],
      "s": 1.0
    },
    "b": {
      "matches": 188,
      "rmse": 0.9138692005553234,
      "R": [
        [
          0.9999914133062281,
          0.004088779838628843,
          -0.0006746801047094898
        ],
        [
          -0.004089134343152978,
          0.9999915016936602,
          -0.000524900735478187
        ],
        [
          0.0006725281675267845,
          0.0005276550859031129,
          0.9999996346429202
        ]
      ],
      "t": [
        -0.5564863912443414,
        0.2575505129215836,
        -0.12324261930213964
      ],
      "s": 1.0
    },
    "c": {
      "matches": 703,
      "rmse": 1.7260500144036406,
      "R": [
        [
          0.9999940244461978,
          0.0029617644959481115,
          0.0017829814827322711
        ],
        [
          -0.0029491423416859895,
          0.9999708649371106,
          -0.007040726977739754
        ],
        [
          -0.0018037825106429874,
          0.007035426639311719,
          0.9999736242224877
        ]
      ],
      "t": [
        0.20444558344375707,
        -0.05752293596740543,
        -0.16571680289697088
      ],
      "s": 1.0
    },
    "e": {
      "matches": 533,
      "rmse": 2.4515595898324145,
      "R": [
        [
          0.9999864507549914,
          0.004059957397253814,
          0.0032580749481180143
        ],
        [
          -0.004049393486214804,
          0.9999865443718113,
          -0.003242450881133001
        ],
        [
          -0.003271195321112994,
          0.003229213720899071,
          0.9999894356741553
        ]
      ],
      "t": [
        0.45500127604995555,
        0.3192425925276119,
        0.2175402329778393
      ],
      "s": 1.0
    },
    "a": {
      "matches": 1350,
      "rmse": 1.8840349855392493,
      "R": [
        [
          0.9999943876542869,
          0.0030814850814319997,
          0.0013149561288414002
        ],
        [
          -0.0030737033229051034,
          0.9999779920848235,
          -0.005879429724537907
        ],
        [
          -0.001333044564381952,
          0.005875354942122969,
          0.9999818514335614
        ]
      ],
      "t": [
        0.07907819625948775,
        -0.11238780293858497,
        -0.12436976557657164
      ],
      "s": 1.0
    }
  },
  "rpe": {
    "d": {
      "1": {
        "count": 1062.0,
        "rmse": 0.7522371518819658,
        "mean": 0.20479436405277432,
        "pstd": 0.7238231836047468,
        "mean_dt": 1.0
      },
      "10": {
        "count": 1053.0,
        "rmse": 1.2741646443594625,
        "mean": 0.7388352578834624,
        "pstd": 1.0380838129187615,
        "mean_dt": 10.0
      },
      "50": {
        "count": 1013.0,
        "rmse": 2.7314486245508647,
        "mean": 2.0648366016338078,
        "pstd": 1.7880887553793738,
        "mean_dt": 50.0
      }
    },
    "b": {
      "1": {
        "count": 187.0,
        "rmse": 0.36888578388769744,
        "mean": 0.19017967105622807,
        "pstd": 0.31608292309358615,
        "mean_dt": 1.0
      },
      "10": {
        "count": 178.0,
        "rmse": 0.616305884560767,
        "mean": 0.5229271562658998,
        "pstd": 0.3261596734482802,
        "mean_dt": 10.0
      },
      "50": {
        "count": 138.0,
        "rmse": 1.5950579937170482,
        "mean": 1.4630830868726472,
        "pstd": 0.6352935417803816,
        "mean_dt": 50.0
      }
    },
    "c": {
      "1": {
        "count": 702.0,
        "rmse": 1.6474217982266106,
        "mean": 0.7514067415083204,
        "pstd": 1.4660786097914547,
        "mean_dt": 1.0
      },
      "10": {
        "count": 693.0,
        "rmse": 1.6408572909442736,
        "mean": 1.001549656761891,
        "pstd": 1.299734947704769,
        "mean_dt": 10.0
      },
      "50": {
        "count": 653.0,
        "rmse": 1.9885814970761124,
        "mean": 1.7040477562093637,
        "pstd": 1.0250256655671168,
        "mean_dt": 50.0
      }
    },
    "e": {
      "1": {
        "count": 532.0,
        "rmse": 0.3378268847165831,
        "mean": 0.1484456211039005,
        "pstd": 0.3034648276363981,
        "mean_dt": 1.0
      },
      "10": {
        "count": 523.0,
        "rmse": 0.763103853894312,
        "mean": 0.6195846999423315,
        "pstd": 0.4454686200235906,
        "mean_dt": 10.0
      },
      "50": {
        "count": 483.0,
        "rmse": 2.4774991928947983,
        "mean": 2.1405195336720158,
        "pstd": 1.2474687878912707,
        "mean_dt": 50.0
      }
    },
    "a": {
      "1": {
        "count": 1349.0,
        "rmse": 0.10811977704532026,
        "mean": 0.0796467455076097,
        "pstd": 0.0731182748591336,
        "mean_dt": 1.0
      },
      "10": {
        "count": 1340.0,
        "rmse": 0.4844061659247819,
        "mean": 0.4320620984611749,
        "pstd": 0.2190243745779759,
        "mean_dt": 10.0
      },
      "50": {
        "count": 1300.0,
        "rmse": 1.7129444928720492,
        "mean": 1.5165285997308362,
        "pstd": 0.7964419890105671,
        "mean_dt": 50.0
      }
    }
  }
}