{
  "stats": {
    "topics": {
      "/c_slam/factor_batch/d": {
        "attempts": 171,
        "drops": 0,
        "published": 171,
        "delivered": 171,
        "delivery_rate": 1.0,
        "bytes_attempted": 2024094,
        "bytes_published": 2024094,
        "bytes_delivered": null,
        "drop_reasons": {},
        "delivery_method": "ack",
        "ack_latency_s": {
          "count": 171,
          "min": 0.006965998967643827,
          "max": 9.696236247953493,
          "mean": 2.928744669672107,
          "median": 1.6370647379662842,
          "p90": 6.998303032014519,
          "p95": 7.263064480037428,
          "stdev": 2.92179447452473
        }
      },
      "/c_slam/factor_batch/b": {
        "attempts": 36,
        "drops": 0,
        "published": 36,
        "delivered": 36,
        "delivery_rate": 1.0,
        "bytes_attempted": 420748,
        "bytes_published": 420748,
        "bytes_delivered": null,
        "drop_reasons": {},
        "delivery_method": "ack",
        "ack_latency_s": {
          "count": 36,
          "min": 0.007708250021096319,
          "max": 9.833828758972231,
          "mean": 0.9077430715583937,
          "median": 0.30390491647995077,
          "p90": 1.4115795324905775,
          "p95": 3.800638000771869,
          "stdev": 2.0556869518021896
        }
      },
      "/c_slam/factor_batch/c": {
        "attempts": 126,
        "drops": 0,
        "published": 126,
        "delivered": 126,
        "delivery_rate": 1.0,
        "bytes_attempted": 1489180,
        "bytes_published": 1489180,
        "bytes_delivered": null,
        "drop_reasons": {},
        "delivery_method": "ack",
        "ack_latency_s": {
          "count": 126,
          "min": 0.005187031987588853,
          "max": 9.836581487965304,
          "mean": 2.1115366554868014,
          "median": 0.6494474710198119,
          "p90": 5.618763666483574,
          "p95": 7.736209448252339,
          "stdev": 2.591182391042395
        }
      },
      "/c_slam/factor_batch/a": {
        "attempts": 243,
        "drops": 0,
        "published": 243,
        "delivered": 243,
        "delivery_rate": 1.0,
        "bytes_attempted": 2877836,
        "bytes_published": 2877836,
        "bytes_delivered": null,
        "drop_reasons": {},
        "delivery_method": "ack",
        "ack_latency_s": {
          "count": 243,
          "min": 0.005393307015765458,
          "max": 9.832515642978251,
          "mean": 5.330949389176212,
          "median": 6.297735072963405,
          "p90": 9.064541037008167,
          "p95": 9.377438564924525,
          "stdev": 3.3921849182522075
        }
      },
      "/c_slam/factor_batch/e": {
        "attempts": 88,
        "drops": 0,
        "published": 88,
        "delivered": 88,
        "delivery_rate": 1.0,
        "bytes_attempted": 1036276,
        "bytes_published": 1036276,
        "bytes_delivered": null,
        "drop_reasons": {},
        "delivery_method": "ack",
        "ack_latency_s": {
          "count": 88,
          "min": 0.00871769298100844,
          "max": 10.078654662996996,
          "mean": 1.6154475066624316,
          "median": 0.9595842439739499,
          "p90": 4.232297918398398,
          "p95": 4.69745476154785,
          "stdev": 1.8157042423165906
        }
      }
    },
    "generated_by": {
      "component": "ros2_factor_publisher",
      "pid": 521230
    }
  }
}