{
  "ate": {
    "matches": 703,
    "rmse": 1.8209523223618607,
    "R": [
      [
        0.9999817165105495,
        0.005988683350890433,
        -0.0008380431597344059
      ],
      [
        -0.005989190206286428,
        0.9999818824629338,
        -0.0006036112665093393
      ],
      [
        0.0008344131397142545,
        0.0006086194302738837,
        0.9999994666684083
      ]
    ],
    "t": [
      -0.4622501062870583,
      1.8799756416249949,
      -0.6298093544741299
    ],
    "s": 1.0
  },
  "rpe": {
    "1": {
      "count": 702.0,
      "rmse": 0.822865357122466,
      "mean": 0.3832001319470217,
      "pstd": 0.7281930065772868,
      "mean_dt": 1.0
    },
    "10": {
      "count": 693.0,
      "rmse": 0.9884135137074342,
      "mean": 0.7664800929451305,
      "pstd": 0.6240749483822443,
      "mean_dt": 10.0
    },
    "50": {
      "count": 653.0,
      "rmse": 2.004314197071733,
      "mean": 1.8258964494295404,
      "pstd": 0.8266665328558452,
      "mean_dt": 50.0
    }
  }
}