{
  "ate": {
    "matches": 1062,
    "rmse": 6.223544735944189,
    "R": [
      [
        0.9930265641972834,
        0.11722682037272668,
        -0.012494614193305834
      ],
      [
        -0.11732985948304615,
        0.9930619131741034,
        -0.007857523571614011
      ],
      [
        0.011486812970872517,
        0.009268720963014489,
        0.9998910660364364
      ]
    ],
    "t": [
      -4.910863303646224,
      14.440702693433195,
      -2.936748427992292
    ],
    "s": 1.0
  },
  "rpe": {
    "1": {
      "count": 1061.0,
      "rmse": 1.809903460699544,
      "mean": 0.36851307354948903,
      "pstd": 1.771990025839676,
      "mean_dt": 1.0
    },
    "10": {
      "count": 1052.0,
      "rmse": 3.721795042961089,
      "mean": 1.7516860890629324,
      "pstd": 3.283801788657945,
      "mean_dt": 10.0
    },
    "50": {
      "count": 1012.0,
      "rmse": 6.745011339022871,
      "mean": 4.982994713609512,
      "pstd": 4.545870834910161,
      "mean_dt": 50.0
    }
  }
}