{
  "loop_closure_correction": {
    "count": 512,
    "min": 0.01041267701657489,
    "max": 0.22036089800531045,
    "mean": 0.07529881177833886,
    "median": 0.07049563800683245,
    "p90": 0.11773439178359696,
    "p95": 0.15520853845810037,
    "p99": 0.20330717275734034,
    "stdev": 0.038610262341416214
  },
  "interface_correction": {
    "count": 5,
    "min": 0.01902699301717803,
    "max": 0.17468766402453184,
    "mean": 0.08007275760173797,
    "median": 0.07323501398786902,
    "p90": 0.13413596760947258,
    "p95": 0.15441181581700217,
    "p99": 0.17063249438302588,
    "stdev": 0.05132204298506543
  },
  "loop_closure_correction_stabilised": {
    "count": 512,
    "min": 0.429516077041626,
    "max": 23.55412793159485,
    "mean": 15.02930538263172,
    "median": 16.902902722358704,
    "p90": 22.307285451889037,
    "p95": 22.804457569122313,
    "p99": 23.245707151889803,
    "stdev": 6.814020794266797
  },
  "loop_closure_correction_stabilised_params": {
    "epsilon": 0.001,
    "required": 3
  },
  "interface_correction_stabilised": {
    "count": 5,
    "min": 22.306790351867676,
    "max": 24.5978262424469,
    "mean": 23.187884712219237,
    "median": 22.963142156600952,
    "p90": 24.057822370529173,
    "p95": 24.327824306488036,
    "p99": 24.54382585525513,
    "stdev": 0.768229911046308
  },
  "interface_correction_stabilised_params": {
    "epsilon": 0.001,
    "required": 3
  },
  "time_to_global_convergence_s": 24.388678073883057,
  "time_to_global_convergence_method": "last_map_broadcast",
  "timeline_start_ts": 1770282191.00825,
  "timeline_end_ts": 1770282215.396928,
  "optimization_duration_s": {
    "count": 304,
    "min": 0.0007771459640935063,
    "max": 0.08070672501344234,
    "mean": 0.010756928192054866,
    "median": 0.0048782749800011516,
    "p90": 0.03052042588824406,
    "p95": 0.0562196342682,
    "p99": 0.07658969005162351,
    "stdev": 0.016491425053919897
  },
  "communication_uplink_messages": 637,
  "communication_uplink_bytes": 7521234,
  "communication_downlink_messages": 304,
  "communication_downlink_bytes": 83487240,
  "communication_uplink_bytes_per_s": 308390.39234579157,
  "communication_downlink_bytes_per_s": 3423196.605698914,
  "delivery_topics": {
    "/c_slam/factor_batch/d": {
      "attempts": 176.0,
      "drops": 0.0,
      "delivered": 176.0,
      "delivery_rate": 1.0
    },
    "/c_slam/factor_batch/b": {
      "attempts": 50.0,
      "drops": 0.0,
      "delivered": 50.0,
      "delivery_rate": 1.0
    },
    "/c_slam/factor_batch/c": {
      "attempts": 95.0,
      "drops": 0.0,
      "delivered": 95.0,
      "delivery_rate": 1.0
    },
    "/c_slam/factor_batch/a": {
      "attempts": 233.0,
      "drops": 0.0,
      "delivered": 233.0,
      "delivery_rate": 1.0
    },
    "/c_slam/factor_batch/e": {
      "attempts": 83.0,
      "drops": 0.0,
      "delivered": 83.0,
      "delivery_rate": 1.0
    }
  },
  "delivery_rate": {
    "count": 5,
    "min": 1.0,
    "max": 1.0,
    "mean": 1.0,
    "median": 1.0,
    "p90": 1.0,
    "p95": 1.0,
    "p99": 1.0,
    "stdev": 0.0
  },
  "estimation_metrics": {
    "ate": {
      "d": {
        "matches": 1062,
        "rmse": 2.315518656180608,
        "R": [
          [
            0.9999629710909685,
            0.008599031221946864,
            -0.0003363167630677222
          ],
          [
            -0.008601755974630195,
            0.9999208894387706,
            -0.009177399311934023
          ],
          [
            0.0002573734136402542,
            0.009179952397575825,
            0.9999578302273071
          ]
        ],
        "t": [
          -0.5410553654773196,
          1.1002006550594459,
          -0.18288993190060854
        ],
        "s": 1.0
      },
      "e": {
        "matches": 529,
        "rmse": 2.477857944056474,
        "R": [
          [
            0.9999952545686459,
            0.0030806607427549316,
            1.9224361901252e-05
          ],
          [
            -0.0030806376829071165,
            0.9999946473910329,
            -0.0011022072172725446
          ],
          [
            -2.2619785505405277e-05,
            0.0011021427635301319,
            0.9999993923846525
          ]
        ],
        "t": [
          0.44179719841054066,
          0.3728267443653692,
          -0.04832362720998784
        ],
        "s": 1.0
      },
      "b": {
        "matches": 265,
        "rmse": 1.3001367042476468,
        "R": [
          [
            0.9999759246898651,
            0.006659019360619198,
            -0.0019512820927306343
          ],
          [
            -0.0066615328091897815,
            0.9999769868255415,
            -0.0012844453837429423
          ],
          [
            0.0019426840408574035,
            0.0012974129900026887,
            0.9999972713454031
          ]
        ],
        "t": [
          -0.7824453229281971,
          1.1900062208086926,
          -0.2270432380143177
        ],
        "s": 1.0
      },
      "c": {
        "matches": 624,
        "rmse": 1.5230894262092245,
        "R": [
          [
            0.9999909151868784,
            0.0034044465513602103,
            -0.002565012161566361
          ],
          [
            -0.00342011061345503,
            0.9999753787049924,
            -0.0061273833891951485
          ],
          [
            0.002544088658397024,
            0.006136100348379539,
            0.999977937699334
          ]
        ],
        "t": [
          -0.5727274079632849,
          0.8046889234713746,
          -0.6553065207698481
        ],
        "s": 1.0
      },
      "a": {
        "matches": 1357,
        "rmse": 2.069236758674897,
        "R": [
          [
            0.9999621574503961,
            0.0072481891319448105,
            0.0048111767227835625
          ],
          [
            -0.007213178562066201,
            0.9999476674550942,
            -0.007254819511804102
          ],
          [
            -0.004863509245601343,
            0.007219841094141796,
            0.9999621093683467
          ]
        ],
        "t": [
          -0.3764807302879234,
          1.08706384257313,
          0.06022838405596875
        ],
        "s": 1.0
      }
    },
    "rpe": {
      "d": {
        "1": {
          "count": 1061.0,
          "rmse": 0.6949914173948244,
          "mean": 0.22226192141768258,
          "pstd": 0.6584927551159443,
          "mean_dt": 1.0
        },
        "10": {
          "count": 1052.0,
          "rmse": 1.0697459160711897,
          "mean": 0.7384686636768075,
          "pstd": 0.7739640545389567,
          "mean_dt": 10.0
        },
        "50": {
          "count": 1012.0,
          "rmse": 2.414702852189931,
          "mean": 2.0235129606035174,
          "pstd": 1.3176437920180786,
          "mean_dt": 50.0
        }
      },
      "e": {
        "1": {
          "count": 528.0,
          "rmse": 0.4644784147274157,
          "mean": 0.14961951598377748,
          "pstd": 0.43972059103989364,
          "mean_dt": 1.0
        },
        "10": {
          "count": 519.0,
          "rmse": 0.8114368510493534,
          "mean": 0.6256577693306347,
          "pstd": 0.5167031245474576,
          "mean_dt": 10.0
        },
        "50": {
          "count": 479.0,
          "rmse": 2.37791834821151,
          "mean": 2.0904606579783795,
          "pstd": 1.1333445672899112,
          "mean_dt": 50.0
        }
      },
      "b": {
        "1": {
          "count": 264.0,
          "rmse": 0.38653687182793106,
          "mean": 0.15089490229129657,
          "pstd": 0.35586722488172806,
          "mean_dt": 1.0
        },
        "10": {
          "count": 255.0,
          "rmse": 0.7026929181628638,
          "mean": 0.5815721725590576,
          "pstd": 0.3943997278665126,
          "mean_dt": 10.0
        },
        "50": {
          "count": 215.0,
          "rmse": 2.116787256991076,
          "mean": 1.9873817531741127,