{
  "ate": {
    "matches": 1064,
    "rmse": 3.2608828769859275,
    "R": [
      [
        0.9998242523298411,
        0.017209795057478765,
        0.007435550225304654
      ],
      [
        -0.017226952511282697,
        0.9998490742401978,
        0.0022496329020265868
      ],
      [
        -0.007395712288038909,
        -0.0023773294049119417,
        0.999969825417074
      ]
    ],
    "t": [
      -0.4335053900021393,
      2.918860246380511,
      0.28976588342659326
    ],
    "s": 1.0
  },
  "rpe": {
    "1": {
      "count": 1063.0,
      "rmse": 0.9739479869211963,
      "mean": 0.21012259456690174,
      "pstd": 0.9510116594870558,
      "mean_dt": 1.0
    },
    "10": {
      "count": 1054.0,
      "rmse": 2.804021162956951,
      "mean": 0.9995756420996822,
      "pstd": 2.6198059504534816,
      "mean_dt": 10.0
    },
    "50": {
      "count": 1014.0,
      "rmse": 3.7642177637260854,
      "mean": 2.369398439724194,
      "pstd": 2.924942120210856,
      "mean_dt": 50.0
    }
  }
}