{
  "stats": {
    "topics": {
      "/c_slam/factor_batch/a": {
        "attempts": 230,
        "drops": 0,
        "published": 230,
        "delivered": 230,
        "delivery_rate": 1.0,
        "bytes_attempted": 2716272,
        "bytes_published": 2716272,
        "bytes_delivered": null,
        "drop_reasons": {},
        "delivery_method": "ack",
        "ack_latency_s": {
          "count": 230,
          "min": 0.0025977789773605764,
          "max": 0.05025626701535657,
          "mean": 0.006945800258140282,
          "median": 0.00613099496695213,
          "p90": 0.008198496291879562,
          "p95": 0.016718316008336835,
          "stdev": 0.004980115716135371
        }
      },
      "/c_slam/factor_batch/b": {
        "attempts": 93,
        "drops": 0,
        "published": 93,
        "delivered": 93,
        "delivery_rate": 1.0,
        "bytes_attempted": 1097925,
        "bytes_published": 1097925,
        "bytes_delivered": null,
        "drop_reasons": {},
        "delivery_method": "ack",
        "ack_latency_s": {
          "count": 93,
          "min": 0.002433459972962737,
          "max": 0.050850280036684126,
          "mean": 0.006097555797677287,
          "median": 0.006052192999050021,
          "p90": 0.007313860626891255,
          "p95": 0.007594965829048305,
          "stdev": 0.0048822245390198055
        }
      },
      "/c_slam/factor_batch/c": {
        "attempts": 188,
        "drops": 0,
        "published": 188,
        "delivered": 188,
        "delivery_rate": 1.0,
        "bytes_attempted": 2217944,
        "bytes_published": 2217944,
        "bytes_delivered": null,
        "drop_reasons": {},
        "delivery_method": "ack",
        "ack_latency_s": {
          "count": 188,
          "min": 0.002586718008387834,
          "max": 0.05213626002660021,
          "mean": 0.008005602629558045,
          "median": 0.006297451996942982,
          "p90": 0.01590492239338346,
          "p95": 0.024129407657892447,
          "stdev": 0.007035125842665659
        }
      },
      "/c_slam/factor_batch/d": {
        "attempts": 87,
        "drops": 0,
        "published": 87,
        "delivered": 87,
        "delivery_rate": 1.0,
        "bytes_attempted": 1020836,
        "bytes_published": 1020836,
        "bytes_delivered": null,
        "drop_reasons": {},
        "delivery_method": "ack",
        "ack_latency_s": {
          "count": 87,
          "min": 0.00253569200867787,
          "max": 0.05117063096258789,
          "mean": 0.006641668044753244,
          "median": 0.006226400029845536,
          "p90": 0.007188426016364246,
          "p95": 0.008296632394194607,
          "stdev": 0.005932414212609387
        }
      }
    },
    "generated_by": {
      "component": "ros2_factor_publisher",
      "pid": 467848
    }
  }
}