{
  "ate": {
    "a": {
      "matches": 1355,
      "rmse": 1.7660713406434425,
      "R": [
        [
          0.9999805696020224,
          0.00623211272051694,
          0.000145565970443681
        ],
        [
          -0.006232250736691713,
          0.9999801110594589,
          0.0009677480389526302
        ],
        [
          -0.00013953196042692595,
          -0.0009686364388496599,
          0.9999995211370262
        ]
      ],
      "t": [
        -1.592264079434898,
        1.0009256347702973,
        -0.16573770965731693
      ],
      "s": 1.0
    },
    "c": {
      "matches": 1062,
      "rmse": 2.3062666858681777,
      "R": [
        [
          0.9999666360031911,
          0.008090681624916652,
          0.001125944628350655
        ],
        [
          -0.008084769662841485,
          0.9999540057521318,
          -0.0051597364046485905
        ],
        [
          -0.0011676386258928462,
          0.005150461252246344,
          0.9999860545872269
        ]
      ],
      "t": [
        -1.5520565629214502,
        0.7118513187219193,
        -0.20331259274177427
      ],
      "s": 1.0
    },
    "b": {
      "matches": 607,
      "rmse": 2.006824465652637,
      "R": [
        [
          0.9999729788580262,
          0.007343014082628412,
          0.000348852386526881
        ],
        [
          -0.007341717742643403,
          0.999966632497955,
          -0.0035823276354270753
        ],
        [
          -0.0003751458284696782,
          0.0035796696610877338,
          0.9999935225943839
        ]
      ],
      "t": [
        -1.327212372882542,
        0.8966141582735645,
        -0.3102438056358747
      ],
      "s": 1.0
    },
    "d": {
      "matches": 277,
      "rmse": 2.901141999951754,
      "R": [
        [
          0.9998865891163112,
          0.013879185443361888,
          0.005846119805264368
        ],
        [
          -0.013886161192668025,
          0.9999029163124613,
          0.0011543297471832345
        ],
        [
          -0.0058295310857719475,
          -0.0012353789955941129,
          0.9999822450454093
        ]
      ],
      "t": [
        -0.16706496462123255,
        1.3395707679976203,
        0.5188027921469889
      ],
      "s": 1.0
    }
  },
  "rpe": {
    "a": {
      "1": {
        "count": 1354.0,
        "rmse": 0.13853210135604874,
        "mean": 0.08885878946335042,
        "pstd": 0.10627915431179581,
        "mean_dt": 1.0
      },
      "10": {
        "count": 1345.0,
        "rmse": 0.605906930510046,
        "mean": 0.5341950601745613,
        "pstd": 0.2859350382957675,
        "mean_dt": 10.0
      },
      "50": {
        "count": 1305.0,
        "rmse": 1.8720317487225715,
        "mean": 1.6803297073977979,
        "pstd": 0.8252241772159365,
        "mean_dt": 50.0
      }
    },
    "c": {
      "1": {
        "count": 1061.0,
        "rmse": 0.6645835059443643,
        "mean": 0.22505783000535262,
        "pstd": 0.6253160876921245,
        "mean_dt": 1.0
      },
      "10": {
        "count": 1052.0,
        "rmse": 0.9831855575954658,
        "mean": 0.7024767959165384,
        "pstd": 0.687880943087639,
        "mean_dt": 10.0
      },
      "50": {
        "count": 1012.0,
        "rmse": 2.2499409546256888,
        "mean": 1.8869950271170985,
        "pstd": 1.2253505893977028,
        "mean_dt": 50.0
      }
    },
    "b": {
      "1": {
        "count": 606.0,
        "rmse": 0.10377151971462086,
        "mean": 0.08812609460865417,
        "pstd": 0.05479342800837037,
        "mean_dt": 1.0
      },
      "10": {
        "count": 597.0,
        "rmse": 0.6706639164954148,
        "mean": 0.6043720654920653,
        "pstd": 0.29073096729076414,
        "mean_dt": 10.0
      },
      "50": {
        "count": 557.0,
        "rmse": 2.2057352022101386,
        "mean": 2.0449530706866272,
        "pstd": 0.8267011073890834,
        "mean_dt": 50.0
      }
    },
    "d": {
      "1": {
        "count": 276.0,
        "rmse": 0.6794513739642383,
        "mean": 0.24939028541934172,
        "pstd": 0.6320274164309254,
        "mean_dt": 1.0
      },
      "10": {
        "count": 267.0,
        "rmse": 1.5197527574045586,
        "mean": 1.0002256649522103,
        "pstd": 1.144201495720779,
        "mean_dt": 10.0
      },
      "50": {
        "count": 227.0,
        "rmse": 3.3768684148123054,
        "mean": 3.089175184215383,
        "pstd": 1.363905045149708,
        "mean_dt": 50.0
      }
    }
  }
}