{
  "stats": {
    "topics": {
      "/c_slam/factor_batch/d": {
        "attempts": 176,
        "drops": 0,
        "published": 176,
        "delivered": 175,
        "delivery_rate": 0.9943181818181818,
        "bytes_attempted": 2081737,
        "bytes_published": 2081737,
        "bytes_delivered": null,
        "drop_reasons": {},
        "delivery_method": "ack",
        "ack_latency_s": {
          "count": 175,
          "min": 0.26323295797919855,
          "max": 0.3626428149873391,
          "mean": 0.29848396028358753,
          "median": 0.2870159169542603,
          "p90": 0.33956444538198416,
          "p95": 0.3477296516706701,
          "stdev": 0.022458829165757775
        }
      },
      "/c_slam/factor_batch/b": {
        "attempts": 50,
        "drops": 0,
        "published": 50,
        "delivered": 49,
        "delivery_rate": 0.98,
        "bytes_attempted": 583581,
        "bytes_published": 583581,
        "bytes_delivered": null,
        "drop_reasons": {},
        "delivery_method": "ack",
        "ack_latency_s": {
          "count": 49,
          "min": 0.2834482499747537,
          "max": 0.36286339903017506,
          "mean": 0.2880166814928608,
          "median": 0.28653966198908165,
          "p90": 0.287437345192302,
          "p95": 0.2876236780313775,
          "stdev": 0.010830473318257856
        }
      },
      "/c_slam/factor_batch/c": {
        "attempts": 95,
        "drops": 0,
        "published": 95,
        "delivered": 94,
        "delivery_rate": 0.9894736842105263,
        "bytes_attempted": 1118220,
        "bytes_published": 1118220,
        "bytes_delivered": null,
        "drop_reasons": {},
        "delivery_method": "ack",
        "ack_latency_s": {
          "count": 94,
          "min": 0.28234458598308265,
          "max": 0.36270309798419476,
          "mean": 0.28730196948844366,
          "median": 0.28616754748509265,
          "p90": 0.28724558480316775,
          "p95": 0.28762221354409123,
          "stdev": 0.008777154075214278
        }
      },
      "/c_slam/factor_batch/a": {
        "attempts": 233,
        "drops": 0,
        "published": 233,
        "delivered": 233,
        "delivery_rate": 1.0,
        "bytes_attempted": 2756206,
        "bytes_published": 2756206,
        "bytes_delivered": null,
        "drop_reasons": {},
        "delivery_method": "ack",
        "ack_latency_s": {
          "count": 233,
          "min": 0.13297427300130948,
          "max": 0.38619205297436565,
          "mean": 0.3067281598014389,
          "median": 0.2871193020255305,
          "p90": 0.3499394522048533,
          "p95": 0.3551181492162868,
          "stdev": 0.029609739735943354
        }
      },
      "/c_slam/factor_batch/e": {
        "attempts": 83,
        "drops": 0,
        "published": 83,
        "delivered": 82,
        "delivery_rate": 0.9879518072289156,
        "bytes_attempted": 981501,
        "bytes_published": 981501,
        "bytes_delivered": null,
        "drop_reasons": {},
        "delivery_method": "ack",
        "ack_latency_s": {
          "count": 82,
          "min": 0.28432556899497285,
          "max": 0.3636573209660128,
          "mean": 0.2903568023530392,
          "median": 0.28638779700850137,
          "p90": 0.2872497209755238,
          "p95": 0.34452199258958005,
          "stdev": 0.016214518000304785
        }
      }
    },
    "generated_by": {
      "component": "ros2_factor_publisher",
      "pid": 500902
    }
  }
}