{
  "ate": {
    "matches": 1350,
    "rmse": 2.2180869237089325,
    "R": [
      [
        0.9998952273602468,
        0.0048526225119525195,
        0.013637681509548489
      ],
      [
        -0.004924911298440846,
        0.9999739748205285,
        0.005272089750198404
      ],
      [
        -0.013611743125032785,
        -0.00533870175118923,
        0.9998931036429396
      ]
    ],
    "t": [
      -1.3512451408345925,
      1.2274781477392835,
      0.7263016070609094
    ],
    "s": 1.0
  },
  "rpe": {
    "1": {
      "count": 1349.0,
      "rmse": 0.13623852297885972,
      "mean": 0.0949284829136822,
      "pstd": 0.09772163667872134,
      "mean_dt": 1.0
    },
    "10": {
      "count": 1340.0,
      "rmse": 0.7205093824975874,
      "mean": 0.6462026467208462,
      "pstd": 0.31867837962125245,
      "mean_dt": 10.0
    },
    "50": {
      "count": 1300.0,
      "rmse": 2.439641936129122,
      "mean": 2.1860900623678083,
      "pstd": 1.0829880035053772,
      "mean_dt": 50.0
    }
  }
}