{
  "a": {
    "ate": {
      "matches": 1350,
      "rmse": 2.2180869237089325,
      "R": [
        [
          0.9998952273602468,
          0.0048526225119525195,
          0.013637681509548489
        ],
        [
          -0.004924911298440846,
          0.9999739748205285,
          0.005272089750198404
        ],
        [
          -0.013611743125032785,
          -0.00533870175118923,
          0.9998931036429396
        ]
      ],
      "t": [
        -1.3512451408345925,
        1.2274781477392835,
        0.7263016070609094
      ],
      "s": 1.0
    },
    "rpe": {
      "1": {
        "count": 1349.0,
        "rmse": 0.13623852297885972,
        "mean": 0.0949284829136822,
        "pstd": 0.09772163667872134,
        "mean_dt": 1.0
      },
      "10": {
        "count": 1340.0,
        "rmse": 0.7205093824975874,
        "mean": 0.6462026467208462,
        "pstd": 0.31867837962125245,
        "mean_dt": 10.0
      },
      "50": {
        "count": 1300.0,
        "rmse": 2.439641936129122,
        "mean": 2.1860900623678083,
        "pstd": 1.0829880035053772,
        "mean_dt": 50.0
      }
    }
  },
  "b": {
    "ate": {
      "matches": 187,
      "rmse": 16.253527938827816,
      "R": [
        [
          0.999742480531207,
          0.013101843708001054,
          0.018528742881280973
        ],
        [
          -0.013259377062061825,
          0.9998767651597792,
          0.008404963625280468
        ],
        [
          -0.01841633897482264,
          -0.008648478771861326,
          0.999792999712289
        ]
      ],
      "t": [
        3.4934376223712533,
        3.50169123919949,
        -0.1671734867647201
      ],
      "s": 1.0
    },
    "rpe": {
      "1": {
        "count": 186.0,
        "rmse": 16.347627528834504,
        "mean": 4.416723872400525,
        "pstd": 15.73967839749196,
        "mean_dt": 1.0
      },
      "10": {
        "count": 177.0,
        "rmse": 21.531255737682866,
        "mean": 9.75057878280535,
        "pstd": 19.19690566320019,
        "mean_dt": 10.0
      },
      "50": {
        "count": 137.0,
        "rmse": 20.620674413677353,
        "mean": 10.183788871862816,
        "pstd": 17.930495182459712,
        "mean_dt": 50.0
      }
    }
  },
  "c": {
    "ate": {
      "matches": 703,
      "rmse": 1.5656346851685023,
      "R": [
        [
          0.9999619260152557,
          -0.0025390115849917537,
          0.008348648994399634
        ],
        [
          0.002496455718714706,
          0.999983859275765,
          0.005103811986399025
        ],
        [
          -0.008361472878919569,
          -0.005082775631413655,
          0.999952124435553
        ]
      ],
      "t": [
        -0.2709793529063802,
        -0.24410142829430725,
        0.6605598409379283
      ],
      "s": 1.0
    },
    "rpe": {
      "1": {
        "count": 702.0,
        "rmse": 0.8379255116043492,
        "mean": 0.3796938647567939,
        "pstd": 0.7469616670642879,
        "mean_dt": 1.0
      },
      "10": {
        "count": 693.0,
        "rmse": 0.9728414481632847,
        "mean": 0.7102531333974871,
        "pstd": 0.6648014513849143,
        "mean_dt": 10.0
      },
      "50": {
        "count": 653.0,
        "rmse": 1.7868333592476884,
        "mean": 1.6364411685620421,
        "pstd": 0.7175191673785982,
        "mean_dt": 50.0
      }
    }
  },
  "d": {
    "ate": {
      "matches": 1034,
      "rmse": 6.928606479638463,
      "R": [
        [
          0.9978104134593705,
          -0.06552012817061777,
          0.009027269606355283
        ],
        [
          0.06554126159664059,
          0.9978477229518893,
          -0.0020651460119198717
        ],
        [
          -0.008872531789782395,
          0.002652282834781264,
          0.9999571208683918
        ]
      ],
      "t": [
        6.783776150793656,
        -4.488883249927589,
        -1.3235280912018945
      ],
      "s": 1.0
    },
    "rpe": {
      "1": {
        "count": 1033.0,
        "rmse": 2.14181370665972,
        "mean": 0.47166667117943284,
        "pstd": 2.08923347315085,
        "mean_dt": 1.0
      },
      "10": {
        "count": 1024.0,
        "rmse": 3.8415817703768096,
        "mean": 1.822596389079601,
        "pstd": 3.381699705917931,
        "mean_dt": 10.0
      },
      "50": {
        "count": 984.0,
        "rmse": 7.556872121950948,
        "mean": 5.190951201895529,
        "pstd": 5.4918432139909825,
        "mean_dt": 50.0
      }
    }
  },
  "e": {
    "ate": {
      "matches": 533,
      "rmse": 5.036880742481791,
      "R": [
        [
          0.9992882736723377,
          -0.03752849683256875,
          0.003815498191054933
        ],
        [
          0.037505587121980384,
          0.9992789508478932,
          0.005908411543616217
        ],
        [
          -0.00403448083321953,
          -0.005761103871747601,
          0.9999752660174077
        ]
      ],
      "t": [
        1.941430238636059,
        -2.2846412830584484,
        0.19845354399768755
      ],
      "s": 1.0
    },
    "rpe": {
      "1": {
        "count": 532.0,
        "rmse": 0.9712500036749425,
        "mean": 0.2840309507580658,
        "pstd": 0.9287911437185677,
        "mean_dt": 1.0
      },
      "10": {
        "count": 523.0,
        "rmse": 1.5536907036682799,
        "mean": 1.2215298964658656,
        "pstd": 0.9601143237684391,
        "mean_dt": 10.0
      },
      "50": {
        "count": 483.0,
        "rmse": 4.587204834254532,
        "mean": 4.1066920860157845,
        "pstd": 2.0439002671518645,
        "mean_dt": 50.0
      }
    }
  }
}