{
  "ate": {
    "matches": 703,
    "rmse": 1.5656346851685023,
    "R": [
      [
        0.9999619260152557,
        -0.0025390115849917537,
        0.008348648994399634
      ],
      [
        0.002496455718714706,
        0.999983859275765,
        0.005103811986399025
      ],
      [
        -0.008361472878919569,
        -0.005082775631413655,
        0.999952124435553
      ]
    ],
    "t": [
      -0.2709793529063802,
      -0.24410142829430725,
      0.6605598409379283
    ],
    "s": 1.0
  },
  "rpe": {
    "1": {
      "count": 702.0,
      "rmse": 0.8379255116043492,
      "mean": 0.3796938647567939,
      "pstd": 0.7469616670642879,
      "mean_dt": 1.0
    },
    "10": {
      "count": 693.0,
      "rmse": 0.9728414481632847,
      "mean": 0.7102531333974871,
      "pstd": 0.6648014513849143,
      "mean_dt": 10.0
    },
    "50": {
      "count": 653.0,
      "rmse": 1.7868333592476884,
      "mean": 1.6364411685620421,
      "pstd": 0.7175191673785982,
      "mean_dt": 50.0
    }
  }
}