{
  "ate": {
    "matches": 187,
    "rmse": 16.253527938827816,
    "R": [
      [
        0.999742480531207,
        0.013101843708001054,
        0.018528742881280973
      ],
      [
        -0.013259377062061825,
        0.9998767651597792,
        0.008404963625280468
      ],
      [
        -0.01841633897482264,
        -0.008648478771861326,
        0.999792999712289
      ]
    ],
    "t": [
      3.4934376223712533,
      3.50169123919949,
      -0.1671734867647201
    ],
    "s": 1.0
  },
  "rpe": {
    "1": {
      "count": 186.0,
      "rmse": 16.347627528834504,
      "mean": 4.416723872400525,
      "pstd": 15.73967839749196,
      "mean_dt": 1.0
    },
    "10": {
      "count": 177.0,
      "rmse": 21.531255737682866,
      "mean": 9.75057878280535,
      "pstd": 19.19690566320019,
      "mean_dt": 10.0
    },
    "50": {
      "count": 137.0,
      "rmse": 20.620674413677353,
      "mean": 10.183788871862816,
      "pstd": 17.930495182459712,
      "mean_dt": 50.0
    }
  }
}