{
  "stats": {
    "topics": {
      "/c_slam/factor_batch/d": {
        "attempts": 171,
        "drops": 0,
        "published": 171,
        "delivered": 161,
        "delivery_rate": 0.9415204678362573,
        "bytes_attempted": 2024084,
        "bytes_published": 2024084,
        "bytes_delivered": null,
        "drop_reasons": {},
        "delivery_method": "ack",
        "ack_latency_s": {
          "count": 161,
          "min": 0.0029388080001808703,
          "max": 0.03231718495953828,
          "mean": 0.007505529509894897,
          "median": 0.006730650959070772,
          "p90": 0.0070585020002909005,
          "p95": 0.007967053970787674,
          "stdev": 0.0041167648608375325
        }
      },
      "/c_slam/factor_batch/b": {
        "attempts": 36,
        "drops": 0,
        "published": 36,
        "delivered": 36,
        "delivery_rate": 1.0,
        "bytes_attempted": 420750,
        "bytes_published": 420750,
        "bytes_delivered": null,
        "drop_reasons": {},
        "delivery_method": "ack",
        "ack_latency_s": {
          "count": 36,
          "min": 0.0033918260014615953,
          "max": 0.05492650996893644,
          "mean": 0.007743756831688289,
          "median": 0.006615232530748472,
          "p90": 0.006818738504080102,
          "p95": 0.00705959924380295,
          "stdev": 0.008007218291323033
        }
      },
      "/c_slam/factor_batch/c": {
        "attempts": 126,
        "drops": 0,
        "published": 126,
        "delivered": 126,
        "delivery_rate": 1.0,
        "bytes_attempted": 1489182,
        "bytes_published": 1489182,
        "bytes_delivered": null,
        "drop_reasons": {},
        "delivery_method": "ack",
        "ack_latency_s": {
          "count": 126,
          "min": 0.003054897009860724,
          "max": 0.04801046702777967,
          "mean": 0.007092771040911358,
          "median": 0.00669699750142172,
          "p90": 0.006999469973379746,
          "p95": 0.007248361493111588,
          "stdev": 0.003954487154527296
        }
      },
      "/c_slam/factor_batch/a": {
        "attempts": 243,
        "drops": 0,
        "published": 243,
        "delivered": 243,
        "delivery_rate": 1.0,
        "bytes_attempted": 2877851,
        "bytes_published": 2877851,
        "bytes_delivered": null,
        "drop_reasons": {},
        "delivery_method": "ack",
        "ack_latency_s": {
          "count": 243,
          "min": 0.003285042999777943,
          "max": 0.051313214004039764,
          "mean": 0.008054005145957624,
          "median": 0.00679541495628655,
          "p90": 0.011936792766209696,
          "p95": 0.017560482601402316,
          "stdev": 0.004501440722793649
        }
      },
      "/c_slam/factor_batch/e": {
        "attempts": 88,
        "drops": 0,
        "published": 88,
        "delivered": 88,
        "delivery_rate": 1.0,
        "bytes_attempted": 1036269,
        "bytes_published": 1036269,
        "bytes_delivered": null,
        "drop_reasons": {},
        "delivery_method": "ack",
        "ack_latency_s": {
          "count": 88,
          "min": 0.0038800499751232564,
          "max": 0.051309335976839066,
          "mean": 0.007123283621198921,
          "median": 0.006711730471579358,
          "p90": 0.006911381374811754,
          "p95": 0.006979283379041589,
          "stdev": 0.004758146923506854
        }
      }
    },
    "generated_by": {
      "component": "ros2_factor_publisher",
      "pid": 479465
    }
  }
}