{
  "loop_closure_correction": {
    "count": 0
  },
  "interface_correction": {
    "count": 0
  },
  "loop_closure_correction_stabilised": {
    "count": 0
  },
  "loop_closure_correction_stabilised_params": {
    "epsilon": 0.001,
    "required": 3
  },
  "interface_correction_stabilised": {
    "count": 26329,
    "min": 0.09011244773864746,
    "max": 8.829345941543579,
    "mean": 1.2485493959307132,
    "median": 0.8727760314941406,
    "p90": 2.211175870895386,
    "p95": 2.737741661071777,
    "p99": 8.637730979919434,
    "stdev": 1.3714931752931516
  },
  "interface_correction_stabilised_params": {
    "epsilon": 0.001,
    "required": 3
  },
  "time_to_global_convergence_s": 0.10850071907043457,
  "time_to_global_convergence_method": "delta_threshold",
  "timeline_start_ts": 1770253369.8535564,
  "timeline_end_ts": 1770253369.962057,
  "optimization_duration_s": {
    "count": 505,
    "min": 0.0006101569742895663,
    "max": 0.06548833899432793,
    "mean": 0.005309359191704799,
    "median": 0.0019383039907552302,
    "p90": 0.012692943192087141,
    "p95": 0.02661487598670646,
    "p99": 0.037445612240117006,
    "stdev": 0.008002918578176844
  },
  "communication_uplink_messages": 37263,
  "communication_uplink_bytes": 50390370,
  "communication_downlink_messages": 0,
  "communication_downlink_bytes": 0,
  "communication_uplink_bytes_per_s": 464424295.3568674,
  "communication_downlink_bytes_per_s": 0.0,
  "delivery_topics": {
    "/c_slam/factor_batch/d": {
      "attempts": 176.0,
      "drops": 0.0,
      "delivered": 176.0,
      "delivery_rate": 1.0
    },
    "/c_slam/factor_batch/b": {
      "attempts": 50.0,
      "drops": 0.0,
      "delivered": 50.0,
      "delivery_rate": 1.0
    },
    "/c_slam/factor_batch/c": {
      "attempts": 95.0,
      "drops": 0.0,
      "delivered": 95.0,
      "delivery_rate": 1.0
    },
    "/c_slam/factor_batch/a": {
      "attempts": 233.0,
      "drops": 0.0,
      "delivered": 233.0,
      "delivery_rate": 1.0
    },
    "/c_slam/factor_batch/e": {
      "attempts": 83.0,
      "drops": 0.0,
      "delivered": 83.0,
      "delivery_rate": 1.0
    },
    "/c_slam/iface/run_1a4c4ece/a": {
      "attempts": 2020.0,
      "drops": 0.0,
      "delivered": 2015.0,
      "delivery_rate": 0.9975247524752475
    },
    "/c_slam/iface/run_1a4c4ece/d": {
      "attempts": 10201.0,
      "drops": 0.0,
      "delivered": 6159.0,
      "delivery_rate": 0.6037643368297225
    },
    "/c_slam/iface/run_1a4c4ece/e": {
      "attempts": 17473.0,
      "drops": 0.0,
      "delivered": 3672.0,
      "delivery_rate": 0.2101528071882333
    },
    "/c_slam/iface/run_1a4c4ece/c": {
      "attempts": 3434.0,
      "drops": 0.0,
      "delivered": 1624.0,
      "delivery_rate": 0.47291788002329643
    },
    "/c_slam/iface/run_1a4c4ece/b": {
      "attempts": 14443.0,
      "drops": 0.0,
      "delivered": 2658.0,
      "delivery_rate": 0.18403378799418404
    }
  },
  "delivery_rate": {
    "count": 10,
    "min": 0.18403378799418404,
    "max": 1.0,
    "mean": 0.7468393564510684,
    "median": 0.9987623762376238,
    "p90": 1.0,
    "p95": 1.0,
    "p99": 1.0,
    "stdev": 0.3291778731209148
  },
  "estimation_metrics": {
    "a": {
      "ate": {
        "matches": 1357,
        "rmse": 2.422537288793938,
        "R": [
          [
            0.9991770884253761,
            0.04052438051539821,
            -0.0017089615653683604
          ],
          [
            -0.040522547414608645,
            0.99917802536376,
            0.0010939749582444258
          ],
          [
            0.00175188949978953,
            -0.0010238232375265194,
            0.9999979413324606
          ]
        ],
        "t": [
          -1.9109933589088683,
          6.271683848397188,
          -0.7434299306136367
        ],
        "s": 1.0
      },
      "rpe": {
        "1": {
          "count": 1356.0,
          "rmse": 0.10961832850872996,
          "mean": 0.09309967163899367,
          "pstd": 0.057867340406825285,
          "mean_dt": 1.0
        },
        "10": {
          "count": 1347.0,
          "rmse": 0.7233085740985227,
          "mean": 0.6590604787817032,
          "pstd": 0.29801774892188937,
          "mean_dt": 10.0
        },
        "50": {
          "count": 1307.0,
          "rmse": 2.595363383683022,
          "mean": 2.2895896144344667,
          "pstd": 1.2221663106289609,
          "mean_dt": 50.0
        }
      }
    },
    "b": {
      "ate": {
        "matches": 265,
        "rmse": 1.6131474157395078,
        "R": [
          [
            0.999030427361261,
            0.04400974163841544,
            0.0011609682572366739
          ],
          [
            -0.044007422094332685,
            0.999029295010884,
            -0.0019530772303115694
          ],
          [
            -0.0012457957238630312,
            0.0019000923599333981,
            0.9999974188176874
          ]
        ],
        "t": [
          -2.6788803189337784,
          6.6452279050885465,
          -0.1369745394929085
        ],
        "s": 1.0
      },
      "rpe": {
        "1": {
          "count": 264.0,
          "rmse": 0.45510231435372284,
          "mean": 0.179000280250745,
          "pstd": 0.4184220551073634,
          "mean_dt": 1.0
        },
        "10": {
          "count": 255.0,
          "rmse": 1.0284558923299614,
          "mean": 0.8713218617465455,
          "pstd": 0.5463695962539927,
          "mean_dt": 10.0
        },
        "50": {
          "count": 215.0,
          "rmse": 2.879161011973044,
          "mean": 2.7369346676258774,
          "pstd": 0.893731927377145,
          "mean_dt": 50.0
        }
      }
    },
    "c": {
      "ate": {
        "matches": 624,
        "rmse": 2.669248256220785,
        "R": [
          [
            0.9999443097122248,
            0.00799968701374485,
            -0.006883493431639684
          ],
          [
            -0.008039711486184088,
            0.9999508216228494,
            -0.005806666428159767
          ],
          [
            0.006836703398585092,
            0.0058616843544428004,
            0.9999594492494026
          ]
        ],
        "t": [
          -0.6276630066672766,
          2.6292369546201826,
          -1.6701286648535794
        ],
        "s": 1.0
      },
      "rpe": {
        "1": {
          "count": 623.0,
          "rmse": 0.25338728486735235,
          "mean": 0.12256093208692852,
          "pstd": 0.22177451174206672,
          "mean_dt": 1.0
        },
        "10": {
          "count": 614.0,
          "rmse": 0.8820923133781222,
          "mean": 0.7353139384667433,
          "pstd": 0.4872373766628479,
          "mean_dt": 10.0
        },
        "50": {
          "count": 574.0,
          "rmse": 2.8358378960676416,
          "mean": 2.4986373203426058,
          "pstd": 1.3411890672699622,
          "mean_dt": 50.0
        }
      }
    },
    "d": {
      "ate": {
        "matches": 1062,
        "rmse": 2.599222763457449,
        "R": [
          [
            0.9992214834433503,
            0.03881698433742306,
            0.007047606133935112
          ],
          [
            -0.038851749225301616,
            0.9992331436060242,
            0.004864802293802775
          ],
          [
            -0.006853364677665859,
            -0.005134826790826538,
            0.9999633318009332
          ]
        ],
        "t": [
          -2.2643507923969537,
          6.1360942861334,
          0.49270568803093795
        ],
        "s": 1.0
      },
      "rpe": {
        "1": {
          "count": 1061.0,
          "rmse": 0.6013189117330318,
          "mean": 0.18978784441410332,
          "pstd": 0.5705830419145367,
          "mean_dt": 1.0
        },
        "10": {
          "count": 1052.0,
          "rmse": 0.9122898898406254,
          "mean": 0.7016915453609799,
          "pstd": 0.5830109932705732,
          "mean_dt": 10.0
        },
        "50": {
          "count": 1012.0,