{
  "ate": {
    "matches": 1020,
    "rmse": 3.053578869015381,
    "R": [
      [
        0.999824145542742,
        0.013737826074969912,
        0.012765191908426846
      ],
      [
        -0.013591203987371354,
        0.9998414708393796,
        -0.01150271115515513
      ],
      [
        -0.012921190498508595,
        0.011327194024962552,
        0.9998523578567096
      ]
    ],
    "t": [
      -1.8476713802360365,
      1.755751370958464,
      1.1132921317844806
    ],
    "s": 1.0
  },
  "rpe": {
    "1": {
      "count": 1019.0,
      "rmse": 0.620953675535191,
      "mean": 0.17245429130524012,
      "pstd": 0.596525761867055,
      "mean_dt": 1.0
    },
    "10": {
      "count": 1010.0,
      "rmse": 1.0576536333841318,
      "mean": 0.8474571358282833,
      "pstd": 0.6328093007726566,
      "mean_dt": 10.0
    },
    "50": {
      "count": 970.0,
      "rmse": 2.844674124871524,
      "mean": 2.4954748756205154,
      "pstd": 1.3655680216892665,
      "mean_dt": 50.0
    }
  }
}