{
  "a": {
    "ate": {
      "matches": 596,
      "rmse": 2.9336862908494004,
      "R": [
        [
          0.9999675787275878,
          0.0013919460690573907,
          0.007931202924339175
        ],
        [
          -0.0014279394133242685,
          0.9999887003073127,
          0.004534340825745262
        ],
        [
          -0.007924801746295312,
          -0.004545519093896867,
          0.9999582670159035
        ]
      ],
      "t": [
        -2.430821129329246,
        0.6977479759476637,
        0.8539359975423002
      ],
      "s": 1.0
    },
    "rpe": {
      "1": {
        "count": 595.0,
        "rmse": 1.3221098952306263,
        "mean": 0.17612302688236114,
        "pstd": 1.3103263923422042,
        "mean_dt": 1.0
      },
      "10": {
        "count": 586.0,
        "rmse": 1.5583856822309377,
        "mean": 0.7820376727813216,
        "pstd": 1.3479551227445064,
        "mean_dt": 10.0
      },
      "50": {
        "count": 546.0,
        "rmse": 2.932821354262379,
        "mean": 2.4701544418448944,
        "pstd": 1.5810686668994975,
        "mean_dt": 50.0
      }
    }
  },
  "b": {
    "ate": {
      "matches": 1020,
      "rmse": 3.053578869015381,
      "R": [
        [
          0.999824145542742,
          0.013737826074969912,
          0.012765191908426846
        ],
        [
          -0.013591203987371354,
          0.9998414708393796,
          -0.01150271115515513
        ],
        [
          -0.012921190498508595,
          0.011327194024962552,
          0.9998523578567096
        ]
      ],
      "t": [
        -1.8476713802360365,
        1.755751370958464,
        1.1132921317844806
      ],
      "s": 1.0
    },
    "rpe": {
      "1": {
        "count": 1019.0,
        "rmse": 0.620953675535191,
        "mean": 0.17245429130524012,
        "pstd": 0.596525761867055,
        "mean_dt": 1.0
      },
      "10": {
        "count": 1010.0,
        "rmse": 1.0576536333841318,
        "mean": 0.8474571358282833,
        "pstd": 0.6328093007726566,
        "mean_dt": 10.0
      },
      "50": {
        "count": 970.0,
        "rmse": 2.844674124871524,
        "mean": 2.4954748756205154,
        "pstd": 1.3655680216892665,
        "mean_dt": 50.0
      }
    }
  },
  "c": {
    "ate": {
      "matches": 561,
      "rmse": 5.511593461046726,
      "R": [
        [
          0.9987190530564749,
          -0.04739831803424246,
          0.017710237420820226
        ],
        [
          0.04750204794869376,
          0.9988560929441712,
          -0.005482793903131597
        ],
        [
          -0.017430103346137336,
          0.006317043282185941,
          0.999828128460844
        ]
      ],
      "t": [
        1.5296630095029684,
        -3.4004399834816077,
        1.3827483214700287
      ],
      "s": 1.0
    },
    "rpe": {
      "1": {
        "count": 560.0,
        "rmse": 1.9141266842788958,
        "mean": 0.5378041672114656,
        "pstd": 1.8370214046653082,
        "mean_dt": 1.0
      },
      "10": {
        "count": 551.0,
        "rmse": 2.3177772353257993,
        "mean": 1.474122444020121,
        "pstd": 1.7885900404035155,
        "mean_dt": 10.0
      },
      "50": {
        "count": 511.0,
        "rmse": 5.66497057456795,
        "mean": 4.616586142447658,
        "pstd": 3.2831423971678366,
        "mean_dt": 50.0
      }
    }
  }
}