{
  "loop_closure_correction": {
    "count": 441,
    "min": 0.0018026679754257202,
    "max": 0.994890158995986,
    "mean": 0.10612384493984367,
    "median": 0.09065683296648785,
    "p90": 0.1784989390289411,
    "p95": 0.23151454696198925,
    "p99": 0.6484960689675063,
    "stdev": 0.10864687087859429
  },
  "interface_correction": {
    "count": 4,
    "min": 0.015288533002603799,
    "max": 0.07995921303518116,
    "mean": 0.04387062152090948,
    "median": 0.04011737002292648,
    "p90": 0.07440915572224185,
    "p95": 0.0771841843787115,
    "p99": 0.07940420730388723,
    "stdev": 0.02765152903868448
  },
  "loop_closure_correction_stabilised": {
    "count": 441,
    "min": 0.39873671531677246,
    "max": 21.646708250045776,
    "mean": 11.142360042282244,
    "median": 11.165238618850708,
    "p90": 19.552825450897217,
    "p95": 20.34715223312378,
    "p99": 21.426126384735106,
    "stdev": 6.6531654017179465
  },
  "loop_closure_correction_stabilised_params": {
    "epsilon": 0.001,
    "required": 3
  },
  "interface_correction_stabilised": {
    "count": 4,
    "min": 19.552562475204468,
    "max": 21.879683256149292,
    "mean": 20.753848910331726,
    "median": 20.791574954986572,
    "p90": 21.71397180557251,
    "p95": 21.796827530860902,
    "p99": 21.863112111091613,
    "stdev": 0.9065685879256328
  },
  "interface_correction_stabilised_params": {
    "epsilon": 0.001,
    "required": 3
  },
  "time_to_global_convergence_s": 21.703118562698364,
  "time_to_global_convergence_method": "last_map_broadcast",
  "timeline_start_ts": 1770233491.6377838,
  "timeline_end_ts": 1770233513.3409023,
  "optimization_duration_s": {
    "count": 263,
    "min": 0.0003868549829348922,
    "max": 0.09386587602784857,
    "mean": 0.011041361921132248,
    "median": 0.004757406015414745,
    "p90": 0.032758283219300265,
    "p95": 0.0640566861256956,
    "p99": 0.08075767899048511,
    "stdev": 0.01781550451326801
  },
  "communication_uplink_messages": 598,
  "communication_uplink_bytes": 7052961,
  "communication_downlink_messages": 263,
  "communication_downlink_bytes": 65261494,
  "communication_uplink_bytes_per_s": 324974.5413141723,
  "communication_downlink_bytes_per_s": 3007009.9746939773,
  "delivery_topics": {
    "/c_slam/factor_batch/a": {
      "attempts": 230.0,
      "drops": 0.0,
      "delivered": 230.0,
      "delivery_rate": 1.0
    },
    "/c_slam/factor_batch/b": {
      "attempts": 93.0,
      "drops": 0.0,
      "delivered": 93.0,
      "delivery_rate": 1.0
    },
    "/c_slam/factor_batch/c": {
      "attempts": 188.0,
      "drops": 0.0,
      "delivered": 188.0,
      "delivery_rate": 1.0
    },
    "/c_slam/factor_batch/d": {
      "attempts": 87.0,
      "drops": 0.0,
      "delivered": 87.0,
      "delivery_rate": 1.0
    }
  },
  "delivery_rate": {
    "count": 4,
    "min": 1.0,
    "max": 1.0,
    "mean": 1.0,
    "median": 1.0,
    "p90": 1.0,
    "p95": 1.0,
    "p99": 1.0,
    "stdev": 0.0
  },
  "estimation_metrics": {
    "ate": {
      "a": {
        "matches": 1341,
        "rmse": 1.7573726763670963,
        "R": [
          [
            0.9999789417159954,
            0.006480208915923088,
            -0.0003507377428081785
          ],
          [
            -0.006481862980755728,
            0.9999667883785306,
            -0.004940404055066239
          ],
          [
            0.00031871124383312096,
            0.004942573452625644,
            0.9999877346201848
          ]
        ],
        "t": [
          -1.5455929758405205,
          0.8774499501095079,
          -0.23332030216995037
        ],
        "s": 1.0
      },
      "c": {
        "matches": 1064,
        "rmse": 2.258476356985504,
        "R": [
          [
            0.9999849024938401,
            0.005383236714811356,
            -0.0011025184158445526
          ],
          [
            -0.005387910092688686,
            0.9999763229595006,
            -0.0042806477582752606
          ],
          [
            0.0010794485712958505,
            0.004286523401269476,
            0.9999902302062317
          ]
        ],
        "t": [
          -1.0759585570469312,
          0.5970596749587145,
          -0.22548054400542838
        ],
        "s": 1.0
      },
      "d": {
        "matches": 530,
        "rmse": 2.578787385958795,
        "R": [
          [
            0.9999878651727245,
            0.004873965437141919,
            0.0007169157649147837
          ],
          [
            -0.004869706420243071,
            0.9999711647870527,
            -0.005827139418699442
          ],
          [
            -0.0007452963686201877,
            0.005823577538065897,
            0.9999827650904696
          ]
        ],
        "t": [
          0.12415390267406679,
          0.27272444264113815,
          -0.018616026486865778
        ],
        "s": 1.0
      },
      "b": {
        "matches": 620,
        "rmse": 2.0081879139568097,
        "R": [
          [
            0.9999704173897935,
            0.007689469765307245,
            0.00019078786831050508
          ],
          [
            -0.007688816708009562,
            0.9999652709573514,
            -0.003215427937497274
          ],
          [
            -0.0002155061783383947,
            0.0032138658837963865,
            0.999994812298128
          ]
        ],
        "t": [
          -1.406055024936876,
          0.9885454078676474,
          -0.29634135636491
        ],
        "s": 1.0
      }
    },
    "rpe": {
      "a": {
        "1": {
          "count": 1340.0,
          "rmse": 0.14313372018432113,
          "mean": 0.08720642844647476,
          "pstd": 0.11350022330997167,
          "mean_dt": 1.0
        },
        "10": {
          "count": 1331.0,
          "rmse": 0.6296548572595848,
          "mean": 0.541027373150779,
          "pstd": 0.3221096409177413,
          "mean_dt": 10.0
        },
        "50": {
          "count": 1291.0,
          "rmse": 1.8011200115930017,
          "mean": 1.6067788264367415,
          "pstd": 0.8138151504336472,
          "mean_dt": 50.0
        }
      },
      "c": {
        "1": {
          "count": 1063.0,
          "rmse": 0.5198169682987708,
          "mean": 0.18768367713492146,
          "pstd": 0.48475201687918756,
          "mean_dt": 1.0
        },
        "10": {
          "count": 1054.0,
          "rmse": 0.8669292252586803,
          "mean": 0.6846094222129373,
          "pstd": 0.5318610914749119,
          "mean_dt": 10.0
        },
        "50": {
          "count": 1014.0,
          "rmse": 2.1668244459641506,
          "mean": 1.8813692067392498,
          "pstd": 1.0749781800395606,
          "mean_dt": 50.0
        }
      },
      "d": {
        "1": {
          "count": 529.0,
          "rmse": 0.5397098849622113,
          "mean": 0.17662633387673565,
          "pstd": 0.5099900960873527,
          "mean_dt": 1.0
        },
        "10": {
          "count": 520.0,
          "rmse": 0.9213202455173837,
          "mean": 0.7609501854135169,
          "pstd": 0.519409097070263,
          "mean_dt": 10.0
        },
        "50": {
          "count": 480.0,
          "rmse": 2.7857867535209118,
          "mean": 2.608370279897775,
          "pstd": 0.9782700644702266,
          "mean_dt": 50.0
        }
      },
      "b": {
        "1": {
          "count": 619.0,
          "rmse": 0.3824604849093757,
          "mean": 0.13517817773316454,
          "pstd": 0.3577749051874037,
          "mean_dt": 1.0
        },
        "10": {
          "count": 610.0,
          "rmse": 0.7745708059889785,
          "mean": 0.6354073289988872,
          "pstd": 0.4429644000875418,
          "mean_dt": 10.0
        },
        "50": {
          "count": 570.0,
          "rmse": 2.1668893616379927,
          "mean": 1.985561126536886,
          "pstd": 0.8677306715597186,
          "mean_dt": 50.0
        }
      }
    }
  },
  "input_end_team_ts": 1770233513.340981,