{
  "ate": {
    "a": {
      "matches": 722,
      "rmse": 2.5384384885929028,
      "R": [
        [
          0.9999719391801334,
          0.007327671636341749,
          0.0015575881079770938
        ],
        [
          -0.007326241333884234,
          0.9999727376701845,
          -0.0009220110168396307
        ],
        [
          -0.0015643018384728748,
          0.0009105738780767619,
          0.9999983619061436
        ]
      ],
      "t": [
        -1.2278208816789373,
        1.8118548610266512,
        0.008857411687174022
      ],
      "s": 1.0
    },
    "c": {
      "matches": 542,
      "rmse": 3.4288122936509255,
      "R": [
        [
          0.9999863817958202,
          -0.0028035425088506925,
          0.004401860095997219
        ],
        [
          0.002818673605744285,
          0.9999901278790232,
          -0.0034349997960606143
        ],
        [
          -0.00439218647235569,
          0.0034473604244007958,
          0.9999844120805564
        ]
      ],
      "t": [
        -1.6034016470520953,
        2.610138769266861,
        0.06895216694590545
      ],
      "s": 1.0
    },
    "d": {
      "matches": 274,
      "rmse": 3.6982613443955943,
      "R": [
        [
          0.999779531569149,
          -0.012681120809909824,
          0.016735514045805727
        ],
        [
          0.012682275545551472,
          0.999919576020056,
          3.7132981974784957e-05
        ],
        [
          -0.016734638996990216,
          0.000175119605200863,
          0.9998599507884911
        ]
      ],
      "t": [
        2.796898530460396,
        -2.1516228985063783,
        1.5842837038097457
      ],
      "s": 1.0
    },
    "b": {
      "matches": 615,
      "rmse": 2.5059115450705667,
      "R": [
        [
          0.9999454572759159,
          0.010429660604823001,
          0.0005519537371652177
        ],
        [
          -0.010429845523155937,
          0.9999455521631783,
          0.000333213805830887
        ],
        [
          -0.0005484483775745359,
          -0.00033895242365673123,
          0.9999997921577943
        ]
      ],
      "t": [
        -1.1388427531632885,
        1.465171070588724,
        -0.3459131977066594
      ],
      "s": 1.0
    }
  },
  "rpe": {
    "a": {
      "1": {
        "count": 721.0,
        "rmse": 0.20076621555148969,
        "mean": 0.1194055523430432,
        "pstd": 0.16139822606373336,
        "mean_dt": 1.0
      },
      "10": {
        "count": 712.0,
        "rmse": 1.0267658830257191,
        "mean": 0.8664137363123057,
        "pstd": 0.5509767836079261,
        "mean_dt": 10.0
      },
      "50": {
        "count": 672.0,
        "rmse": 3.198955375606594,
        "mean": 2.6052114438798326,
        "pstd": 1.8563913455411003,
        "mean_dt": 50.0
      }
    },
    "c": {
      "1": {
        "count": 541.0,
        "rmse": 1.1266931488018894,
        "mean": 0.3693432062370496,
        "pstd": 1.0644355535041334,
        "mean_dt": 1.0
      },
      "10": {
        "count": 532.0,
        "rmse": 1.8877778530265785,
        "mean": 1.059498195340186,
        "pstd": 1.5624240130158422,
        "mean_dt": 10.0
      },
      "50": {
        "count": 492.0,
        "rmse": 3.2112356061629326,
        "mean": 2.4494788384162782,
        "pstd": 2.0765566542811804,
        "mean_dt": 50.0
      }
    },
    "d": {
      "1": {
        "count": 273.0,
        "rmse": 1.415495977755836,
        "mean": 0.30220785853209564,
        "pstd": 1.3828590937924208,
        "mean_dt": 1.0
      },
      "10": {
        "count": 264.0,
        "rmse": 1.6545316227525577,
        "mean": 0.926114602867454,
        "pstd": 1.3710531109493425,
        "mean_dt": 10.0
      },
      "50": {
        "count": 224.0,
        "rmse": 3.39024954453444,
        "mean": 2.8997570197990012,
        "pstd": 1.7564740818874596,
        "mean_dt": 50.0
      }
    },
    "b": {
      "1": {
        "count": 614.0,
        "rmse": 0.3959403131737522,
        "mean": 0.13237572209949452,
        "pstd": 0.373155999274789,
        "mean_dt": 1.0
      },
      "10": {
        "count": 605.0,
        "rmse": 0.8328841352153217,
        "mean": 0.7067628380621274,
        "pstd": 0.4406611775817574,
        "mean_dt": 10.0
      },
      "50": {
        "count": 565.0,
        "rmse": 2.655741535423851,
        "mean": 2.4285322037090276,
        "pstd": 1.0747997201914457,
        "mean_dt": 50.0
      }
    }
  }
}