{
  "ate": {
    "matches": 1357,
    "rmse": 2.281463030070366,
    "R": [
      [
        0.9990903856106051,
        0.042576035345656356,
        -0.0023838193508248463
      ],
      [
        -0.042570598100435376,
        0.9990908436170434,
        0.0022870019578783915
      ],
      [
        0.0024790235624404557,
        -0.002183441052460919,
        0.999994543498787
      ]
    ],
    "t": [
      -1.9970922975600018,
      6.281442741182296,
      -0.7695384073482172
    ],
    "s": 1.0
  },
  "rpe": {
    "1": {
      "count": 1356.0,
      "rmse": 0.11063086432797704,
      "mean": 0.09170630281019947,
      "pstd": 0.061880062757234414,
      "mean_dt": 1.0
    },
    "10": {
      "count": 1347.0,
      "rmse": 0.6912009316418647,
      "mean": 0.6293865878403662,
      "pstd": 0.2857118320077817,
      "mean_dt": 10.0
    },
    "50": {
      "count": 1307.0,
      "rmse": 2.4689006713399437,
      "mean": 2.181242107494861,
      "pstd": 1.1565696664854221,
      "mean_dt": 50.0
    }
  }
}