{
  "a": {
    "ate": {
      "matches": 1357,
      "rmse": 2.281463030070366,
      "R": [
        [
          0.9990903856106051,
          0.042576035345656356,
          -0.0023838193508248463
        ],
        [
          -0.042570598100435376,
          0.9990908436170434,
          0.0022870019578783915
        ],
        [
          0.0024790235624404557,
          -0.002183441052460919,
          0.999994543498787
        ]
      ],
      "t": [
        -1.9970922975600018,
        6.281442741182296,
        -0.7695384073482172
      ],
      "s": 1.0
    },
    "rpe": {
      "1": {
        "count": 1356.0,
        "rmse": 0.11063086432797704,
        "mean": 0.09170630281019947,
        "pstd": 0.061880062757234414,
        "mean_dt": 1.0
      },
      "10": {
        "count": 1347.0,
        "rmse": 0.6912009316418647,
        "mean": 0.6293865878403662,
        "pstd": 0.2857118320077817,
        "mean_dt": 10.0
      },
      "50": {
        "count": 1307.0,
        "rmse": 2.4689006713399437,
        "mean": 2.181242107494861,
        "pstd": 1.1565696664854221,
        "mean_dt": 50.0
      }
    }
  },
  "b": {
    "ate": {
      "matches": 265,
      "rmse": 1.589451282676529,
      "R": [
        [
          0.998961105455685,
          0.04540662212983522,
          0.0038663229967042514
        ],
        [
          -0.04540557848811352,
          0.9989685709569368,
          -0.00035732676340900077
        ],
        [
          -0.003878560160198579,
          0.00018140290629671194,
          0.9999924619036231
        ]
      ],
      "t": [
        -2.7428650683131366,
        6.84978023765124,
        0.19243756551511915
      ],
      "s": 1.0
    },
    "rpe": {
      "1": {
        "count": 264.0,
        "rmse": 0.45624594058318796,
        "mean": 0.1842987898632192,
        "pstd": 0.4173659238049877,
        "mean_dt": 1.0
      },
      "10": {
        "count": 255.0,
        "rmse": 1.0401181715313697,
        "mean": 0.8840344220641484,
        "pstd": 0.5480227653624145,
        "mean_dt": 10.0
      },
      "50": {
        "count": 215.0,
        "rmse": 2.8538116782400533,
        "mean": 2.7052010846679466,
        "pstd": 0.908915940211566,
        "mean_dt": 50.0
      }
    }
  },
  "c": {
    "ate": {
      "matches": 624,
      "rmse": 2.5774966172750378,
      "R": [
        [
          0.9999369686478281,
          0.007387428426233909,
          -0.008454858522848937
        ],
        [
          -0.007438754911546838,
          0.9999539975415369,
          -0.006055388184593079
        ],
        [
          0.00840973583176418,
          0.0061179001256511795,
          0.9999459223584505
        ]
      ],
      "t": [
        -0.5785723810408996,
        2.360362317598401,
        -2.0095515339132533
      ],
      "s": 1.0
    },
    "rpe": {
      "1": {
        "count": 623.0,
        "rmse": 0.24609743935715644,
        "mean": 0.1202164868445123,
        "pstd": 0.21473692264934896,
        "mean_dt": 1.0
      },
      "10": {
        "count": 614.0,
        "rmse": 0.8687859321741215,
        "mean": 0.7204543787208507,
        "pstd": 0.48552495726338335,
        "mean_dt": 10.0
      },
      "50": {
        "count": 574.0,
        "rmse": 2.7589839729666084,
        "mean": 2.4256283639212635,
        "pstd": 1.3146556975981485,
        "mean_dt": 50.0
      }
    }
  },
  "d": {
    "ate": {
      "matches": 1062,
      "rmse": 2.6602012014535754,
      "R": [
        [
          0.9991412625360807,
          0.04071722516200715,
          0.0076710542243246405
        ],
        [
          -0.04074354398103971,
          0.9991641663343579,
          0.003306408509548407
        ],
        [
          -0.007530014719192145,
          -0.003616115107859967,
          0.9999651106862955
        ]
      ],
      "t": [
        -2.4311835396707835,
        6.193214232703447,
        0.5336725618936269
      ],
      "s": 1.0
    },
    "rpe": {
      "1": {
        "count": 1061.0,
        "rmse": 0.6073525412380445,
        "mean": 0.19044000304981534,
        "pstd": 0.576723256498901,
        "mean_dt": 1.0
      },
      "10": {
        "count": 1052.0,
        "rmse": 0.9265470961781657,
        "mean": 0.7035516081975062,
        "pstd": 0.6029134730945183,
        "mean_dt": 10.0
      },
      "50": {
        "count": 1012.0,
        "rmse": 2.3731030901921155,
        "mean": 2.0866559948798398,
        "pstd": 1.130258835714809,
        "mean_dt": 50.0
      }
    }
  },
  "e": {
    "ate": {
      "matches": 528,
      "rmse": 5.508511752141242,
      "R": [
        [
          0.9985056336449107,
          -0.05393578926385371,
          0.00879944406542817
        ],
        [
          0.0538926115202887,
          0.9985338532407008,
          0.005072509812855442
        ],
        [
          -0.009060132609333006,
          -0.004590704604242633,
          0.9999484183838375
        ]
      ],
      "t": [
        2.102602598261086,
        -3.6109944577859245,
        0.827374857397885
      ],
      "s": 1.0
    },
    "rpe": {
      "1": {
        "count": 527.0,
        "rmse": 0.8124001611300317,
        "mean": 0.2287245670482723,
        "pstd": 0.7795377439436023,
        "mean_dt": 1.0
      },
      "10": {
        "count": 518.0,
        "rmse": 1.415338747721236,
        "mean": 1.1411050357194952,
        "pstd": 0.8372950903096991,
        "mean_dt": 10.0
      },
      "50": {
        "count": 478.0,
        "rmse": 4.615441099131426,
        "mean": 4.066147389927989,
        "pstd": 2.1837449354110285,
        "mean_dt": 50.0
      }
    }
  }
}