{
  "ate": {
    "matches": 1062,
    "rmse": 2.6602012014535754,
    "R": [
      [
        0.9991412625360807,
        0.04071722516200715,
        0.0076710542243246405
      ],
      [
        -0.04074354398103971,
        0.9991641663343579,
        0.003306408509548407
      ],
      [
        -0.007530014719192145,
        -0.003616115107859967,
        0.9999651106862955
      ]
    ],
    "t": [
      -2.4311835396707835,
      6.193214232703447,
      0.5336725618936269
    ],
    "s": 1.0
  },
  "rpe": {
    "1": {
      "count": 1061.0,
      "rmse": 0.6073525412380445,
      "mean": 0.19044000304981534,
      "pstd": 0.576723256498901,
      "mean_dt": 1.0
    },
    "10": {
      "count": 1052.0,
      "rmse": 0.9265470961781657,
      "mean": 0.7035516081975062,
      "pstd": 0.6029134730945183,
      "mean_dt": 10.0
    },
    "50": {
      "count": 1012.0,
      "rmse": 2.3731030901921155,
      "mean": 2.0866559948798398,
      "pstd": 1.130258835714809,
      "mean_dt": 50.0
    }
  }
}