{
  "ate": {
    "matches": 559,
    "rmse": 5.483525536709213,
    "R": [
      [
        0.9987106806772976,
        -0.047570053478309525,
        0.017721916181958102
      ],
      [
        0.04767339985502472,
        0.9988480802787435,
        -0.005455224077030391
      ],
      [
        -0.017441996656129152,
        0.006293054547557925,
        0.9998280723289921
      ]
    ],
    "t": [
      1.5320167618142193,
      -3.436724973337192,
      1.3849768514746827
    ],
    "s": 1.0
  },
  "rpe": {
    "1": {
      "count": 558.0,
      "rmse": 1.6552510857408311,
      "mean": 0.4919608779761204,
      "pstd": 1.5804526729349297,
      "mean_dt": 1.0
    },
    "10": {
      "count": 549.0,
      "rmse": 2.103321160112208,
      "mean": 1.4140058443815398,
      "pstd": 1.5570958142100995,
      "mean_dt": 10.0
    },
    "50": {
      "count": 509.0,
      "rmse": 5.623686373403463,
      "mean": 4.590735901783827,
      "pstd": 3.248229103138635,
      "mean_dt": 50.0
    }
  }
}