{
  "a": {
    "ate": {
      "matches": 590,
      "rmse": 4.287593492032797,
      "R": [
        [
          0.999828350769192,
          0.002901706035460416,
          0.018298882486131696
        ],
        [
          -0.0031231253601004608,
          0.9999221180336636,
          0.012083209633918332
        ],
        [
          -0.018262395410859427,
          -0.012138285264232919,
          0.9997595445629421
        ]
      ],
      "t": [
        -2.5080326877158114,
        2.181864515471844,
        2.8060157598572255
      ],
      "s": 1.0
    },
    "rpe": {
      "1": {
        "count": 589.0,
        "rmse": 1.281483000843628,
        "mean": 0.19223140078904546,
        "pstd": 1.2669829399016668,
        "mean_dt": 1.0
      },
      "10": {
        "count": 580.0,
        "rmse": 1.694403260503933,
        "mean": 0.9715964092855606,
        "pstd": 1.388165273542659,
        "mean_dt": 10.0
      },
      "50": {
        "count": 540.0,
        "rmse": 4.149678223395831,
        "mean": 3.3443803479985155,
        "pstd": 2.456613409889092,
        "mean_dt": 50.0
      }
    }
  },
  "b": {
    "ate": {
      "matches": 1020,
      "rmse": 2.977274741679179,
      "R": [
        [
          0.999663618419414,
          -0.008055463520994613,
          0.024652779073898838
        ],
        [
          0.008105037946492054,
          0.9999653263862701,
          -0.0019116446024724995
        ],
        [
          -0.024636525089599536,
          0.0021108132703200402,
          0.9996942463067631
        ]
      ],
      "t": [
        -0.16558706071097617,
        -0.6916755391949394,
        3.1026024636970524
      ],
      "s": 1.0
    },
    "rpe": {
      "1": {
        "count": 1019.0,
        "rmse": 0.6613318922357019,
        "mean": 0.17070882375128776,
        "pstd": 0.6389196891484138,
        "mean_dt": 1.0
      },
      "10": {
        "count": 1010.0,
        "rmse": 1.1227357272898522,
        "mean": 0.8107185427687763,
        "pstd": 0.7767051935863083,
        "mean_dt": 10.0
      },
      "50": {
        "count": 970.0,
        "rmse": 2.9184532665580547,
        "mean": 2.436964873763995,
        "pstd": 1.605793160131097,
        "mean_dt": 50.0
      }
    }
  },
  "c": {
    "ate": {
      "matches": 559,
      "rmse": 5.483525536709213,
      "R": [
        [
          0.9987106806772976,
          -0.047570053478309525,
          0.017721916181958102
        ],
        [
          0.04767339985502472,
          0.9988480802787435,
          -0.005455224077030391
        ],
        [
          -0.017441996656129152,
          0.006293054547557925,
          0.9998280723289921
        ]
      ],
      "t": [
        1.5320167618142193,
        -3.436724973337192,
        1.3849768514746827
      ],
      "s": 1.0
    },
    "rpe": {
      "1": {
        "count": 558.0,
        "rmse": 1.6552510857408311,
        "mean": 0.4919608779761204,
        "pstd": 1.5804526729349297,
        "mean_dt": 1.0
      },
      "10": {
        "count": 549.0,
        "rmse": 2.103321160112208,
        "mean": 1.4140058443815398,
        "pstd": 1.5570958142100995,
        "mean_dt": 10.0
      },
      "50": {
        "count": 509.0,
        "rmse": 5.623686373403463,
        "mean": 4.590735901783827,
        "pstd": 3.248229103138635,
        "mean_dt": 50.0
      }
    }
  }
}