{
  "loop_closure_correction": {
    "count": 0
  },
  "interface_correction": {
    "count": 0
  },
  "loop_closure_correction_stabilised": {
    "count": 0
  },
  "loop_closure_correction_stabilised_params": {
    "epsilon": 0.001,
    "required": 3
  },
  "interface_correction_stabilised": {
    "count": 35085,
    "min": 0.08229398727416992,
    "max": 7.362446069717407,
    "mean": 2.111070877258401,
    "median": 1.544713020324707,
    "p90": 4.738689994812014,
    "p95": 5.531718587875366,
    "p99": 6.269870939254759,
    "stdev": 1.6738499556775184
  },
  "interface_correction_stabilised_params": {
    "epsilon": 0.001,
    "required": 3
  },
  "time_to_global_convergence_s": 0.17840075492858887,
  "time_to_global_convergence_method": "delta_threshold",
  "timeline_start_ts": 1770240658.4701848,
  "timeline_end_ts": 1770240658.6485856,
  "optimization_duration_s": {
    "count": 405,
    "min": 0.0002864960115402937,
    "max": 0.044356113008689135,
    "mean": 0.006385245741155275,
    "median": 0.002976234012749046,
    "p90": 0.018865183403249837,
    "p95": 0.02783527156570926,
    "p99": 0.035823458479717345,
    "stdev": 0.008122623928473736
  },
  "communication_uplink_messages": 51919,
  "communication_uplink_bytes": 66665677,
  "communication_downlink_messages": 0,
  "communication_downlink_bytes": 0,
  "communication_uplink_bytes_per_s": 373684948.9604753,
  "communication_downlink_bytes_per_s": 0.0,
  "delivery_topics": {
    "/c_slam/factor_batch/d": {
      "attempts": 171.0,
      "drops": 0.0,
      "delivered": 171.0,
      "delivery_rate": 1.0
    },
    "/c_slam/factor_batch/b": {
      "attempts": 36.0,
      "drops": 0.0,
      "delivered": 36.0,
      "delivery_rate": 1.0
    },
    "/c_slam/factor_batch/c": {
      "attempts": 126.0,
      "drops": 0.0,
      "delivered": 126.0,
      "delivery_rate": 1.0
    },
    "/c_slam/factor_batch/a": {
      "attempts": 243.0,
      "drops": 0.0,
      "delivered": 243.0,
      "delivery_rate": 1.0
    },
    "/c_slam/factor_batch/e": {
      "attempts": 88.0,
      "drops": 52.0,
      "delivered": 36.0,
      "delivery_rate": 0.4090909090909091
    },
    "/c_slam/iface/run_24b3329d/a": {
      "attempts": 1623.0,
      "drops": 0.0,
      "delivered": 1623.0,
      "delivery_rate": 1.0
    },
    "/c_slam/iface/run_24b3329d/e": {
      "attempts": 16362.0,
      "drops": 0.0,
      "delivered": 16362.0,
      "delivery_rate": 0.0
    },
    "/c_slam/iface/run_24b3329d/b": {
      "attempts": 13234.0,
      "drops": 0.0,
      "delivered": 3011.0,
      "delivery_rate": 0.22752002418014206
    },
    "/c_slam/iface/run_24b3329d/c": {
      "attempts": 21413.0,
      "drops": 0.0,
      "delivered": 7551.0,
      "delivery_rate": 0.3526362490076122
    },
    "/c_slam/iface/run_24b3329d/d": {
      "attempts": 11111.0,
      "drops": 0.0,
      "delivered": 7599.0,
      "delivery_rate": 0.6839168391683916
    }
  },
  "delivery_rate": {
    "count": 10,
    "min": 0.0,
    "max": 1.0,
    "mean": 0.6673164021447056,
    "median": 0.8419584195841958,
    "p90": 1.0,
    "p95": 1.0,
    "p99": 1.0,
    "stdev": 0.3685245574724238
  },
  "estimation_metrics": {
    "a": {
      "ate": {
        "matches": 1350,
        "rmse": 2.255312751724488,
        "R": [
          [
            0.9994876476614871,
            0.030941212258860457,
            -0.008190455180191515
          ],
          [
            -0.030967330236272607,
            0.9995156473484618,
            -0.0030814223376160257
          ],
          [
            0.008091145168900318,
            0.003333480094025787,
            0.9999617099070938
          ]
        ],
        "t": [
          -1.7179722692891346,
          5.39740217269275,
          -2.388043068968975
        ],
        "s": 1.0
      },
      "rpe": {
        "1": {
          "count": 1349.0,
          "rmse": 0.1870665282670884,
          "mean": 0.09616146937341093,
          "pstd": 0.1604582743452264,
          "mean_dt": 1.0
        },
        "10": {
          "count": 1340.0,
          "rmse": 0.7049506363294992,
          "mean": 0.6140406777403004,
          "pstd": 0.34627943303291686,
          "mean_dt": 10.0
        },
        "50": {
          "count": 1300.0,
          "rmse": 2.3819422523953784,
          "mean": 2.1029027079800353,
          "pstd": 1.1186818558091498,
          "mean_dt": 50.0
        }
      }
    },
    "b": {
      "ate": {
        "matches": 187,
        "rmse": 16.209446546408348,
        "R": [
          [
            0.9975763559460075,
            0.06829063891191559,
            -0.013334267677249415
          ],
          [
            -0.06831154931826124,
            0.9976634107421457,
            -0.0011185240671709937
          ],
          [
            0.013226726247447891,
            0.002026697647023734,
            0.9999104690968197
          ]
        ],
        "t": [
          2.193730137466126,
          10.01172698801607,
          -4.410619463825692
        ],
        "s": 1.0
      },
      "rpe": {
        "1": {
          "count": 186.0,
          "rmse": 15.900800849825528,
          "mean": 4.359387807505679,
          "pstd": 15.291540328220146,
          "mean_dt": 1.0
        },
        "10": {
          "count": 177.0,
          "rmse": 21.603598316088007,
          "mean": 9.84063866917761,
          "pstd": 19.232194123021095,
          "mean_dt": 10.0
        },
        "50": {
          "count": 137.0,
          "rmse": 20.76418071422886,
          "mean": 10.722041622611803,
          "pstd": 17.781704760121677,
          "mean_dt": 50.0
        }
      }
    },
    "c": {
      "ate": {
        "matches": 703,
        "rmse": 2.758346590840869,
        "R": [
          [
            0.9999184474209724,
            0.012378562509868232,
            -0.003141607458196616
          ],
          [
            -0.01237808674029886,
            0.9999233739552901,
            0.00017084062515132503
          ],
          [
            0.003143481490600727,
            -0.00013193960303618107,
            0.9999950505457812
          ]
        ],
        "t": [
          -1.10398883961399,
          3.8783146454602573,
          -1.8507166338397796
        ],
        "s": 1.0
      },
      "rpe": {
        "1": {
          "count": 702.0,
          "rmse": 1.2949987458170227,
          "mean": 0.5565129700370408,
          "pstd": 1.1693224815457082,
          "mean_dt": 1.0
        },
        "10": {
          "count": 693.0,
          "rmse": 1.8082213975357095,
          "mean": 1.2686073758754428,
          "pstd": 1.2885262699613143,
          "mean_dt": 10.0
        },
        "50": {
          "count": 653.0,
          "rmse": 3.2658685594382595,
          "mean": 2.8992351910273277,
          "pstd": 1.5034403063095205,
          "mean_dt": 50.0
        }
      }
    },
    "d": {
      "ate": {
        "matches": 1062,
        "rmse": 6.220172465915639,
        "R": [
          [
            0.993256523132686,
            0.11523014963975044,
            -0.012786393876673536
          ],
          [
            -0.11528196734488591,
            0.9933270240275777,
            -0.0033898881412360096
          ],
          [
            0.012310453259783916,
            0.004841069150322355,
            0.9999125045672851
          ]
        ],
        "t": [
          -4.842197604635118,
          14.059272523788664,
          -2.608490770235984
        ],
        "s": 1.0
      },
      "rpe": {
        "1": {
          "count": 1061.0,
          "rmse": 1.8418750852164836,
          "mean": 0.3721101807675155,
          "pstd": 1.8038951862318366,
          "mean_dt": 1.0
        },
        "10": {
          "count": 1052.0,
          "rmse": 3.7829493087606525,
          "mean": 1.7745486968953292,
          "pstd": 3.340910414093706,
          "mean_dt": 10.0
        },
        "50": {
          "count": 1012.0,
          "rmse": 6.7507018313469285,