{
  "ate": {
    "matches": 187,
    "rmse": 16.209446546408348,
    "R": [
      [
        0.9975763559460075,
        0.06829063891191559,
        -0.013334267677249415
      ],
      [
        -0.06831154931826124,
        0.9976634107421457,
        -0.0011185240671709937
      ],
      [
        0.013226726247447891,
        0.002026697647023734,
        0.9999104690968197
      ]
    ],
    "t": [
      2.193730137466126,
      10.01172698801607,
      -4.410619463825692
    ],
    "s": 1.0
  },
  "rpe": {
    "1": {
      "count": 186.0,
      "rmse": 15.900800849825528,
      "mean": 4.359387807505679,
      "pstd": 15.291540328220146,
      "mean_dt": 1.0
    },
    "10": {
      "count": 177.0,
      "rmse": 21.603598316088007,
      "mean": 9.84063866917761,
      "pstd": 19.232194123021095,
      "mean_dt": 10.0
    },
    "50": {
      "count": 137.0,
      "rmse": 20.76418071422886,
      "mean": 10.722041622611803,
      "pstd": 17.781704760121677,
      "mean_dt": 50.0
    }
  }
}