{
  "a": {
    "ate": {
      "matches": 1350,
      "rmse": 2.11210607771964,
      "R": [
        [
          0.9998762585155548,
          0.014443388795624656,
          0.006233472309505637
        ],
        [
          -0.0144591735489404,
          0.999892348687701,
          0.0024946615149141066
        ],
        [
          -0.006196769901857954,
          -0.0025844836797307216,
          0.9999774599894202
        ]
      ],
      "t": [
        -1.2664787970815468,
        2.2457234004284246,
        0.024443937748669597
      ],
      "s": 1.0
    },
    "rpe": {
      "1": {
        "count": 1349.0,
        "rmse": 0.15218435167349173,
        "mean": 0.0960925231786219,
        "pstd": 0.11800976181421206,
        "mean_dt": 1.0
      },
      "10": {
        "count": 1340.0,
        "rmse": 0.711439297496084,
        "mean": 0.6369783650295374,
        "pstd": 0.31686659102218206,
        "mean_dt": 10.0
      },
      "50": {
        "count": 1300.0,
        "rmse": 2.3682094294477003,
        "mean": 2.1127578636484374,
        "pstd": 1.0698925699885427,
        "mean_dt": 50.0
      }
    }
  },
  "b": {
    "ate": {
      "matches": 187,
      "rmse": 16.206830372512517,
      "R": [
        [
          0.9996850215095962,
          0.019699667627903105,
          0.015549304315898262
        ],
        [
          -0.019875996485163968,
          0.9997389534440944,
          0.01126808458565589
        ],
        [
          -0.01532326770241934,
          -0.01157359329931286,
          0.9998156077022711
        ]
      ],
      "t": [
        3.6188267027913312,
        4.223124389559141,
        -0.48427976000186757
      ],
      "s": 1.0
    },
    "rpe": {
      "1": {
        "count": 186.0,
        "rmse": 16.005210980224696,
        "mean": 4.364015691276393,
        "pstd": 15.398770910946055,
        "mean_dt": 1.0
      },
      "10": {
        "count": 177.0,
        "rmse": 21.446520880838012,
        "mean": 9.72884816578892,
        "pstd": 19.11289541799584,
        "mean_dt": 10.0
      },
      "50": {
        "count": 137.0,
        "rmse": 20.645148521762877,
        "mean": 10.505791778596166,
        "pstd": 17.77218322520981,
        "mean_dt": 50.0
      }
    }
  },
  "c": {
    "ate": {
      "matches": 703,
      "rmse": 1.9271211404218287,
      "R": [
        [
          0.9999801552190912,
          0.006095827097448465,
          -0.001590616232992315
        ],
        [
          -0.006098427819633679,
          0.9999800672130098,
          -0.0016353454657852678
        ],
        [
          0.0015806157443737467,
          0.0016450132709984189,
          0.9999973977892178
        ]
      ],
      "t": [
        -0.4290349347872109,
        1.8907208935432251,
        -0.7986407462263556
      ],
      "s": 1.0
    },
    "rpe": {
      "1": {
        "count": 702.0,
        "rmse": 0.8590255516943679,
        "mean": 0.3985030456822587,
        "pstd": 0.7609994882033603,
        "mean_dt": 1.0
      },
      "10": {
        "count": 693.0,
        "rmse": 1.0255103479456371,
        "mean": 0.796756750137786,
        "pstd": 0.6456393380622465,
        "mean_dt": 10.0
      },
      "50": {
        "count": 653.0,
        "rmse": 2.0951724695646368,
        "mean": 1.9112181818523721,
        "pstd": 0.858482812046051,
        "mean_dt": 50.0
      }
    }
  },
  "d": {
    "ate": {
      "matches": 1062,
      "rmse": 6.659871369413037,
      "R": [
        [
          0.9905231880193153,
          0.13659350651612,
          -0.014353674570733752
        ],
        [
          -0.13650920538275088,
          0.9906161318016616,
          0.006701959421159469
        ],
        [
          0.015134425718265076,
          -0.004679037501849503,
          0.9998745200105036
        ]
      ],
      "t": [
        -4.969936926231981,
        17.19217903561033,
        -3.151927025665083
      ],
      "s": 1.0
    },
    "rpe": {
      "1": {
        "count": 1061.0,
        "rmse": 1.9428848884167302,
        "mean": 0.3865795280549033,
        "pstd": 1.9040372785549489,
        "mean_dt": 1.0
      },
      "10": {
        "count": 1052.0,
        "rmse": 4.075810832969756,
        "mean": 1.8602214267430557,
        "pstd": 3.626542456616171,
        "mean_dt": 10.0
      },
      "50": {
        "count": 1012.0,
        "rmse": 7.349688503884591,
        "mean": 5.272213968997774,
        "pstd": 5.120710982787262,
        "mean_dt": 50.0
      }
    }
  },
  "e": {
    "ate": {
      "matches": 533,
      "rmse": 5.036880742481791,
      "R": [
        [
          0.9992882736723377,
          -0.03752849683256875,
          0.003815498191054933
        ],
        [
          0.037505587121980384,
          0.9992789508478932,
          0.005908411543616217
        ],
        [
          -0.00403448083321953,
          -0.005761103871747601,
          0.9999752660174077
        ]
      ],
      "t": [
        1.941430238636059,
        -2.2846412830584484,
        0.19845354399768755
      ],
      "s": 1.0
    },
    "rpe": {
      "1": {
        "count": 532.0,
        "rmse": 0.9712500036749425,
        "mean": 0.2840309507580658,
        "pstd": 0.9287911437185677,
        "mean_dt": 1.0
      },
      "10": {
        "count": 523.0,
        "rmse": 1.5536907036682799,
        "mean": 1.2215298964658656,
        "pstd": 0.9601143237684391,
        "mean_dt": 10.0
      },
      "50": {
        "count": 483.0,
        "rmse": 4.587204834254532,
        "mean": 4.1066920860157845,
        "pstd": 2.0439002671518645,
        "mean_dt": 50.0
      }
    }
  }
}