{
  "ate": {
    "matches": 620,
    "rmse": 2.7351318720101117,
    "R": [
      [
        0.9999606678932673,
        0.0083345568447052,
        0.0030327922204088785
      ],
      [
        -0.008339749725627243,
        0.9999637724276395,
        0.0017036451499531369
      ],
      [
        -0.003018483222363761,
        -0.001728870870088342,
        0.9999939498639733
      ]
    ],
    "t": [
      -1.3796863300185862,
      2.3735217686727594,
      0.462727863004484
    ],
    "s": 1.0
  },
  "rpe": {
    "1": {
      "count": 619.0,
      "rmse": 0.4616029070588874,
      "mean": 0.15932139285710867,
      "pstd": 0.43323658384684766,
      "mean_dt": 1.0
    },
    "10": {
      "count": 610.0,
      "rmse": 1.069813168661386,
      "mean": 0.8460377343134509,
      "pstd": 0.6547674151628793,
      "mean_dt": 10.0
    },
    "50": {
      "count": 570.0,
      "rmse": 3.0795982947196077,
      "mean": 2.631545174033748,
      "pstd": 1.5996548546044587,
      "mean_dt": 50.0
    }
  }
}