{
  "loop_closure_correction": {
    "count": 0
  },
  "interface_correction": {
    "count": 0
  },
  "loop_closure_correction_stabilised": {
    "count": 0
  },
  "loop_closure_correction_stabilised_params": {
    "epsilon": 0.001,
    "required": 3
  },
  "interface_correction_stabilised": {
    "count": 20230,
    "min": 0.1692519187927246,
    "max": 118.06771349906921,
    "mean": 3.0930354475091133,
    "median": 1.0773125886917114,
    "p90": 8.335705018043518,
    "p95": 11.437551808357238,
    "p99": 32.51953020334244,
    "stdev": 5.690264172283917
  },
  "interface_correction_stabilised_params": {
    "epsilon": 0.001,
    "required": 3
  },
  "time_to_global_convergence_s": 0.3226051330566406,
  "time_to_global_convergence_method": "delta_threshold",
  "timeline_start_ts": 1770232456.71422,
  "timeline_end_ts": 1770232457.0368252,
  "optimization_duration_s": {
    "count": 303,
    "min": 0.0008243949851021171,
    "max": 0.03503362595802173,
    "mean": 0.005415942645347416,
    "median": 0.0018828280153684318,
    "p90": 0.01955412880051881,
    "p95": 0.026186600525397785,
    "p99": 0.030150153989670806,
    "stdev": 0.007448204349899124
  },
  "communication_uplink_messages": 21169,
  "communication_uplink_bytes": 29850693,
  "communication_downlink_messages": 0,
  "communication_downlink_bytes": 0,
  "communication_uplink_bytes_per_s": 92530124.10921259,
  "communication_downlink_bytes_per_s": 0.0,
  "delivery_topics": {
    "/c_slam/factor_batch/a": {
      "attempts": 221.0,
      "drops": 0.0,
      "delivered": 221.0,
      "delivery_rate": 1.0
    },
    "/c_slam/factor_batch/c": {
      "attempts": 182.0,
      "drops": 0.0,
      "delivered": 182.0,
      "delivery_rate": 1.0
    },
    "/c_slam/factor_batch/b": {
      "attempts": 94.0,
      "drops": 0.0,
      "delivered": 93.0,
      "delivery_rate": 0.9893617021276596
    },
    "/c_slam/iface/run_fff625e3/a": {
      "attempts": 2424.0,
      "drops": 0.0,
      "delivered": 2102.0,
      "delivery_rate": 0.8671617161716172
    },
    "/c_slam/iface/run_fff625e3/c": {
      "attempts": 12423.0,
      "drops": 0.0,
      "delivered": 2767.0,
      "delivery_rate": 0.22273202930049102
    },
    "/c_slam/iface/run_fff625e3/b": {
      "attempts": 11312.0,
      "drops": 0.0,
      "delivered": 11312.0,
      "delivery_rate": 0.0
    }
  },
  "delivery_rate": {
    "count": 6,
    "min": 0.0,
    "max": 1.0,
    "mean": 0.6798759079332947,
    "median": 0.9282617091496383,
    "p90": 1.0,
    "p95": 1.0,
    "p99": 1.0,
    "stdev": 0.4096803785428808
  },
  "estimation_metrics": {
    "a": {
      "ate": {
        "matches": 1347,
        "rmse": 2.6875493515018314,
        "R": [
          [
            0.9991230876571006,
            0.04070952726173492,
            -0.009787241729281486
          ],
          [
            -0.04079880514970097,
            0.9991259228870729,
            -0.00910207192956862
          ],
          [
            0.009408145879932188,
            0.009493397978613566,
            0.9999106771036708
          ]
        ],
        "t": [
          -3.451881394680669,
          4.84509356030923,
          -2.5317023781320795
        ],
        "s": 1.0
      },
      "rpe": {
        "1": {
          "count": 1346.0,
          "rmse": 0.15049668009782372,
          "mean": 0.10646835806968975,
          "pstd": 0.10636606343383675,
          "mean_dt": 1.0
        },
        "10": {
          "count": 1337.0,
          "rmse": 0.8815343248677674,
          "mean": 0.7805694699156415,
          "pstd": 0.4096511547105475,
          "mean_dt": 10.0
        },
        "50": {
          "count": 1297.0,
          "rmse": 2.958658266613448,
          "mean": 2.643942563584672,
          "pstd": 1.3278653768606976,
          "mean_dt": 50.0
        }
      }
    },
    "b": {
      "ate": {
        "matches": 611,
        "rmse": 4.367287687701197,
        "R": [
          [
            0.9997099842847265,
            0.018615731621184607,
            -0.015277495136288594
          ],
          [
            -0.01846213720433621,
            0.9997782027139158,
            0.010133847639442188
          ],
          [
            0.015462755617275028,
            -0.00984885345302583,
            0.9998319375146908
          ]
        ],
        "t": [
          0.8488615414021581,
          3.8297342667542438,
          -7.083030617158366
        ],
        "s": 1.0
      },
      "rpe": {
        "1": {
          "count": 610.0,
          "rmse": 0.23816120298669805,
          "mean": 0.14090746460728,
          "pstd": 0.19200480469514125,
          "mean_dt": 1.0
        },
        "10": {
          "count": 601.0,
          "rmse": 1.305904734563382,
          "mean": 1.0479242812498928,
          "pstd": 0.7792572595247045,
          "mean_dt": 10.0
        },
        "50": {
          "count": 561.0,
          "rmse": 4.642835921017119,
          "mean": 3.699943594681447,
          "pstd": 2.8047001240172893,
          "mean_dt": 50.0
        }
      }
    },
    "c": {
      "ate": {
        "matches": 1070,
        "rmse": 3.2852108867152725,
        "R": [
          [
            0.9992292125564235,
            0.0388114166324326,
            -0.00588682536297367
          ],
          [
            -0.03887878027510727,
            0.9991743028140969,
            -0.011796314690758317
          ],
          [
            0.005424132943647245,
            0.012016094829319188,
            0.9999130923469611
          ]
        ],
        "t": [
          -3.4439510526504478,
          5.138103136755177,
          -2.1214249308483604
        ],
        "s": 1.0
      },
      "rpe": {
        "1": {
          "count": 1069.0,
          "rmse": 0.8695658407972512,
          "mean": 0.2452490981623694,
          "pstd": 0.8342647249716215,
          "mean_dt": 1.0
        },
        "10": {
          "count": 1060.0,
          "rmse": 1.2990582996537718,
          "mean": 0.9272727908822388,
          "pstd": 0.9097898862862854,
          "mean_dt": 10.0
        },
        "50": {
          "count": 1020.0,
          "rmse": 3.0091096618590787,
          "mean": 2.667781348819027,
          "pstd": 1.3920070517015994,
          "mean_dt": 50.0
        }
      }
    }
  },
  "input_end_team_ts": 1770232497.375457,
  "input_end_method": "input_end_event",
  "input_end_per_robot_ts": {
    "b": 1770232456.71422,
    "c": 1770232497.367646,
    "a": 1770232497.375457
  },
  "time_from_input_end_to_team_convergence_s": 26.027262210845947,
  "time_from_input_end_to_team_convergence_method": "censored_end",
  "time_from_input_end_to_team_convergence_per_robot_s": {
    "b": 26.027262210845947,
    "c": 4.099166393280029,
    "a": 5.365509033203125
  },
  "time_from_input_end_to_team_convergence_params": {
    "epsilon": 0.001,
    "required": 3
  },
  "time_from_input_end_to_ddf_stop_team_s": 26.027262210845947,
  "time_from_input_end_to_ddf_stop_method": "ddf_stop_event",
  "time_from_input_end_to_ddf_stop_per_robot_s": {
    "a": 26.027262210845947,
    "b": 0.0,
    "c": 16.839507341384888
  },
  "stable_team_convergence_s": 26.027262210845947,
  "stable_team_convergence_method": "censored_end",
  "stable_team_convergence_per_robot_s": {
    "b": 26.027262210845947,
    "c": 4.099166393280029,
    "a": 5.365509033203125
  },
  "stable_team_convergence_params": {
    "epsilon": 0.001,
    "required": 3
  },
  "stable_loop_closure_correction": {
    "count": 0
  },
  "stable_loop_closure_correction_params": {
    "epsilon": 0.001,
    "required": 3
  },
  "stable_interface_correction": {
    "count": 20230,
    "min": 0.1692519187927246,
    "max": 118.06771349906921,
    "mean": 3.0930354475091133,
    "median": 1.0773125886917114,
    "p90": 8.335705018043518,
    "p95": 11.437551808357238,
    "p99": 32.51953020334244,
    "stdev": 5.690264172283917
  },
  "stable_interface_correction_params": {
    "epsilon": 0.001,