{
  "a": {
    "ate": {
      "matches": 1347,
      "rmse": 2.6875493515018314,
      "R": [
        [
          0.9991230876571006,
          0.04070952726173492,
          -0.009787241729281486
        ],
        [
          -0.04079880514970097,
          0.9991259228870729,
          -0.00910207192956862
        ],
        [
          0.009408145879932188,
          0.009493397978613566,
          0.9999106771036708
        ]
      ],
      "t": [
        -3.451881394680669,
        4.84509356030923,
        -2.5317023781320795
      ],
      "s": 1.0
    },
    "rpe": {
      "1": {
        "count": 1346.0,
        "rmse": 0.15049668009782372,
        "mean": 0.10646835806968975,
        "pstd": 0.10636606343383675,
        "mean_dt": 1.0
      },
      "10": {
        "count": 1337.0,
        "rmse": 0.8815343248677674,
        "mean": 0.7805694699156415,
        "pstd": 0.4096511547105475,
        "mean_dt": 10.0
      },
      "50": {
        "count": 1297.0,
        "rmse": 2.958658266613448,
        "mean": 2.643942563584672,
        "pstd": 1.3278653768606976,
        "mean_dt": 50.0
      }
    }
  },
  "b": {
    "ate": {
      "matches": 611,
      "rmse": 4.367287687701197,
      "R": [
        [
          0.9997099842847265,
          0.018615731621184607,
          -0.015277495136288594
        ],
        [
          -0.01846213720433621,
          0.9997782027139158,
          0.010133847639442188
        ],
        [
          0.015462755617275028,
          -0.00984885345302583,
          0.9998319375146908
        ]
      ],
      "t": [
        0.8488615414021581,
        3.8297342667542438,
        -7.083030617158366
      ],
      "s": 1.0
    },
    "rpe": {
      "1": {
        "count": 610.0,
        "rmse": 0.23816120298669805,
        "mean": 0.14090746460728,
        "pstd": 0.19200480469514125,
        "mean_dt": 1.0
      },
      "10": {
        "count": 601.0,
        "rmse": 1.305904734563382,
        "mean": 1.0479242812498928,
        "pstd": 0.7792572595247045,
        "mean_dt": 10.0
      },
      "50": {
        "count": 561.0,
        "rmse": 4.642835921017119,
        "mean": 3.699943594681447,
        "pstd": 2.8047001240172893,
        "mean_dt": 50.0
      }
    }
  },
  "c": {
    "ate": {
      "matches": 1070,
      "rmse": 3.2852108867152725,
      "R": [
        [
          0.9992292125564235,
          0.0388114166324326,
          -0.00588682536297367
        ],
        [
          -0.03887878027510727,
          0.9991743028140969,
          -0.011796314690758317
        ],
        [
          0.005424132943647245,
          0.012016094829319188,
          0.9999130923469611
        ]
      ],
      "t": [
        -3.4439510526504478,
        5.138103136755177,
        -2.1214249308483604
      ],
      "s": 1.0
    },
    "rpe": {
      "1": {
        "count": 1069.0,
        "rmse": 0.8695658407972512,
        "mean": 0.2452490981623694,
        "pstd": 0.8342647249716215,
        "mean_dt": 1.0
      },
      "10": {
        "count": 1060.0,
        "rmse": 1.2990582996537718,
        "mean": 0.9272727908822388,
        "pstd": 0.9097898862862854,
        "mean_dt": 10.0
      },
      "50": {
        "count": 1020.0,
        "rmse": 3.0091096618590787,
        "mean": 2.667781348819027,
        "pstd": 1.3920070517015994,
        "mean_dt": 50.0
      }
    }
  }
}