{
  "loop_closure_correction": {
    "count": 0
  },
  "interface_correction": {
    "count": 0
  },
  "loop_closure_correction_stabilised": {
    "count": 0
  },
  "loop_closure_correction_stabilised_params": {
    "epsilon": 0.001,
    "required": 3
  },
  "interface_correction_stabilised": {
    "count": 30192,
    "min": 0.08223533630371094,
    "max": 23.223192930221558,
    "mean": 1.6736170551529876,
    "median": 0.8228756189346313,
    "p90": 5.094131040573121,
    "p95": 6.324655210971832,
    "p99": 7.335333299636841,
    "stdev": 1.9064156182262488
  },
  "interface_correction_stabilised_params": {
    "epsilon": 0.001,
    "required": 3
  },
  "time_to_global_convergence_s": 0.1578080654144287,
  "time_to_global_convergence_method": "delta_threshold",
  "timeline_start_ts": 1770225468.9631956,
  "timeline_end_ts": 1770225469.1210036,
  "optimization_duration_s": {
    "count": 404,
    "min": 0.0005924630095250905,
    "max": 0.042597398976795375,
    "mean": 0.005651297477087799,
    "median": 0.0023435054754372686,
    "p90": 0.013749926403397684,
    "p95": 0.024284687958424873,
    "p99": 0.033160840383497966,
    "stdev": 0.007500965778688221
  },
  "communication_uplink_messages": 31243,
  "communication_uplink_bytes": 42871851,
  "communication_downlink_messages": 0,
  "communication_downlink_bytes": 0,
  "communication_uplink_bytes_per_s": 271670848.30177593,
  "communication_downlink_bytes_per_s": 0.0,
  "delivery_topics": {
    "/c_slam/factor_batch/a": {
      "attempts": 230.0,
      "drops": 0.0,
      "delivered": 230.0,
      "delivery_rate": 1.0
    },
    "/c_slam/factor_batch/b": {
      "attempts": 93.0,
      "drops": 0.0,
      "delivered": 93.0,
      "delivery_rate": 1.0
    },
    "/c_slam/factor_batch/c": {
      "attempts": 188.0,
      "drops": 0.0,
      "delivered": 188.0,
      "delivery_rate": 1.0
    },
    "/c_slam/factor_batch/d": {
      "attempts": 87.0,
      "drops": 0.0,
      "delivered": 87.0,
      "delivery_rate": 1.0
    },
    "/c_slam/iface/run_b0bd9de3/a": {
      "attempts": 3232.0,
      "drops": 0.0,
      "delivered": 3126.0,
      "delivery_rate": 0.9672029702970297
    },
    "/c_slam/iface/run_b0bd9de3/c": {
      "attempts": 19291.0,
      "drops": 0.0,
      "delivered": 6450.0,
      "delivery_rate": 0.33435280700844955
    },
    "/c_slam/iface/run_b0bd9de3/d": {
      "attempts": 12120.0,
      "drops": 0.0,
      "delivered": 2365.0,
      "delivery_rate": 0.19513201320132012
    },
    "/c_slam/iface/run_b0bd9de3/b": {
      "attempts": 6464.0,
      "drops": 0.0,
      "delivered": 1697.0,
      "delivery_rate": 0.2625309405940594
    }
  },
  "delivery_rate": {
    "count": 8,
    "min": 0.19513201320132012,
    "max": 1.0,
    "mean": 0.7199023413876073,
    "median": 0.9836014851485149,
    "p90": 1.0,
    "p95": 1.0,
    "p99": 1.0,
    "stdev": 0.35499953055746336
  },
  "estimation_metrics": {
    "a": {
      "ate": {
        "matches": 1341,
        "rmse": 2.0686718819978225,
        "R": [
          [
            0.9999224794327745,
            0.012331414177049195,
            -0.0017237602519931095
          ],
          [
            -0.012329323199313394,
            0.9999232486493924,
            0.0012184415832694612
          ],
          [
            0.0017386530588794807,
            -0.001197094331721875,
            0.9999977720228691
          ]
        ],
        "t": [
          -0.8767388129444527,
          3.113499488271138,
          -0.7993445376981887
        ],
        "s": 1.0
      },
      "rpe": {
        "1": {
          "count": 1340.0,
          "rmse": 0.14743070327738217,
          "mean": 0.09167869423456489,
          "pstd": 0.11545921051310133,
          "mean_dt": 1.0
        },
        "10": {
          "count": 1331.0,
          "rmse": 0.6778095954904538,
          "mean": 0.5878703963902879,
          "pstd": 0.3373933087464232,
          "mean_dt": 10.0
        },
        "50": {
          "count": 1291.0,
          "rmse": 2.21298055408378,
          "mean": 1.97516558810435,
          "pstd": 0.9979999159926608,
          "mean_dt": 50.0
        }
      }
    },
    "b": {
      "ate": {
        "matches": 620,
        "rmse": 2.7768559937152566,
        "R": [
          [
            0.9999786797582282,
            0.006468752696644637,
            0.000891777741693329
          ],
          [
            -0.006469421710858786,
            0.999978792288332,
            0.0007493705997902722
          ],
          [
            -0.0008869113360399318,
            -0.0007551239093112894,
            0.9999993215878515
          ]
        ],
        "t": [
          -1.9527698491810241,
          1.4312132291174464,
          -0.2464140270448687
        ],
        "s": 1.0
      },
      "rpe": {
        "1": {
          "count": 619.0,
          "rmse": 0.45537249961260773,
          "mean": 0.15727996206488928,
          "pstd": 0.42734895218814023,
          "mean_dt": 1.0
        },
        "10": {
          "count": 610.0,
          "rmse": 1.059070739329924,
          "mean": 0.8194059083483065,
          "pstd": 0.6709730160511064,
          "mean_dt": 10.0
        },
        "50": {
          "count": 570.0,
          "rmse": 3.1187455879450288,
          "mean": 2.5913334427816634,
          "pstd": 1.7353861330113038,
          "mean_dt": 50.0
        }
      }
    },
    "c": {
      "ate": {
        "matches": 1064,
        "rmse": 3.3063005759207615,
        "R": [
          [
            0.9998120842817723,
            0.018029016759565766,
            0.007123951068151711
          ],
          [
            -0.018027497525671364,
            0.9998374529749993,
            -0.0002774192274764553
          ],
          [
            -0.007127794687000939,
            0.00014894008578898027,
            0.999974585856936
          ]
        ],
        "t": [
          -0.4216019600712855,
          3.008860793214609,
          0.35027599028049305
        ],
        "s": 1.0
      },
      "rpe": {
        "1": {
          "count": 1063.0,
          "rmse": 0.980555776091033,
          "mean": 0.20992435256187858,
          "pstd": 0.9578211713190321,
          "mean_dt": 1.0
        },
        "10": {
          "count": 1054.0,
          "rmse": 2.8279575046794267,
          "mean": 1.002103145721456,
          "pstd": 2.644453239066224,
          "mean_dt": 10.0
        },
        "50": {
          "count": 1014.0,
          "rmse": 3.8199103620271257,
          "mean": 2.3988743585815784,
          "pstd": 2.9727288785999395,
          "mean_dt": 50.0
        }
      }
    },
    "d": {
      "ate": {
        "matches": 529,
        "rmse": 4.887230111931965,
        "R": [
          [
            0.9989979424906182,
            -0.04456847618069849,
            0.004094121449173778
          ],
          [
            0.04453644621960492,
            0.9989787967371236,
            0.007607143207257763
          ],
          [
            -0.004428979299827114,
            -0.007417182792544354,
            0.9999626840746526
          ]
        ],
        "t": [
          1.4002988275711346,
          -2.7895252000637356,
          0.20226637705941908
        ],
        "s": 1.0
      },
      "rpe": {
        "1": {
          "count": 528.0,
          "rmse": 0.7176141724745412,
          "mean": 0.21559855209994486,
          "pstd": 0.6844613684268295,
          "mean_dt": 1.0
        },
        "10": {
          "count": 519.0,
          "rmse": 1.4182575239651272,
          "mean": 1.1050353253023226,
          "pstd": 0.8890170606448916,
          "mean_dt": 10.0
        },
        "50": {
          "count": 479.0,
          "rmse": 4.539825617574905,
          "mean": 3.8889036140241333,
          "pstd": 2.3423162294659106,
          "mean_dt": 50.0
        }
      }
    }
  },
  "input_end_team_ts": 1770225468.9716713,
  "input_end_method": "input_end_event",