{
  "ate": {
    "matches": 1064,
    "rmse": 3.3063005759207615,
    "R": [
      [
        0.9998120842817723,
        0.018029016759565766,
        0.007123951068151711
      ],
      [
        -0.018027497525671364,
        0.9998374529749993,
        -0.0002774192274764553
      ],
      [
        -0.007127794687000939,
        0.00014894008578898027,
        0.999974585856936
      ]
    ],
    "t": [
      -0.4216019600712855,
      3.008860793214609,
      0.35027599028049305
    ],
    "s": 1.0
  },
  "rpe": {
    "1": {
      "count": 1063.0,
      "rmse": 0.980555776091033,
      "mean": 0.20992435256187858,
      "pstd": 0.9578211713190321,
      "mean_dt": 1.0
    },
    "10": {
      "count": 1054.0,
      "rmse": 2.8279575046794267,
      "mean": 1.002103145721456,
      "pstd": 2.644453239066224,
      "mean_dt": 10.0
    },
    "50": {
      "count": 1014.0,
      "rmse": 3.8199103620271257,
      "mean": 2.3988743585815784,
      "pstd": 2.9727288785999395,
      "mean_dt": 50.0
    }
  }
}