{
  "ate": {
    "matches": 703,
    "rmse": 1.8847680391106347,
    "R": [
      [
        0.9999772650775182,
        0.006001914249674436,
        0.003073492057470805
      ],
      [
        -0.006011025394059971,
        0.9999775414187791,
        0.002963820467895749
      ],
      [
        -0.003055634434900062,
        -0.0029822279244730507,
        0.9999908846658588
      ]
    ],
    "t": [
      -0.4111095356624901,
      1.9216888106079466,
      -0.14582479316705532
    ],
    "s": 1.0
  },
  "rpe": {
    "1": {
      "count": 702.0,
      "rmse": 0.8229636147981765,
      "mean": 0.38342319275950193,
      "pstd": 0.7281866289185701,
      "mean_dt": 1.0
    },
    "10": {
      "count": 693.0,
      "rmse": 0.995389033187867,
      "mean": 0.7772236801701529,
      "pstd": 0.6218703067147042,
      "mean_dt": 10.0
    },
    "50": {
      "count": 653.0,
      "rmse": 2.01866996472085,
      "mean": 1.8316246488820391,
      "pstd": 0.8486339446862975,
      "mean_dt": 50.0
    }
  }
}