{
  "ate": {
    "matches": 1062,
    "rmse": 2.5756040888846568,
    "R": [
      [
        0.9992474572116888,
        0.03877174907935786,
        0.001127266295720925
      ],
      [
        -0.03877086867203822,
        0.9992478128279035,
        -0.0007926544432659902
      ],
      [
        -0.0011571509796546992,
        0.0007483528433712625,
        0.9999990504843652
      ]
    ],
    "t": [
      -2.187666007227051,
      6.055519964860714,
      -0.4560837204073742
    ],
    "s": 1.0
  },
  "rpe": {
    "1": {
      "count": 1061.0,
      "rmse": 0.5864392075669914,
      "mean": 0.18503284199957334,
      "pstd": 0.5564834153443946,
      "mean_dt": 1.0
    },
    "10": {
      "count": 1052.0,
      "rmse": 0.89477777225098,
      "mean": 0.6857749952712071,
      "pstd": 0.5747520487786036,
      "mean_dt": 10.0
    },
    "50": {
      "count": 1012.0,
      "rmse": 2.3133078179829822,
      "mean": 2.0294540745154657,
      "pstd": 1.1102743895874387,
      "mean_dt": 50.0
    }
  }
}