{
  "a": {
    "ate": {
      "matches": 1357,
      "rmse": 2.297741856322062,
      "R": [
        [
          0.9991181238978114,
          0.041952206216204144,
          -0.0017282628591463373
        ],
        [
          -0.04195291492613884,
          0.999119518203862,
          -0.0003758633830444197
        ],
        [
          0.0017109728570053042,
          0.0004480375828090147,
          0.99999843591588
        ]
      ],
      "t": [
        -1.9620388245757567,
        6.305793611611392,
        -0.8037043545399714
      ],
      "s": 1.0
    },
    "rpe": {
      "1": {
        "count": 1356.0,
        "rmse": 0.10883725812082742,
        "mean": 0.09127358076208436,
        "pstd": 0.05928475529279757,
        "mean_dt": 1.0
      },
      "10": {
        "count": 1347.0,
        "rmse": 0.6985303009151991,
        "mean": 0.633160209664745,
        "pstd": 0.29504699658524697,
        "mean_dt": 10.0
      },
      "50": {
        "count": 1307.0,
        "rmse": 2.4967494320968986,
        "mean": 2.191013623122427,
        "pstd": 1.197170426450686,
        "mean_dt": 50.0
      }
    }
  },
  "b": {
    "ate": {
      "matches": 265,
      "rmse": 1.5962298361872373,
      "R": [
        [
          0.9989529019633026,
          0.04572318073349838,
          0.0015781009815263756
        ],
        [
          -0.045721931988744045,
          0.9989538702839925,
          -0.0008185229675205172
        ],
        [
          -0.001613875556773203,
          0.0007455120679795112,
          0.9999984198074733
        ]
      ],
      "t": [
        -2.7363702397653924,
        6.87167129640288,
        -0.0965773413859079
      ],
      "s": 1.0
    },
    "rpe": {
      "1": {
        "count": 264.0,
        "rmse": 0.45843756352851583,
        "mean": 0.18317718616148188,
        "pstd": 0.42025125594568297,
        "mean_dt": 1.0
      },
      "10": {
        "count": 255.0,
        "rmse": 1.033273302038376,
        "mean": 0.8792873317871843,
        "pstd": 0.5426854566540942,
        "mean_dt": 10.0
      },
      "50": {
        "count": 215.0,
        "rmse": 2.8746086796255437,
        "mean": 2.7277721025684882,
        "pstd": 0.9069919610600767,
        "mean_dt": 50.0
      }
    }
  },
  "c": {
    "ate": {
      "matches": 624,
      "rmse": 2.390624155374415,
      "R": [
        [
          0.9999330285426267,
          0.007628739879505798,
          -0.00870291660431781
        ],
        [
          -0.007692540933443817,
          0.9999436106135208,
          -0.007321229895582815
        ],
        [
          0.008646574093718443,
          0.007387687124366028,
          0.9999353273264198
        ]
      ],
      "t": [
        -0.4767339355401816,
        2.4873091680372994,
        -1.8569394413663431
      ],
      "s": 1.0
    },
    "rpe": {
      "1": {
        "count": 623.0,
        "rmse": 0.24971828755183684,
        "mean": 0.11733073026690312,
        "pstd": 0.2204375713730695,
        "mean_dt": 1.0
      },
      "10": {
        "count": 614.0,
        "rmse": 0.815392639421189,
        "mean": 0.679451805932425,
        "pstd": 0.4507886420900812,
        "mean_dt": 10.0
      },
      "50": {
        "count": 574.0,
        "rmse": 2.530897965985923,
        "mean": 2.2760691711043743,
        "pstd": 1.1067762387131044,
        "mean_dt": 50.0
      }
    }
  },
  "d": {
    "ate": {
      "matches": 1062,
      "rmse": 2.5756040888846568,
      "R": [
        [
          0.9992474572116888,
          0.03877174907935786,
          0.001127266295720925
        ],
        [
          -0.03877086867203822,
          0.9992478128279035,
          -0.0007926544432659902
        ],
        [
          -0.0011571509796546992,
          0.0007483528433712625,
          0.9999990504843652
        ]
      ],
      "t": [
        -2.187666007227051,
        6.055519964860714,
        -0.4560837204073742
      ],
      "s": 1.0
    },
    "rpe": {
      "1": {
        "count": 1061.0,
        "rmse": 0.5864392075669914,
        "mean": 0.18503284199957334,
        "pstd": 0.5564834153443946,
        "mean_dt": 1.0
      },
      "10": {
        "count": 1052.0,
        "rmse": 0.89477777225098,
        "mean": 0.6857749952712071,
        "pstd": 0.5747520487786036,
        "mean_dt": 10.0
      },
      "50": {
        "count": 1012.0,
        "rmse": 2.3133078179829822,
        "mean": 2.0294540745154657,
        "pstd": 1.1102743895874387,
        "mean_dt": 50.0
      }
    }
  },
  "e": {
    "ate": {
      "matches": 528,
      "rmse": 5.508511752141242,
      "R": [
        [
          0.9985056336449107,
          -0.05393578926385371,
          0.00879944406542817
        ],
        [
          0.0538926115202887,
          0.9985338532407008,
          0.005072509812855442
        ],
        [
          -0.009060132609333006,
          -0.004590704604242633,
          0.9999484183838375
        ]
      ],
      "t": [
        2.102602598261086,
        -3.6109944577859245,
        0.827374857397885
      ],
      "s": 1.0
    },
    "rpe": {
      "1": {
        "count": 527.0,
        "rmse": 0.8124001611300317,
        "mean": 0.2287245670482723,
        "pstd": 0.7795377439436023,
        "mean_dt": 1.0
      },
      "10": {
        "count": 518.0,
        "rmse": 1.415338747721236,
        "mean": 1.1411050357194952,
        "pstd": 0.8372950903096991,
        "mean_dt": 10.0
      },
      "50": {
        "count": 478.0,
        "rmse": 4.615441099131426,
        "mean": 4.066147389927989,
        "pstd": 2.1837449354110285,
        "mean_dt": 50.0
      }
    }
  }
}