{
  "ate": {
    "matches": 1357,
    "rmse": 2.3257480817642375,
    "R": [
      [
        0.9991354240066247,
        0.04157166168241237,
        0.000448820751143642
      ],
      [
        -0.04157268742765048,
        0.9991321285920052,
        0.002588682145960128
      ],
      [
        -0.0003408154140712423,
        -0.002605102718320547,
        0.9999965486363845
      ]
    ],
    "t": [
      -2.0159963674074532,
      6.196541965540284,
      -0.4674605863031802
    ],
    "s": 1.0
  },
  "rpe": {
    "1": {
      "count": 1356.0,
      "rmse": 0.10904770080972717,
      "mean": 0.09265578519363049,
      "pstd": 0.05750049149389568,
      "mean_dt": 1.0
    },
    "10": {
      "count": 1347.0,
      "rmse": 0.7115118565277088,
      "mean": 0.6501957625079747,
      "pstd": 0.28895430849215487,
      "mean_dt": 10.0
    },
    "50": {
      "count": 1307.0,
      "rmse": 2.5305505068618355,
      "mean": 2.234199187462959,
      "pstd": 1.1882928336561391,
      "mean_dt": 50.0
    }
  }
}