{
  "ate": {
    "matches": 1341,
    "rmse": 2.184983620511994,
    "R": [
      [
        0.9998979200481709,
        0.0142545975651613,
        -0.0009777175442543945
      ],
      [
        -0.014250260789067765,
        0.9998891805695278,
        0.004307742731527106
      ],
      [
        0.001039014333205148,
        -0.004293370267372927,
        0.9999902436628881
      ]
    ],
    "t": [
      -0.8084426465284196,
      3.674598895455752,
      -0.8260494544217467
    ],
    "s": 1.0
  },
  "rpe": {
    "1": {
      "count": 1340.0,
      "rmse": 0.16623494870646446,
      "mean": 0.09536051727505541,
      "pstd": 0.13616324730438353,
      "mean_dt": 1.0
    },
    "10": {
      "count": 1331.0,
      "rmse": 0.7216674106760804,
      "mean": 0.6159382591484786,
      "pstd": 0.37606370809885376,
      "mean_dt": 10.0
    },
    "50": {
      "count": 1291.0,
      "rmse": 2.3382783644198812,
      "mean": 2.090390936742655,
      "pstd": 1.0477649741703898,
      "mean_dt": 50.0
    }
  }
}