{
  "ate": {
    "matches": 1064,
    "rmse": 3.2030449064267135,
    "R": [
      [
        0.9998042477355793,
        0.018879438422992924,
        0.005918869379019167
      ],
      [
        -0.018914291598442247,
        0.999803766145128,
        0.005888868766421931
      ],
      [
        -0.005806529361207677,
        -0.005999667228393818,
        0.9999651434974752
      ]
    ],
    "t": [
      -0.35002468717222257,
      3.3182130787540274,
      0.07232135506830861
    ],
    "s": 1.0
  },
  "rpe": {
    "1": {
      "count": 1063.0,
      "rmse": 0.9567092898545453,
      "mean": 0.20444941754721213,
      "pstd": 0.934608528186317,
      "mean_dt": 1.0
    },
    "10": {
      "count": 1054.0,
      "rmse": 2.770954455216432,
      "mean": 0.969523820954072,
      "pstd": 2.595806647939404,
      "mean_dt": 10.0
    },
    "50": {
      "count": 1014.0,
      "rmse": 3.693137032779215,
      "mean": 2.265375757358186,
      "pstd": 2.9167334161453815,
      "mean_dt": 50.0
    }
  }
}