{
  "stats": {
    "topics": {
      "/c_slam/factor_batch/a": {
        "attempts": 230,
        "drops": 0,
        "published": 230,
        "delivered": 230,
        "delivery_rate": 1.0,
        "bytes_attempted": 2716273,
        "bytes_published": 2716273,
        "bytes_delivered": null,
        "drop_reasons": {},
        "delivery_method": "ack",
        "ack_latency_s": {
          "count": 230,
          "min": 0.0033483150182291865,
          "max": 0.09695558698149398,
          "mean": 0.02807920534168775,
          "median": 0.015176748507656157,
          "p90": 0.06148567008785903,
          "p95": 0.0676188986195484,
          "stdev": 0.024212131797333884
        }
      },
      "/c_slam/factor_batch/b": {
        "attempts": 93,
        "drops": 0,
        "published": 93,
        "delivered": 93,
        "delivery_rate": 1.0,
        "bytes_attempted": 1097942,
        "bytes_published": 1097942,
        "bytes_delivered": null,
        "drop_reasons": {},
        "delivery_method": "ack",
        "ack_latency_s": {
          "count": 93,
          "min": 0.0035538499942049384,
          "max": 0.09562059596646577,
          "mean": 0.017399339052918617,
          "median": 0.006785367033444345,
          "p90": 0.04466472519561648,
          "p95": 0.0496316674281843,
          "stdev": 0.01753998427669641
        }
      },
      "/c_slam/factor_batch/c": {
        "attempts": 188,
        "drops": 0,
        "published": 188,
        "delivered": 188,
        "delivery_rate": 1.0,
        "bytes_attempted": 2217949,
        "bytes_published": 2217949,
        "bytes_delivered": null,
        "drop_reasons": {},
        "delivery_method": "ack",
        "ack_latency_s": {
          "count": 188,
          "min": 0.002445613034069538,
          "max": 0.10195041802944615,
          "mean": 0.03173381788439385,
          "median": 0.024684546515345573,
          "p90": 0.06721639867173508,
          "p95": 0.07389348306460305,
          "stdev": 0.02630498863043919
        }
      },
      "/c_slam/factor_batch/d": {
        "attempts": 87,
        "drops": 0,
        "published": 87,
        "delivered": 87,
        "delivery_rate": 1.0,
        "bytes_attempted": 1020851,
        "bytes_published": 1020851,
        "bytes_delivered": null,
        "drop_reasons": {},
        "delivery_method": "ack",
        "ack_latency_s": {
          "count": 87,
          "min": 0.003522031009197235,
          "max": 0.09589232504367828,
          "mean": 0.024867002723133726,
          "median": 0.006837684952188283,
          "p90": 0.06008673037867994,
          "p95": 0.06471839578007349,
          "stdev": 0.023225448150322636
        }
      }
    },
    "generated_by": {
      "component": "ros2_factor_publisher",
      "pid": 471799
    }
  }
}