{
  "ate": {
    "matches": 620,
    "rmse": 2.798994575964513,
    "R": [
      [
        0.9999812247323489,
        0.005994700006895841,
        0.0012703364193217474
      ],
      [
        -0.005995856181299721,
        0.9999816121926811,
        0.0009082869470030258
      ],
      [
        -0.0012648681528529826,
        -0.0009158866481446468,
        0.9999987806293582
      ]
    ],
    "t": [
      -1.9233682557536582,
      1.3915745612416401,
      -0.13848107755613315
    ],
    "s": 1.0
  },
  "rpe": {
    "1": {
      "count": 619.0,
      "rmse": 0.45643410729780876,
      "mean": 0.15836755768213237,
      "pstd": 0.4280792111029733,
      "mean_dt": 1.0
    },
    "10": {
      "count": 610.0,
      "rmse": 1.0665555866689316,
      "mean": 0.831313881523307,
      "pstd": 0.6681751640411088,
      "mean_dt": 10.0
    },
    "50": {
      "count": 570.0,
      "rmse": 3.151268990474148,
      "mean": 2.6263682346571247,
      "pstd": 1.7414609229919484,
      "mean_dt": 50.0
    }
  }
}