{
  "ate": {
    "matches": 1341,
    "rmse": 1.9914197782293295,
    "R": [
      [
        0.9999170086399729,
        0.012850285508527055,
        -0.000919779776797846
      ],
      [
        -0.012849016831130588,
        0.9999165064359554,
        0.0013721965560558533
      ],
      [
        0.0009373360986252911,
        -0.001360264409764382,
        0.9999986355399557
      ]
    ],
    "t": [
      -0.760470226407449,
      3.174377271220436,
      -0.6336626940265502
    ],
    "s": 1.0
  },
  "rpe": {
    "1": {
      "count": 1340.0,
      "rmse": 0.15174860337867552,
      "mean": 0.09143322253611189,
      "pstd": 0.12110988582291875,
      "mean_dt": 1.0
    },
    "10": {
      "count": 1331.0,
      "rmse": 0.6603996966791403,
      "mean": 0.5632510419269943,
      "pstd": 0.344784023907802,
      "mean_dt": 10.0
    },
    "50": {
      "count": 1291.0,
      "rmse": 2.112588228300435,
      "mean": 1.8726579830674321,
      "pstd": 0.9778451313001413,
      "mean_dt": 50.0
    }
  }
}