{
  "ate": {
    "matches": 1064,
    "rmse": 3.303131192805678,
    "R": [
      [
        0.9997715679648631,
        0.019536994187577254,
        0.008667049509116197
      ],
      [
        -0.019523008944158874,
        0.9998079706026175,
        -0.0016952997496171782
      ],
      [
        -0.008698506242176355,
        0.0015257056037592254,
        0.9999610033454132
      ]
    ],
    "t": [
      -0.3994089992490899,
      3.2378107001703853,
      0.5227405125357603
    ],
    "s": 1.0
  },
  "rpe": {
    "1": {
      "count": 1063.0,
      "rmse": 0.9945108530163811,
      "mean": 0.2097464995914556,
      "pstd": 0.9721410610999318,
      "mean_dt": 1.0
    },
    "10": {
      "count": 1054.0,
      "rmse": 2.875080130492972,
      "mean": 0.9996299915494423,
      "pstd": 2.695705035190299,
      "mean_dt": 10.0
    },
    "50": {
      "count": 1014.0,
      "rmse": 3.835289422164875,
      "mean": 2.3731078772501033,
      "pstd": 3.0129394210145164,
      "mean_dt": 50.0
    }
  }
}