{
  "stats": {
    "topics": {
      "/c_slam/factor_batch/a": {
        "attempts": 228,
        "drops": 0,
        "published": 228,
        "delivered": 228,
        "delivery_rate": 1.0,
        "bytes_attempted": 2698474,
        "bytes_published": 2698474,
        "bytes_delivered": null,
        "drop_reasons": {},
        "delivery_method": "ack",
        "ack_latency_s": {
          "count": 228,
          "min": 0.286641503975261,
          "max": 3.2958342150086537,
          "mean": 0.5102434768652944,
          "median": 0.4415907319926191,
          "p90": 0.6764596624823753,
          "p95": 0.7413337244885042,
          "stdev": 0.3428177296719696
        }
      },
      "/c_slam/factor_batch/b": {
        "attempts": 89,
        "drops": 0,
        "published": 89,
        "delivered": 89,
        "delivery_rate": 1.0,
        "bytes_attempted": 1046966,
        "bytes_published": 1046966,
        "bytes_delivered": null,
        "drop_reasons": {},
        "delivery_method": "ack",
        "ack_latency_s": {
          "count": 89,
          "min": 0.09782517101848498,
          "max": 3.603934852988459,
          "mean": 0.6079343026974814,
          "median": 0.5792090889881365,
          "p90": 0.8710557487793267,
          "p95": 1.437785327993331,
          "stdev": 0.5288053227403066
        }
      },
      "/c_slam/factor_batch/c": {
        "attempts": 180,
        "drops": 0,
        "published": 180,
        "delivered": 180,
        "delivery_rate": 1.0,
        "bytes_attempted": 2129895,
        "bytes_published": 2129895,
        "bytes_delivered": null,
        "drop_reasons": {},
        "delivery_method": "ack",
        "ack_latency_s": {
          "count": 180,
          "min": 0.285863981989678,
          "max": 1.181131377001293,
          "mean": 0.4676608555031837,
          "median": 0.45916712351026945,
          "p90": 0.6688633497804403,
          "p95": 0.674696650498663,
          "stdev": 0.18573126055037092
        }
      },
      "/c_slam/factor_batch/d": {
        "attempts": 87,
        "drops": 0,
        "published": 87,
        "delivered": 87,
        "delivery_rate": 1.0,
        "bytes_attempted": 1024379,
        "bytes_published": 1024379,
        "bytes_delivered": null,
        "drop_reasons": {},
        "delivery_method": "ack",
        "ack_latency_s": {
          "count": 87,
          "min": 0.24093331897165626,
          "max": 2.6975029929890297,
          "mean": 0.5103283678629735,
          "median": 0.5777757749892771,
          "p90": 0.6255928418366239,
          "p95": 0.7890828347939537,
          "stdev": 0.3324709610592305
        }
      }
    },
    "generated_by": {
      "component": "ros2_factor_publisher",
      "pid": 492518
    }
  }
}