{
  "stats": {
    "topics": {
      "/c_slam/factor_batch/d": {
        "attempts": 171,
        "drops": 0,
        "published": 171,
        "delivered": 171,
        "delivery_rate": 1.0,
        "bytes_attempted": 2024083,
        "bytes_published": 2024083,
        "bytes_delivered": null,
        "drop_reasons": {},
        "delivery_method": "ack",
        "ack_latency_s": {
          "count": 171,
          "min": 0.28666305902879685,
          "max": 4.946420615015086,
          "mean": 0.737020321300305,
          "median": 0.5803415779955685,
          "p90": 1.1683941740193404,
          "p95": 2.613697974011302,
          "stdev": 0.872500682765485
        }
      },
      "/c_slam/factor_batch/b": {
        "attempts": 36,
        "drops": 0,
        "published": 36,
        "delivered": 36,
        "delivery_rate": 1.0,
        "bytes_attempted": 420753,
        "bytes_published": 420753,
        "bytes_delivered": null,
        "drop_reasons": {},
        "delivery_method": "ack",
        "ack_latency_s": {
          "count": 36,
          "min": 0.28856403700774536,
          "max": 3.4878052180283703,
          "mean": 0.7017068596647328,
          "median": 0.5760973115102388,
          "p90": 1.318566803500289,
          "p95": 2.11864311498357,
          "stdev": 0.7061368573447484
        }
      },
      "/c_slam/factor_batch/c": {
        "attempts": 126,
        "drops": 0,
        "published": 126,
        "delivered": 126,
        "delivery_rate": 1.0,
        "bytes_attempted": 1489179,
        "bytes_published": 1489179,
        "bytes_delivered": null,
        "drop_reasons": {},
        "delivery_method": "ack",
        "ack_latency_s": {
          "count": 126,
          "min": 0.21303426998201758,
          "max": 5.57247799099423,
          "mean": 0.8609348645323835,
          "median": 0.5776676860114094,
          "p90": 2.0549241499975324,
          "p95": 3.6047273797594244,
          "stdev": 1.1151314286238583
        }
      },
      "/c_slam/factor_batch/a": {
        "attempts": 243,
        "drops": 0,
        "published": 243,
        "delivered": 243,
        "delivery_rate": 1.0,
        "bytes_attempted": 2877824,
        "bytes_published": 2877824,
        "bytes_delivered": null,
        "drop_reasons": {},
        "delivery_method": "ack",
        "ack_latency_s": {
          "count": 243,
          "min": 0.24997149797854945,
          "max": 5.256209023005795,
          "mean": 0.5632340839207403,
          "median": 0.5791470319963992,
          "p90": 0.73231655980926,
          "p95": 0.7410121104272548,
          "stdev": 0.5080769590390108
        }
      },
      "/c_slam/factor_batch/e": {
        "attempts": 88,
        "drops": 0,
        "published": 88,
        "delivered": 88,
        "delivery_rate": 1.0,
        "bytes_attempted": 1036282,
        "bytes_published": 1036282,
        "bytes_delivered": null,
        "drop_reasons": {},
        "delivery_method": "ack",
        "ack_latency_s": {
          "count": 88,
          "min": 0.28561300999717787,
          "max": 5.212537551007699,
          "mean": 0.6168535237282579,
          "median": 0.3660394875332713,
          "p90": 0.8792212113097775,
          "p95": 1.8584947824740035,
          "stdev": 0.7209386369846636
        }
      }
    },
    "generated_by": {
      "component": "ros2_factor_publisher",
      "pid": 476719
    }
  }
}