{
  "a": {
    "ate": {
      "matches": 1347,
      "rmse": 2.7235638221260796,
      "R": [
        [
          0.9993510052406017,
          0.03497398743853911,
          -0.008624878390398858
        ],
        [
          -0.03504490888931197,
          0.9993519857696482,
          -0.008213580169547749
        ],
        [
          0.008332027696791613,
          0.008510507676434749,
          0.9999290717713681
        ]
      ],
      "t": [
        -3.3011462983173203,
        4.2355110017990185,
        -2.374987220476987
      ],
      "s": 1.0
    },
    "rpe": {
      "1": {
        "count": 1346.0,
        "rmse": 0.1561250192844938,
        "mean": 0.10575653579638333,
        "pstd": 0.11485023632074873,
        "mean_dt": 1.0
      },
      "10": {
        "count": 1337.0,
        "rmse": 0.8678291206842038,
        "mean": 0.7588425646824576,
        "pstd": 0.42105266266070357,
        "mean_dt": 10.0
      },
      "50": {
        "count": 1297.0,
        "rmse": 2.9365806489666557,
        "mean": 2.602323353455563,
        "pstd": 1.3606686120967215,
        "mean_dt": 50.0
      }
    }
  },
  "b": {
    "ate": {
      "matches": 617,
      "rmse": 4.708365546938374,
      "R": [
        [
          0.9999346162611774,
          -0.004546514911544138,
          -0.010492492781509884
        ],
        [
          0.004631300259734105,
          0.9999567083377553,
          0.008070471375565137
        ],
        [
          0.010455346025604096,
          -0.008118537582516884,
          0.9999123837051955
        ]
      ],
      "t": [
        -4.2629654550001845,
        -2.29055657824388,
        -4.979691293798903
      ],
      "s": 1.0
    },
    "rpe": {
      "1": {
        "count": 616.0,
        "rmse": 0.3270047047517627,
        "mean": 0.15652704291261127,
        "pstd": 0.28710862363715406,
        "mean_dt": 1.0
      },
      "10": {
        "count": 607.0,
        "rmse": 1.3553420449564337,
        "mean": 1.058562611238884,
        "pstd": 0.8464025383431946,
        "mean_dt": 10.0
      },
      "50": {
        "count": 567.0,
        "rmse": 4.721411789165176,
        "mean": 3.6984137971155895,
        "pstd": 2.9348704687213965,
        "mean_dt": 50.0
      }
    }
  },
  "c": {
    "ate": {
      "matches": 1070,
      "rmse": 3.2852108867152725,
      "R": [
        [
          0.9992292125564235,
          0.0388114166324326,
          -0.00588682536297367
        ],
        [
          -0.03887878027510727,
          0.9991743028140969,
          -0.011796314690758317
        ],
        [
          0.005424132943647245,
          0.012016094829319188,
          0.9999130923469611
        ]
      ],
      "t": [
        -3.4439510526504478,
        5.138103136755177,
        -2.1214249308483604
      ],
      "s": 1.0
    },
    "rpe": {
      "1": {
        "count": 1069.0,
        "rmse": 0.8695658407972512,
        "mean": 0.2452490981623694,
        "pstd": 0.8342647249716215,
        "mean_dt": 1.0
      },
      "10": {
        "count": 1060.0,
        "rmse": 1.2990582996537718,
        "mean": 0.9272727908822388,
        "pstd": 0.9097898862862854,
        "mean_dt": 10.0
      },
      "50": {
        "count": 1020.0,
        "rmse": 3.0091096618590787,
        "mean": 2.667781348819027,
        "pstd": 1.3920070517015994,
        "mean_dt": 50.0
      }
    }
  }
}