{
  "ate": {
    "matches": 607,
    "rmse": 1.8858318496433741,
    "R": [
      [
        0.9999778718305853,
        0.0015088627014913953,
        0.006479134395904395
      ],
      [
        -0.0015358507815492707,
        0.9999901576197735,
        0.004162430294460624
      ],
      [
        -0.006472790089981291,
        -0.004172289171123611,
        0.9999703470561127
      ]
    ],
    "t": [
      -0.7434760239356848,
      0.4578496380745918,
      0.03088509021698016
    ],
    "s": 1.0
  },
  "rpe": {
    "1": {
      "count": 606.0,
      "rmse": 0.11333206161929267,
      "mean": 0.0916561262990122,
      "pstd": 0.0666581630615387,
      "mean_dt": 1.0
    },
    "10": {
      "count": 597.0,
      "rmse": 0.7221244717053311,
      "mean": 0.6261299284523073,
      "pstd": 0.3597569531392164,
      "mean_dt": 10.0
    },
    "50": {
      "count": 557.0,
      "rmse": 2.385112337121237,
      "mean": 2.1004970107620196,
      "pstd": 1.1298996276075814,
      "mean_dt": 50.0
    }
  }
}