{
  "a": {
    "ate": {
      "matches": 1355,
      "rmse": 2.2751396149282916,
      "R": [
        [
          0.9998772262494122,
          0.013825902711063175,
          0.007374065500499103
        ],
        [
          -0.013793132647839849,
          0.9998948498746685,
          -0.0044764590775371454
        ],
        [
          -0.007435181204283606,
          0.004374198022264603,
          0.999962791543826
        ]
      ],
      "t": [
        -1.1916643449230122,
        2.0742287424890264,
        0.26496797341329525
      ],
      "s": 1.0
    },
    "rpe": {
      "1": {
        "count": 1354.0,
        "rmse": 0.1301015551390288,
        "mean": 0.09768228631497522,
        "pstd": 0.08593361152583419,
        "mean_dt": 1.0
      },
      "10": {
        "count": 1345.0,
        "rmse": 0.7605915461090741,
        "mean": 0.6799707626583431,
        "pstd": 0.34079210956596656,
        "mean_dt": 10.0
      },
      "50": {
        "count": 1305.0,
        "rmse": 2.5508524058757476,
        "mean": 2.285173934708506,
        "pstd": 1.1335025737469417,
        "mean_dt": 50.0
      }
    }
  },
  "b": {
    "ate": {
      "matches": 607,
      "rmse": 1.8858318496433741,
      "R": [
        [
          0.9999778718305853,
          0.0015088627014913953,
          0.006479134395904395
        ],
        [
          -0.0015358507815492707,
          0.9999901576197735,
          0.004162430294460624
        ],
        [
          -0.006472790089981291,
          -0.004172289171123611,
          0.9999703470561127
        ]
      ],
      "t": [
        -0.7434760239356848,
        0.4578496380745918,
        0.03088509021698016
      ],
      "s": 1.0
    },
    "rpe": {
      "1": {
        "count": 606.0,
        "rmse": 0.11333206161929267,
        "mean": 0.0916561262990122,
        "pstd": 0.0666581630615387,
        "mean_dt": 1.0
      },
      "10": {
        "count": 597.0,
        "rmse": 0.7221244717053311,
        "mean": 0.6261299284523073,
        "pstd": 0.3597569531392164,
        "mean_dt": 10.0
      },
      "50": {
        "count": 557.0,
        "rmse": 2.385112337121237,
        "mean": 2.1004970107620196,
        "pstd": 1.1298996276075814,
        "mean_dt": 50.0
      }
    }
  },
  "c": {
    "ate": {
      "matches": 1062,
      "rmse": 2.4417946173657428,
      "R": [
        [
          0.9999524171358745,
          0.0076934384131950705,
          0.005997872081446158
        ],
        [
          -0.0076591605107184085,
          0.9999543244837006,
          -0.005717185200553275
        ],
        [
          -0.006041582937779424,
          0.005670974495512161,
          0.9999656690726323
        ]
      ],
      "t": [
        -0.7194486474282087,
        1.2250273742830444,
        0.2735367236652646
      ],
      "s": 1.0
    },
    "rpe": {
      "1": {
        "count": 1061.0,
        "rmse": 0.5206343001393244,
        "mean": 0.18160034439708198,
        "pstd": 0.4879358455744213,
        "mean_dt": 1.0
      },
      "10": {
        "count": 1052.0,
        "rmse": 0.8969137738522315,
        "mean": 0.7007348354357099,
        "pstd": 0.5598437354590483,
        "mean_dt": 10.0
      },
      "50": {
        "count": 1012.0,
        "rmse": 2.360764319859586,
        "mean": 2.0340429868012064,
        "pstd": 1.1982809778040049,
        "mean_dt": 50.0
      }
    }
  },
  "d": {
    "ate": {
      "matches": 531,
      "rmse": 4.360492827005843,
      "R": [
        [
          0.9994854194660694,
          -0.02789969563330921,
          0.01582729472472826
        ],
        [
          0.027959954072654693,
          0.9996025658686889,
          -0.003598788266638727
        ],
        [
          -0.015720599320310398,
          0.0040394668338487386,
          0.9998682640551747
        ]
      ],
      "t": [
        1.6106908232911792,
        -1.575652514849505,
        0.9955572029467188
      ],
      "s": 1.0
    },
    "rpe": {
      "1": {
        "count": 530.0,
        "rmse": 0.6319499375878789,
        "mean": 0.20605099659983472,
        "pstd": 0.5974141866557396,
        "mean_dt": 1.0
      },
      "10": {
        "count": 521.0,
        "rmse": 1.163593840364872,
        "mean": 0.9970240104833755,
        "pstd": 0.5999114500113466,
        "mean_dt": 10.0
      },
      "50": {
        "count": 481.0,
        "rmse": 3.9524320969846585,
        "mean": 3.5808599367334906,
        "pstd": 1.6730695128330977,
        "mean_dt": 50.0
      }
    }
  }
}