{
  "ate": {
    "matches": 1062,
    "rmse": 2.4417946173657428,
    "R": [
      [
        0.9999524171358745,
        0.0076934384131950705,
        0.005997872081446158
      ],
      [
        -0.0076591605107184085,
        0.9999543244837006,
        -0.005717185200553275
      ],
      [
        -0.006041582937779424,
        0.005670974495512161,
        0.9999656690726323
      ]
    ],
    "t": [
      -0.7194486474282087,
      1.2250273742830444,
      0.2735367236652646
    ],
    "s": 1.0
  },
  "rpe": {
    "1": {
      "count": 1061.0,
      "rmse": 0.5206343001393244,
      "mean": 0.18160034439708198,
      "pstd": 0.4879358455744213,
      "mean_dt": 1.0
    },
    "10": {
      "count": 1052.0,
      "rmse": 0.8969137738522315,
      "mean": 0.7007348354357099,
      "pstd": 0.5598437354590483,
      "mean_dt": 10.0
    },
    "50": {
      "count": 1012.0,
      "rmse": 2.360764319859586,
      "mean": 2.0340429868012064,
      "pstd": 1.1982809778040049,
      "mean_dt": 50.0
    }
  }
}