{
  "loop_closure_correction": {
    "count": 374,
    "min": 0.005073763022664934,
    "max": 0.1616700069862418,
    "mean": 0.04812799064354737,
    "median": 0.04431207847665064,
    "p90": 0.08694542850134891,
    "p95": 0.09652839232294354,
    "p99": 0.15172375948633993,
    "stdev": 0.027379219175204722
  },
  "interface_correction": {
    "count": 3,
    "min": 0.04488058795686811,
    "max": 0.06878487404901534,
    "mean": 0.058935750663901366,
    "median": 0.06314178998582065,
    "p90": 0.0676562572363764,
    "p95": 0.06822056564269588,
    "p99": 0.06867201236775144,
    "stdev": 0.01020201935817788
  },
  "loop_closure_correction_stabilised": {
    "count": 374,
    "min": 0.19254112243652344,
    "max": 11.634068489074707,
    "mean": 6.568906498465308,
    "median": 7.229368209838867,
    "p90": 10.786506652832031,
    "p95": 11.075621736049651,
    "p99": 11.339992253780366,
    "stdev": 3.278299362492054
  },
  "loop_closure_correction_stabilised_params": {
    "epsilon": 0.001,
    "required": 3
  },
  "interface_correction_stabilised": {
    "count": 3,
    "min": 11.109439611434937,
    "max": 11.636183977127075,
    "mean": 11.362074851989746,
    "median": 11.340600967407227,
    "p90": 11.577067375183105,
    "p95": 11.60662567615509,
    "p99": 11.630272316932679,
    "stdev": 0.21557790932962945
  },
  "interface_correction_stabilised_params": {
    "epsilon": 0.001,
    "required": 3
  },
  "time_to_global_convergence_s": 11.605320930480957,
  "time_to_global_convergence_method": "last_map_broadcast",
  "timeline_start_ts": 1770245995.5304744,
  "timeline_end_ts": 1770246007.1357954,
  "optimization_duration_s": {
    "count": 164,
    "min": 0.000376045994926244,
    "max": 0.058140450972132385,
    "mean": 0.006401332512656908,
    "median": 0.0028930390253663063,
    "p90": 0.016879810416139705,
    "p95": 0.028113202322856516,
    "p99": 0.04919356549798977,
    "stdev": 0.009892340897872907
  },
  "communication_uplink_messages": 340,
  "communication_uplink_bytes": 4019928,
  "communication_downlink_messages": 164,
  "communication_downlink_bytes": 24289168,
  "communication_uplink_bytes_per_s": 346386.629381511,
  "communication_downlink_bytes_per_s": 2092933.7624955615,
  "delivery_topics": {},
  "estimation_metrics": {
    "ate": {
      "a": {
        "matches": 596,
        "rmse": 1.65499582235998,
        "R": [
          [
            0.9999621005909,
            0.008222765784086468,
            -0.002860682557566378
          ],
          [
            -0.008238625550155577,
            0.9999505089508011,
            -0.005577158602495212
          ],
          [
            0.002814681310456163,
            0.005600515323889332,
            0.9999803557056648
          ]
        ],
        "t": [
          -0.07099113849015737,
          1.4033178769723662,
          -0.6487503396729792
        ],
        "s": 1.0
      },
      "c": {
        "matches": 459,
        "rmse": 1.5694601694252257,
        "R": [
          [
            0.9999691461638996,
            0.007838724757912623,
            -0.000510993552870518
          ],
          [
            -0.007838532326334193,
            0.9999692069765784,
            0.0003775044406782377
          ],
          [
            0.0005139369712394357,
            -0.00037348735373534184,
            0.9999997981879726
          ]
        ],
        "t": [
          0.6670831940276116,
          1.6178123415488166,
          -0.1867579035253284
        ],
        "s": 1.0
      },
      "b": {
        "matches": 1020,
        "rmse": 1.847493008808973,
        "R": [
          [
            0.9999704453151531,
            0.006994547957335304,
            -0.0031913625755217306
          ],
          [
            -0.007009576324525305,
            0.9999642815361545,
            -0.004722445514166167
          ],
          [
            0.003158217213328207,
            0.004744676043329676,
            0.9999837567247166
          ]
        ],
        "t": [
          -0.13424355772826857,
          1.668185445422985,
          -0.5681435173175542
        ],
        "s": 1.0
      }
    },
    "rpe": {
      "a": {
        "1": {
          "count": 595.0,
          "rmse": 0.10288095271045868,
          "mean": 0.08194919962791013,
          "pstd": 0.062199832081417834,
          "mean_dt": 1.0
        },
        "10": {
          "count": 586.0,
          "rmse": 0.544328794841699,
          "mean": 0.4827938512615463,
          "pstd": 0.25140392613851603,
          "mean_dt": 10.0
        },
        "50": {
          "count": 546.0,
          "rmse": 1.7696293457801235,
          "mean": 1.6460616969105561,
          "pstd": 0.6496683087623466,
          "mean_dt": 50.0
        }
      },
      "c": {
        "1": {
          "count": 458.0,
          "rmse": 0.9198442848993134,
          "mean": 0.40934786471507456,
          "pstd": 0.8237401496316286,
          "mean_dt": 1.0
        },
        "10": {
          "count": 449.0,
          "rmse": 1.1122548291504624,
          "mean": 0.7874981376082424,
          "pstd": 0.7854664144519953,
          "mean_dt": 10.0
        },
        "50": {
          "count": 409.0,
          "rmse": 1.8138452165694374,
          "mean": 1.6346866619008735,
          "pstd": 0.7860241644346624,
          "mean_dt": 50.0
        }
      },
      "b": {
        "1": {
          "count": 1019.0,
          "rmse": 0.343328626328361,
          "mean": 0.11891964221193047,
          "pstd": 0.3220755569004047,
          "mean_dt": 1.0
        },
        "10": {
          "count": 1010.0,
          "rmse": 0.892125387858528,
          "mean": 0.6228275230383203,
          "pstd": 0.6387280988086247,
          "mean_dt": 10.0
        },
        "50": {
          "count": 970.0,
          "rmse": 2.067085492897162,
          "mean": 1.6878593482865532,
          "pstd": 1.1933035051266707,
          "mean_dt": 50.0
        }
      }
    }
  },
  "input_end_team_ts": 1770246007.1358528,
  "input_end_method": "input_end_event",
  "input_end_per_robot_ts": {
    "team": 1770246007.1358528
  },
  "time_from_input_end_to_team_convergence_s": 0.010358095169067383,
  "time_from_input_end_to_team_convergence_method": "stable_window",
  "time_from_input_end_to_team_convergence_per_robot_s": {
    "server": 0.010358095169067383
  },
  "time_from_input_end_to_team_convergence_params": {
    "epsilon": 0.001,
    "required": 3
  },
  "time_from_input_end_to_ddf_stop_team_s": null,
  "time_from_input_end_to_ddf_stop_method": "no_ddf_stop_event",
  "time_from_input_end_to_ddf_stop_per_robot_s": {},
  "stable_team_convergence_s": 0.010358095169067383,
  "stable_team_convergence_method": "stable_window",
  "stable_team_convergence_per_robot_s": {
    "server": 0.010358095169067383
  },
  "stable_team_convergence_params": {
    "epsilon": 0.001,
    "required": 3
  },
  "stable_loop_closure_correction": {
    "count": 374,
    "min": 0.19254112243652344,
    "max": 11.634068489074707,
    "mean": 6.568906498465308,
    "median": 7.229368209838867,
    "p90": 10.786506652832031,
    "p95": 11.075621736049651,
    "p99": 11.339992253780366,
    "stdev": 3.278299362492054
  },
  "stable_loop_closure_correction_params": {
    "epsilon": 0.001,
    "required": 3
  },
  "stable_interface_correction": {
    "count": 3,
    "min": 11.109439611434937,
    "max": 11.636183977127075,
    "mean": 11.362074851989746,
    "median": 11.340600967407227,
    "p90": 11.577067375183105,
    "p95": 11.60662567615509,
    "p99": 11.630272316932679,
    "stdev": 0.21557790932962945
  },
  "stable_interface_correction_params": {
    "epsilon": 0.001,
    "required": 3
  },
  "event_time_to_global_convergence_s": 11.605320930480957,
  "event_time_to_global_convergence_method": "last_map_broadcast",
  "event_loop_closure_correction": {
    "count": 374,
    "min": 0.005073763022664934,
    "max": 0.1616700069862418,
    "mean": 0.04812799064354737,