{
  "ate": {
    "d": {
      "matches": 1063,
      "rmse": 2.5458882699036858,
      "R": [
        [
          0.9999840911726416,
          0.005356137035167215,
          0.0017689538396588685
        ],
        [
          -0.005343148127039689,
          0.9999593157487727,
          -0.007267572864493234
        ],
        [
          -0.001807807987271722,
          0.007258005463536089,
          0.9999720262022195
        ]
      ],
      "t": [
        -0.6410802014503219,
        0.011926147615028526,
        -0.3038696271002399
      ],
      "s": 1.0
    },
    "b": {
      "matches": 188,
      "rmse": 0.8783461434242557,
      "R": [
        [
          0.9999922781896827,
          0.0032247962772009127,
          -0.002245940778102652
        ],
        [
          -0.0032257159283648543,
          0.9999947149583351,
          -0.0004059706244771699
        ],
        [
          0.002244619735653602,
          0.0004132122565911195,
          0.9999973954655449
        ]
      ],
      "t": [
        -0.5364860481570659,
        0.34980434020045337,
        -0.2785033896193534
      ],
      "s": 1.0
    },
    "c": {
      "matches": 703,
      "rmse": 1.724809876700553,
      "R": [
        [
          0.9999967057397346,
          0.002409062901281186,
          0.0008859602788095348
        ],
        [
          -0.0024026747492160738,
          0.999971607958724,
          -0.007142158671815661
        ],
        [
          -0.0009031410340800882,
          0.007140006469295433,
          0.9999741019865918
        ]
      ],
      "t": [
        0.2019913922880221,
        0.004146675636391706,
        -0.27450856098092435
      ],
      "s": 1.0
    },
    "e": {
      "matches": 533,
      "rmse": 2.3204108492864135,
      "R": [
        [
          0.9999886901201674,
          0.0031825807391287443,
          0.003534234229817382
        ],
        [
          -0.0031731204875540876,
          0.9999913767305632,
          -0.002679136219909603
        ],
        [
          -0.0035427303204943524,
          0.0026678913681584433,
          0.9999901656604052
        ]
      ],
      "t": [
        0.40782422674152485,
        0.2597610364219136,
        0.24726984399554297
      ],
      "s": 1.0
    },
    "a": {
      "matches": 1350,
      "rmse": 1.854328795398962,
      "R": [
        [
          0.9999964577665611,
          0.0026317057517968086,
          0.00039821999751230453
        ],
        [
          -0.00262927461421978,
          0.9999786204922188,
          -0.005987108941878219
        ],
        [
          -0.0004139677928037496,
          0.005986040704410389,
          0.9999819978116363
        ]
      ],
      "t": [
        0.05082256924021067,
        -0.04711121459271794,
        -0.2665349841554443
      ],
      "s": 1.0
    }
  },
  "rpe": {
    "d": {
      "1": {
        "count": 1062.0,
        "rmse": 0.7527953054408949,
        "mean": 0.20503089193307752,
        "pstd": 0.7243363205355486,
        "mean_dt": 1.0
      },
      "10": {
        "count": 1053.0,
        "rmse": 1.271164752480968,
        "mean": 0.7346074877634146,
        "pstd": 1.0374062207601826,
        "mean_dt": 10.0
      },
      "50": {
        "count": 1013.0,
        "rmse": 2.717136826084863,
        "mean": 2.041947243982562,
        "pstd": 1.7925635231306423,
        "mean_dt": 50.0
      }
    },
    "b": {
      "1": {
        "count": 187.0,
        "rmse": 0.37903880559107117,
        "mean": 0.1978628678314815,
        "pstd": 0.32329661562937456,
        "mean_dt": 1.0
      },
      "10": {
        "count": 178.0,
        "rmse": 0.6131009968325501,
        "mean": 0.5185329847739492,
        "pstd": 0.3271335751928962,
        "mean_dt": 10.0
      },
      "50": {
        "count": 138.0,
        "rmse": 1.5093767406088485,
        "mean": 1.3914244516337073,
        "pstd": 0.5849411427544049,
        "mean_dt": 50.0
      }
    },
    "c": {
      "1": {
        "count": 702.0,
        "rmse": 1.620565639822028,
        "mean": 0.7422170745836777,
        "pstd": 1.4406064025847676,
        "mean_dt": 1.0
      },
      "10": {
        "count": 693.0,
        "rmse": 1.6176050059252958,
        "mean": 0.997390681098771,
        "pstd": 1.2735218036813925,
        "mean_dt": 10.0
      },
      "50": {
        "count": 653.0,
        "rmse": 1.988346665752814,
        "mean": 1.7183613343762132,
        "pstd": 1.0003783223016844,
        "mean_dt": 50.0
      }
    },
    "e": {
      "1": {
        "count": 532.0,
        "rmse": 0.3288330031836109,
        "mean": 0.14774442534509774,
        "pstd": 0.2937732608019313,
        "mean_dt": 1.0
      },
      "10": {
        "count": 523.0,
        "rmse": 0.7292137661987848,
        "mean": 0.6001143804122907,
        "pstd": 0.41426494811435405,
        "mean_dt": 10.0
      },
      "50": {
        "count": 483.0,
        "rmse": 2.3312699501950256,
        "mean": 2.0374802295641157,
        "pstd": 1.1329138955885738,
        "mean_dt": 50.0
      }
    },
    "a": {
      "1": {
        "count": 1349.0,
        "rmse": 0.1140133161382604,
        "mean": 0.08026419019070612,
        "pstd": 0.08097342792467828,
        "mean_dt": 1.0
      },
      "10": {
        "count": 1340.0,
        "rmse": 0.4742753741890678,
        "mean": 0.42427596050339983,
        "pstd": 0.21195999599239954,
        "mean_dt": 10.0
      },
      "50": {
        "count": 1300.0,
        "rmse": 1.6626057058914108,
        "mean": 1.4750175459452914,
        "pstd": 0.7671903104290385,
        "mean_dt": 50.0
      }
    }
  }
}