{
  "stats": {
    "topics": {
      "/c_slam/factor_batch/d": {
        "attempts": 171,
        "drops": 0,
        "published": 171,
        "delivered": 171,
        "delivery_rate": 1.0,
        "bytes_attempted": 2024093,
        "bytes_published": 2024093,
        "bytes_delivered": null,
        "drop_reasons": {},
        "delivery_method": "ack",
        "ack_latency_s": {
          "count": 171,
          "min": 0.0050979069783352315,
          "max": 9.68247485003667,
          "mean": 2.9930686409961655,
          "median": 1.7472090529627167,
          "p90": 7.1649734799866565,
          "p95": 7.460316568496637,
          "stdev": 2.976342501424717
        }
      },
      "/c_slam/factor_batch/b": {
        "attempts": 36,
        "drops": 0,
        "published": 36,
        "delivered": 36,
        "delivery_rate": 1.0,
        "bytes_attempted": 420751,
        "bytes_published": 420751,
        "bytes_delivered": null,
        "drop_reasons": {},
        "delivery_method": "ack",
        "ack_latency_s": {
          "count": 36,
          "min": 0.00785672600613907,
          "max": 9.676477811997756,
          "mean": 0.9248974578901349,
          "median": 0.3012596820190083,
          "p90": 1.5078120935068,
          "p95": 3.908662746733171,
          "stdev": 2.0510376375616017
        }
      },
      "/c_slam/factor_batch/c": {
        "attempts": 126,
        "drops": 0,
        "published": 126,
        "delivered": 126,
        "delivery_rate": 1.0,
        "bytes_attempted": 1489179,
        "bytes_published": 1489179,
        "bytes_delivered": null,
        "drop_reasons": {},
        "delivery_method": "ack",
        "ack_latency_s": {
          "count": 126,
          "min": 0.005736337974667549,
          "max": 9.806732336001005,
          "mean": 2.1594529447537507,
          "median": 0.7008972970070317,
          "p90": 5.682504066004185,
          "p95": 7.871759387024213,
          "stdev": 2.6229250532041397
        }
      },
      "/c_slam/factor_batch/a": {
        "attempts": 243,
        "drops": 0,
        "published": 243,
        "delivered": 243,
        "delivery_rate": 1.0,
        "bytes_attempted": 2877838,
        "bytes_published": 2877838,
        "bytes_delivered": null,
        "drop_reasons": {},
        "delivery_method": "ack",
        "ack_latency_s": {
          "count": 243,
          "min": 0.0044197620009072125,
          "max": 9.820271286997013,
          "mean": 5.415401521812187,
          "median": 6.355827201972716,
          "p90": 9.171689498180058,
          "p95": 9.440348755189916,
          "stdev": 3.4199417404588357
        }
      },
      "/c_slam/factor_batch/e": {
        "attempts": 88,
        "drops": 0,
        "published": 88,
        "delivered": 88,
        "delivery_rate": 1.0,
        "bytes_attempted": 1036267,
        "bytes_published": 1036267,
        "bytes_delivered": null,
        "drop_reasons": {},
        "delivery_method": "ack",
        "ack_latency_s": {
          "count": 88,
          "min": 0.005791852017864585,
          "max": 9.802202948951162,
          "mean": 1.6684511067598413,
          "median": 1.027529949991731,
          "p90": 4.3382257310149726,
          "p95": 4.843447472745902,
          "stdev": 1.8398459703571273
        }
      }
    },
    "generated_by": {
      "component": "ros2_factor_publisher",
      "pid": 451833
    }
  }
}