{
  "ate": {
    "matches": 624,
    "rmse": 2.537717150095502,
    "R": [
      [
        0.9999521945463195,
        0.006702288782194015,
        -0.007119546831095145
      ],
      [
        -0.006733835693154301,
        0.9999675751869567,
        -0.004416336895726153
      ],
      [
        0.007089716415885575,
        0.004464067629307587,
        0.9999649033947856
      ]
    ],
    "t": [
      -0.6413972151194969,
      2.308570391641723,
      -1.8928408249996318
    ],
    "s": 1.0
  },
  "rpe": {
    "1": {
      "count": 623.0,
      "rmse": 0.25194838251611384,
      "mean": 0.12005156060654429,
      "pstd": 0.22150758508100638,
      "mean_dt": 1.0
    },
    "10": {
      "count": 614.0,
      "rmse": 0.8564231219188534,
      "mean": 0.7123305570483861,
      "pstd": 0.4754426792499505,
      "mean_dt": 10.0
    },
    "50": {
      "count": 574.0,
      "rmse": 2.7364705062138417,
      "mean": 2.4055377395569386,
      "pstd": 1.304476529089558,
      "mean_dt": 50.0
    }
  }
}