{
  "ate": {
    "matches": 1341,
    "rmse": 1.8797324846600554,
    "R": [
      [
        0.9999430695585695,
        0.010649461885034928,
        -0.0006682838795499298
      ],
      [
        -0.010648627425899948,
        0.9999425328708639,
        0.001240036186880289
      ],
      [
        0.0006814511933021653,
        -0.001232849285024741,
        0.9999990078529637
      ]
    ],
    "t": [
      -0.932276681680321,
      2.8268674299878356,
      -0.6502814640535615
    ],
    "s": 1.0
  },
  "rpe": {
    "1": {
      "count": 1340.0,
      "rmse": 0.1484405390143872,
      "mean": 0.09025576775542604,
      "pstd": 0.11784943788478741,
      "mean_dt": 1.0
    },
    "10": {
      "count": 1331.0,
      "rmse": 0.6322264791788462,
      "mean": 0.5403894399596569,
      "pstd": 0.32816089674878757,
      "mean_dt": 10.0
    },
    "50": {
      "count": 1291.0,
      "rmse": 2.004192287805167,
      "mean": 1.7790431670858589,
      "pstd": 0.9229258562543503,
      "mean_dt": 50.0
    }
  }
}