{
  "ate": {
    "matches": 620,
    "rmse": 2.7589751444171164,
    "R": [
      [
        0.9999782879933514,
        0.006522275180945415,
        0.0009399299710589814
      ],
      [
        -0.006522741894128519,
        0.9999786045075166,
        0.0004943332712911142
      ],
      [
        -0.0009366856831678951,
        -0.0005004534589235568,
        0.999999436082974
      ]
    ],
    "t": [
      -1.926980253374623,
      1.5374095273578234,
      -0.20018468645899423
    ],
    "s": 1.0
  },
  "rpe": {
    "1": {
      "count": 619.0,
      "rmse": 0.45325742258261564,
      "mean": 0.15739884599292694,
      "pstd": 0.4250504610117846,
      "mean_dt": 1.0
    },
    "10": {
      "count": 610.0,
      "rmse": 1.0527922521198834,
      "mean": 0.8217194032778851,
      "pstd": 0.6581403713496784,
      "mean_dt": 10.0
    },
    "50": {
      "count": 570.0,
      "rmse": 3.1082368284198303,
      "mean": 2.585117362509573,
      "pstd": 1.7257764639711954,
      "mean_dt": 50.0
    }
  }
}