{
  "ate": {
    "matches": 529,
    "rmse": 4.887230111931965,
    "R": [
      [
        0.9989979424906182,
        -0.04456847618069849,
        0.004094121449173778
      ],
      [
        0.04453644621960492,
        0.9989787967371236,
        0.007607143207257763
      ],
      [
        -0.004428979299827114,
        -0.007417182792544354,
        0.9999626840746526
      ]
    ],
    "t": [
      1.4002988275711346,
      -2.7895252000637356,
      0.20226637705941908
    ],
    "s": 1.0
  },
  "rpe": {
    "1": {
      "count": 528.0,
      "rmse": 0.7176141724745412,
      "mean": 0.21559855209994486,
      "pstd": 0.6844613684268295,
      "mean_dt": 1.0
    },
    "10": {
      "count": 519.0,
      "rmse": 1.4182575239651272,
      "mean": 1.1050353253023226,
      "pstd": 0.8890170606448916,
      "mean_dt": 10.0
    },
    "50": {
      "count": 479.0,
      "rmse": 4.539825617574905,
      "mean": 3.8889036140241333,
      "pstd": 2.3423162294659106,
      "mean_dt": 50.0
    }
  }
}