{
  "ate": {
    "d": {
      "matches": 1063,
      "rmse": 2.5366524339033396,
      "R": [
        [
          0.9999800268219098,
          0.005723603292287366,
          0.002680731729571615
        ],
        [
          -0.005704810412062953,
          0.9999594620309302,
          -0.006966306982518239
        ],
        [
          -0.0027204954357319166,
          0.0069508747769454204,
          0.9999721417341683
        ]
      ],
      "t": [
        -0.5311525368667702,
        -0.16748084260488127,
        -0.15392932748975685
      ],
      "s": 1.0
    },
    "b": {
      "matches": 188,
      "rmse": 0.9138637217957701,
      "R": [
        [
          0.9999914102398387,
          0.004089405134054309,
          -0.0006754348137150909
        ],
        [
          -0.004089760120470642,
          0.9999914990693636,
          -0.0005250249168193347
        ],
        [
          0.0006732820323002431,
          0.0005277827733463011,
          0.9999996340682575
        ]
      ],
      "t": [
        -0.5565045384416152,
        0.2575905078481262,
        -0.12331496388207874
      ],
      "s": 1.0
    },
    "c": {
      "matches": 703,
      "rmse": 1.7259988425469952,
      "R": [
        [
          0.9999940222323774,
          0.002963278327715399,
          0.00178170734515044
        ],
        [
          -0.002950662642095978,
          0.9999708508407492,
          -0.007042091933561208
        ],
        [
          -0.0018025230882878088,
          0.007036792620269565,
          0.9999736168820331
        ]
      ],
      "t": [
        0.20440424888816722,
        -0.05744034778290796,
        -0.16586035383680464
      ],
      "s": 1.0
    },
    "e": {
      "matches": 533,
      "rmse": 2.4514014272989972,
      "R": [
        [
          0.999986443709675,
          0.004061976661030308,
          0.0032577204425514707
        ],
        [
          -0.004051414322416871,
          0.9999865366102316,
          -0.003242320197142136
        ],
        [
          -0.003270846811559781,
          0.0032290778680488345,
          0.9999894372528427
        ]
      ],
      "t": [
        0.4548477386002787,
        0.31938780927570676,
        0.21750506943169334
      ],
      "s": 1.0
    },
    "a": {
      "matches": 1350,
      "rmse": 1.883956943822819,
      "R": [
        [
          0.9999943841860215,
          0.0030830793265992818,
          0.001313856264979504
        ],
        [
          -0.0030753020591848387,
          0.999977978583474,
          -0.005880889843715695
        ],
        [
          -0.0013319585819026114,
          0.0058768163128551446,
          0.9999818442933655
        ]
      ],
      "t": [
        0.07901915446127816,
        -0.11230058336166593,
        -0.12450856925601528
      ],
      "s": 1.0
    }
  },
  "rpe": {
    "d": {
      "1": {
        "count": 1062.0,
        "rmse": 0.7522225662012403,
        "mean": 0.2047917477937772,
        "pstd": 0.7238087655851851,
        "mean_dt": 1.0
      },
      "10": {
        "count": 1053.0,
        "rmse": 1.2741542605336016,
        "mean": 0.7388221134645948,
        "pstd": 1.0380804228438376,
        "mean_dt": 10.0
      },
      "50": {
        "count": 1013.0,
        "rmse": 2.731437817383153,
        "mean": 2.0648227900555884,
        "pstd": 1.788088195782829,
        "mean_dt": 50.0
      }
    },
    "b": {
      "1": {
        "count": 187.0,
        "rmse": 0.3688873437019082,
        "mean": 0.19018031660342752,
        "pstd": 0.3160843550700824,
        "mean_dt": 1.0
      },
      "10": {
        "count": 178.0,
        "rmse": 0.6163067044642003,
        "mean": 0.5229299235167366,
        "pstd": 0.32615678600682735,
        "mean_dt": 10.0
      },
      "50": {
        "count": 138.0,
        "rmse": 1.5950518673061698,
        "mean": 1.4630801271939315,
        "pstd": 0.6352849760596337,
        "mean_dt": 50.0
      }
    },
    "c": {
      "1": {
        "count": 702.0,
        "rmse": 1.6473412462475119,
        "mean": 0.7513799605754002,
        "pstd": 1.4660018200650424,
        "mean_dt": 1.0
      },
      "10": {
        "count": 693.0,
        "rmse": 1.6407909038038508,
        "mean": 1.0015330656415562,
        "pstd": 1.2996639213396979,
        "mean_dt": 10.0
      },
      "50": {
        "count": 653.0,
        "rmse": 1.9885307403050307,
        "mean": 1.704041563017468,
        "pstd": 1.0249374891411922,
        "mean_dt": 50.0
      }
    },
    "e": {
      "1": {
        "count": 532.0,
        "rmse": 0.3378123573790994,
        "mean": 0.14844381600314777,
        "pstd": 0.30344953829005583,
        "mean_dt": 1.0
      },
      "10": {
        "count": 523.0,
        "rmse": 0.7630695530195806,
        "mean": 0.6195611980570986,
        "pstd": 0.4454425491660569,
        "mean_dt": 10.0
      },
      "50": {
        "count": 483.0,
        "rmse": 2.4773688083295884,
        "mean": 2.1404112070168493,
        "pstd": 1.2473957180305855,
        "mean_dt": 50.0
      }
    },
    "a": {
      "1": {
        "count": 1349.0,
        "rmse": 0.10811902003774668,
        "mean": 0.07964597953149403,
        "pstd": 0.07311798984102014,
        "mean_dt": 1.0
      },
      "10": {
        "count": 1340.0,
        "rmse": 0.48438305201371884,
        "mean": 0.4320470200586265,
        "pstd": 0.21900299892144282,
        "mean_dt": 10.0
      },
      "50": {
        "count": 1300.0,
        "rmse": 1.7128343559832675,
        "mean": 1.5164577897414775,
        "pstd": 0.7963399418395452,
        "mean_dt": 50.0
      }
    }
  }
}