{
  "loop_closure_correction": {
    "count": 0
  },
  "interface_correction": {
    "count": 0
  },
  "loop_closure_correction_stabilised": {
    "count": 0
  },
  "loop_closure_correction_stabilised_params": {
    "epsilon": 0.001,
    "required": 3
  },
  "interface_correction_stabilised": {
    "count": 7780,
    "min": 0.45104503631591797,
    "max": 5.792385816574097,
    "mean": 2.0178826374995373,
    "median": 1.3259978294372559,
    "p90": 4.681747913360596,
    "p95": 5.251515173912048,
    "p99": 5.754556047916412,
    "stdev": 1.6032898833556046
  },
  "interface_correction_stabilised_params": {
    "epsilon": 0.001,
    "required": 3
  },
  "time_to_global_convergence_s": 0.18788456916809082,
  "time_to_global_convergence_method": "delta_threshold",
  "timeline_start_ts": 1770281334.563694,
  "timeline_end_ts": 1770281334.7515786,
  "optimization_duration_s": {
    "count": 404,
    "min": 0.0006070850067771971,
    "max": 0.058094227977562696,
    "mean": 0.00585142406937551,
    "median": 0.0024641724885441363,
    "p90": 0.014993501687422393,
    "p95": 0.02703505732351908,
    "p99": 0.0355724184273276,
    "stdev": 0.008169773418730954
  },
  "communication_uplink_messages": 22610,
  "communication_uplink_bytes": 32647005,
  "communication_downlink_messages": 0,
  "communication_downlink_bytes": 0,
  "communication_uplink_bytes_per_s": 173760970.07089695,
  "communication_downlink_bytes_per_s": 0.0,
  "delivery_topics": {
    "/c_slam/factor_batch/a": {
      "attempts": 228.0,
      "drops": 0.0,
      "delivered": 228.0,
      "delivery_rate": 1.0
    },
    "/c_slam/factor_batch/b": {
      "attempts": 89.0,
      "drops": 0.0,
      "delivered": 89.0,
      "delivery_rate": 1.0
    },
    "/c_slam/factor_batch/c": {
      "attempts": 180.0,
      "drops": 0.0,
      "delivered": 180.0,
      "delivery_rate": 1.0
    },
    "/c_slam/factor_batch/d": {
      "attempts": 87.0,
      "drops": 0.0,
      "delivered": 87.0,
      "delivery_rate": 1.0
    },
    "/c_slam/iface/run_17993aec/a": {
      "attempts": 2121.0,
      "drops": 0.0,
      "delivered": 1564.0,
      "delivery_rate": 0.7373880245167374
    },
    "/c_slam/iface/run_17993aec/c": {
      "attempts": 17170.0,
      "drops": 0.0,
      "delivered": 4456.0,
      "delivery_rate": 0.25952242283051835
    },
    "/c_slam/iface/run_17993aec/d": {
      "attempts": 6969.0,
      "drops": 0.0,
      "delivered": 1437.0,
      "delivery_rate": 0.20619888075764098
    },
    "/c_slam/iface/run_17993aec/b": {
      "attempts": 8181.0,
      "drops": 0.0,
      "delivered": 1331.0,
      "delivery_rate": 0.16269404718249603
    }
  },
  "delivery_rate": {
    "count": 8,
    "min": 0.16269404718249603,
    "max": 1.0,
    "mean": 0.6707254219109241,
    "median": 0.8686940122583686,
    "p90": 1.0,
    "p95": 1.0,
    "p99": 1.0,
    "stdev": 0.36761045708843515
  },
  "estimation_metrics": {
    "a": {
      "ate": {
        "matches": 1355,
        "rmse": 2.1978995612027057,
        "R": [
          [
            0.9999121434412849,
            0.012312295977512397,
            0.004910475172255855
          ],
          [
            -0.012297009596141351,
            0.9999194864774108,
            -0.0031311527819976523
          ],
          [
            -0.004948631492404922,
            0.0030704935293745933,
            0.9999830414141225
          ]
        ],
        "t": [
          -0.97686541542096,
          1.8193259185261823,
          0.11180617560127537
        ],
        "s": 1.0
      },
      "rpe": {
        "1": {
          "count": 1354.0,
          "rmse": 0.12768242563029894,
          "mean": 0.0962573130768427,
          "pstd": 0.08388880434279376,
          "mean_dt": 1.0
        },
        "10": {
          "count": 1345.0,
          "rmse": 0.7414789465495697,
          "mean": 0.6659616055589448,
          "pstd": 0.32601559486873033,
          "mean_dt": 10.0
        },
        "50": {
          "count": 1305.0,
          "rmse": 2.476625280500939,
          "mean": 2.223934751620466,
          "pstd": 1.0898564128137112,
          "mean_dt": 50.0
        }
      }
    },
    "b": {
      "ate": {
        "matches": 607,
        "rmse": 1.8694152185908453,
        "R": [
          [
            0.9999761254978458,
            0.0015330519106722543,
            0.006737817610680905
          ],
          [
            -0.0015658974202106422,
            0.9999869045818619,
            0.004872230500987562
          ],
          [
            -0.006730259993863176,
            -0.004882664910124415,
            0.9999654309943871
          ]
        ],
        "t": [
          -0.7164239744577969,
          0.47793768554359417,
          0.16320301577634488
        ],
        "s": 1.0
      },
      "rpe": {
        "1": {
          "count": 606.0,
          "rmse": 0.11617278121026035,
          "mean": 0.0909319710295659,
          "pstd": 0.07230139513733613,
          "mean_dt": 1.0
        },
        "10": {
          "count": 597.0,
          "rmse": 0.7130194404338038,
          "mean": 0.6243279687169975,
          "pstd": 0.3443999272854771,
          "mean_dt": 10.0
        },
        "50": {
          "count": 557.0,
          "rmse": 2.3478287066018177,
          "mean": 2.079130989360854,
          "pstd": 1.0906484147620243,
          "mean_dt": 50.0
        }
      }
    },
    "c": {
      "ate": {
        "matches": 1062,
        "rmse": 2.3803335105786925,
        "R": [
          [
            0.9999645285504538,
            0.006808797986144122,
            0.004958014809562345
          ],
          [
            -0.006789593682602118,
            0.9999694231577325,
            -0.003879970001917518
          ],
          [
            -0.0049842811410609296,
            0.003846169467728075,
            0.9999801817645847
          ]
        ],
        "t": [
          -0.5775155830999665,
          0.9701775538145867,
          0.2006801183187319
        ],
        "s": 1.0
      },
      "rpe": {
        "1": {
          "count": 1061.0,
          "rmse": 0.5139270629256556,
          "mean": 0.18145857067605417,
          "pstd": 0.4808261776729654,
          "mean_dt": 1.0
        },
        "10": {
          "count": 1052.0,
          "rmse": 0.8816469305627535,
          "mean": 0.7057312296487923,
          "pstd": 0.5284361282777029,
          "mean_dt": 10.0
        },
        "50": {
          "count": 1012.0,
          "rmse": 2.3399069482525223,
          "mean": 2.0429984694879177,
          "pstd": 1.1407549167768056,
          "mean_dt": 50.0
        }
      }
    },
    "d": {
      "ate": {
        "matches": 531,
        "rmse": 4.360492827005843,
        "R": [
          [
            0.9994854194660694,
            -0.02789969563330921,
            0.01582729472472826
          ],
          [
            0.027959954072654693,
            0.9996025658686889,
            -0.003598788266638727
          ],
          [
            -0.015720599320310398,
            0.0040394668338487386,
            0.9998682640551747
          ]
        ],
        "t": [
          1.6106908232911792,
          -1.575652514849505,
          0.9955572029467188
        ],
        "s": 1.0
      },
      "rpe": {
        "1": {
          "count": 530.0,
          "rmse": 0.6319499375878789,
          "mean": 0.20605099659983472,
          "pstd": 0.5974141866557396,
          "mean_dt": 1.0
        },
        "10": {
          "count": 521.0,
          "rmse": 1.163593840364872,
          "mean": 0.9970240104833755,
          "pstd": 0.5999114500113466,
          "mean_dt": 10.0
        },
        "50": {
          "count": 481.0,
          "rmse": 3.9524320969846585,
          "mean": 3.5808599367334906,
          "pstd": 1.6730695128330977,
          "mean_dt": 50.0
        }
      }
    }
  },
  "input_end_team_ts": 1770281334.5714507,
  "input_end_method": "input_end_event",