{
  "loop_closure_correction": {
    "count": 383,
    "min": 0.005066198005806655,
    "max": 0.21650416101329029,
    "mean": 0.0497022351232119,
    "median": 0.04863359598675743,
    "p90": 0.07776053257985041,
    "p95": 0.09707432269351557,
    "p99": 0.14547266713925655,
    "stdev": 0.028202022779043382
  },
  "interface_correction": {
    "count": 3,
    "min": 0.04483360698213801,
    "max": 0.0723908279906027,
    "mean": 0.05969560332596302,
    "median": 0.06186237500514835,
    "p90": 0.07028513739351183,
    "p95": 0.07133798269205727,
    "p99": 0.07218025893089362,
    "stdev": 0.011354038402249416
  },
  "loop_closure_correction_stabilised": {
    "count": 383,
    "min": 0.20124435424804688,
    "max": 11.854873418807983,
    "mean": 6.679819117638212,
    "median": 7.292090892791748,
    "p90": 10.969119310379028,
    "p95": 11.294424390792846,
    "p99": 11.559499025344849,
    "stdev": 3.298395054811649
  },
  "loop_closure_correction_stabilised_params": {
    "epsilon": 0.001,
    "required": 3
  },
  "interface_correction_stabilised": {
    "count": 3,
    "min": 11.331206321716309,
    "max": 11.857152938842773,
    "mean": 11.58286746342977,
    "median": 11.560243129730225,
    "p90": 11.797770977020264,
    "p95": 11.827461957931519,
    "p99": 11.851214742660524,
    "stdev": 0.21531195410876797
  },
  "interface_correction_stabilised_params": {
    "epsilon": 0.001,
    "required": 3
  },
  "time_to_global_convergence_s": 11.822862148284912,
  "time_to_global_convergence_method": "last_map_broadcast",
  "timeline_start_ts": 1770280539.907265,
  "timeline_end_ts": 1770280551.730127,
  "optimization_duration_s": {
    "count": 176,
    "min": 0.0007675080560147762,
    "max": 0.06802239496028051,
    "mean": 0.006761969000349795,
    "median": 0.00328088051173836,
    "p90": 0.018773904972476885,
    "p95": 0.029102319007506594,
    "p99": 0.06258466925646644,
    "stdev": 0.010681828094414215
  },
  "communication_uplink_messages": 364,
  "communication_uplink_bytes": 4296422,
  "communication_downlink_messages": 176,
  "communication_downlink_bytes": 27511037,
  "communication_uplink_bytes_per_s": 363399.48365407117,
  "communication_downlink_bytes_per_s": 2326935.4454911663,
  "delivery_topics": {},
  "estimation_metrics": {
    "ate": {
      "a": {
        "matches": 596,
        "rmse": 2.237762215410257,
        "R": [
          [
            0.9999352956265031,
            0.010497269240657369,
            0.004383138011370244
          ],
          [
            -0.010491402331390778,
            0.9999440397255104,
            -0.0013593728506993974
          ],
          [
            -0.004397162432576233,
            0.001313299628979421,
            0.9999894700478732
          ]
        ],
        "t": [
          -0.9628038402000385,
          0.9398595096942728,
          0.07394785618249333
        ],
        "s": 1.0
      },
      "c": {
        "matches": 562,
        "rmse": 2.128783472806829,
        "R": [
          [
            0.9999756992008667,
            0.006409241440452105,
            0.002742741675019625
          ],
          [
            -0.006412261354357244,
            0.9999788431570233,
            0.0010936830733467018
          ],
          [
            -0.0027356739683882664,
            -0.0011112436724217377,
            0.9999956406032177
          ]
        ],
        "t": [
          -0.32045707486668107,
          0.8846659639687289,
          0.1929195504220793
        ],
        "s": 1.0
      },
      "b": {
        "matches": 1020,
        "rmse": 2.1243051694900887,
        "R": [
          [
            0.9999578904264631,
            0.008540424542530461,
            0.0033583511565208734
          ],
          [
            -0.008535903464377369,
            0.9999626460477984,
            -0.0013582566518289818
          ],
          [
            -0.0033698257972766326,
            0.0013295328949490676,
            0.9999934382866607
          ]
        ],
        "t": [
          -1.160776584468877,
          0.9736046174937698,
          0.17704844182479107
        ],
        "s": 1.0
      }
    },
    "rpe": {
      "a": {
        "1": {
          "count": 595.0,
          "rmse": 0.1392450729972472,
          "mean": 0.09464135112439895,
          "pstd": 0.10213816628154698,
          "mean_dt": 1.0
        },
        "10": {
          "count": 586.0,
          "rmse": 0.6707189832876529,
          "mean": 0.5979357696726241,
          "pstd": 0.30386965937459137,
          "mean_dt": 10.0
        },
        "50": {
          "count": 546.0,
          "rmse": 2.127383623319654,
          "mean": 1.94795780339838,
          "pstd": 0.855114891080735,
          "mean_dt": 50.0
        }
      },
      "c": {
        "1": {
          "count": 561.0,
          "rmse": 1.110908482235404,
          "mean": 0.4559676332252023,
          "pstd": 1.0130208158540361,
          "mean_dt": 1.0
        },
        "10": {
          "count": 552.0,
          "rmse": 1.3071052613445029,
          "mean": 0.9458370706152112,
          "pstd": 0.9021731541586216,
          "mean_dt": 10.0
        },
        "50": {
          "count": 512.0,
          "rmse": 2.727098658691378,
          "mean": 2.467115864487435,
          "pstd": 1.1620698797536777,
          "mean_dt": 50.0
        }
      },
      "b": {
        "1": {
          "count": 1019.0,
          "rmse": 0.36527786284086855,
          "mean": 0.12694949094031352,
          "pstd": 0.342508020098198,
          "mean_dt": 1.0
        },
        "10": {
          "count": 1010.0,
          "rmse": 0.7735072068676614,
          "mean": 0.6274152008937085,
          "pstd": 0.4523975737818651,
          "mean_dt": 10.0
        },
        "50": {
          "count": 970.0,
          "rmse": 1.9653448255429171,
          "mean": 1.7491263442271336,
          "pstd": 0.8961792874302231,
          "mean_dt": 50.0
        }
      }
    }
  },
  "input_end_team_ts": 1770280551.730194,
  "input_end_method": "input_end_event",
  "input_end_per_robot_ts": {
    "team": 1770280551.730194
  },
  "time_from_input_end_to_team_convergence_s": 0.011133432388305664,
  "time_from_input_end_to_team_convergence_method": "stable_window",
  "time_from_input_end_to_team_convergence_per_robot_s": {
    "server": 0.011133432388305664
  },
  "time_from_input_end_to_team_convergence_params": {
    "epsilon": 0.001,
    "required": 3
  },
  "time_from_input_end_to_ddf_stop_team_s": null,
  "time_from_input_end_to_ddf_stop_method": "no_ddf_stop_event",
  "time_from_input_end_to_ddf_stop_per_robot_s": {},
  "stable_team_convergence_s": 0.011133432388305664,
  "stable_team_convergence_method": "stable_window",
  "stable_team_convergence_per_robot_s": {
    "server": 0.011133432388305664
  },
  "stable_team_convergence_params": {
    "epsilon": 0.001,
    "required": 3
  },
  "stable_loop_closure_correction": {
    "count": 383,
    "min": 0.20124435424804688,
    "max": 11.854873418807983,
    "mean": 6.679819117638212,
    "median": 7.292090892791748,
    "p90": 10.969119310379028,
    "p95": 11.294424390792846,
    "p99": 11.559499025344849,
    "stdev": 3.298395054811649
  },
  "stable_loop_closure_correction_params": {
    "epsilon": 0.001,
    "required": 3
  },
  "stable_interface_correction": {
    "count": 3,
    "min": 11.331206321716309,
    "max": 11.857152938842773,
    "mean": 11.58286746342977,
    "median": 11.560243129730225,
    "p90": 11.797770977020264,
    "p95": 11.827461957931519,
    "p99": 11.851214742660524,
    "stdev": 0.21531195410876797
  },
  "stable_interface_correction_params": {
    "epsilon": 0.001,
    "required": 3
  },
  "event_time_to_global_convergence_s": 11.822862148284912,
  "event_time_to_global_convergence_method": "last_map_broadcast",
  "event_loop_closure_correction": {
    "count": 383,
    "min": 0.005066198005806655,
    "max": 0.21650416101329029,
    "mean": 0.0497022351232119,