{
  "loop_closure_correction": {
    "count": 512,
    "min": 0.009687502984888852,
    "max": 0.2124687769683078,
    "mean": 0.07519057283207076,
    "median": 0.07088148253387772,
    "p90": 0.11545260599814357,
    "p95": 0.15332333196711262,
    "p99": 0.20660672232799668,
    "stdev": 0.03804759691496933
  },
  "interface_correction": {
    "count": 5,
    "min": 0.021333102020435035,
    "max": 0.16723251499934122,
    "mean": 0.08006743859732524,
    "median": 0.07288697402691469,
    "p90": 0.13090188418282195,
    "p95": 0.14906719959108158,
    "p99": 0.1635994519176893,
    "stdev": 0.047794986113917
  },
  "loop_closure_correction_stabilised": {
    "count": 512,
    "min": 0.5519130229949951,
    "max": 23.79320478439331,
    "mean": 15.05086288228631,
    "median": 16.888907432556152,
    "p90": 22.414835119247435,
    "p95": 22.971553575992587,
    "p99": 23.451112582683564,
    "stdev": 6.855320073772755
  },
  "loop_closure_correction_stabilised_params": {
    "epsilon": 0.001,
    "required": 3
  },
  "interface_correction_stabilised": {
    "count": 5,
    "min": 22.413209676742554,
    "max": 24.84552788734436,
    "mean": 23.368269443511963,
    "median": 23.13567280769348,
    "p90": 24.28861584663391,
    "p95": 24.567071866989135,
    "p99": 24.789836683273315,
    "stdev": 0.8119192872622529
  },
  "interface_correction_stabilised_params": {
    "epsilon": 0.001,
    "required": 3
  },
  "time_to_global_convergence_s": 24.6389741897583,
  "time_to_global_convergence_method": "last_map_broadcast",
  "timeline_start_ts": 1770257035.9169185,
  "timeline_end_ts": 1770257060.5558927,
  "optimization_duration_s": {
    "count": 304,
    "min": 0.0007542700041085482,
    "max": 0.08159936900483444,
    "mean": 0.010730934566373961,
    "median": 0.004870211007073522,
    "p90": 0.03252931560273282,
    "p95": 0.05389199947530862,
    "p99": 0.07577922629250672,
    "stdev": 0.016335383057599785
  },
  "communication_uplink_messages": 637,
  "communication_uplink_bytes": 7521225,
  "communication_downlink_messages": 304,
  "communication_downlink_bytes": 83487800,
  "communication_uplink_bytes_per_s": 305257.2295451469,
  "communication_downlink_bytes_per_s": 3388444.638847969,
  "delivery_topics": {
    "/c_slam/factor_batch/d": {
      "attempts": 176.0,
      "drops": 0.0,
      "delivered": 176.0,
      "delivery_rate": 1.0
    },
    "/c_slam/factor_batch/b": {
      "attempts": 50.0,
      "drops": 0.0,
      "delivered": 50.0,
      "delivery_rate": 1.0
    },
    "/c_slam/factor_batch/c": {
      "attempts": 95.0,
      "drops": 0.0,
      "delivered": 95.0,
      "delivery_rate": 1.0
    },
    "/c_slam/factor_batch/a": {
      "attempts": 233.0,
      "drops": 0.0,
      "delivered": 233.0,
      "delivery_rate": 1.0
    },
    "/c_slam/factor_batch/e": {
      "attempts": 83.0,
      "drops": 0.0,
      "delivered": 83.0,
      "delivery_rate": 1.0
    }
  },
  "delivery_rate": {
    "count": 5,
    "min": 1.0,
    "max": 1.0,
    "mean": 1.0,
    "median": 1.0,
    "p90": 1.0,
    "p95": 1.0,
    "p99": 1.0,
    "stdev": 0.0
  },
  "estimation_metrics": {
    "ate": {
      "d": {
        "matches": 1062,
        "rmse": 2.3310248055270124,
        "R": [
          [
            0.9999514807941807,
            0.009847485947034365,
            0.00025115343708514634
          ],
          [
            -0.009844704823206086,
            0.9999077488629443,
            -0.009358180954828182
          ],
          [
            -0.0003432848233374669,
            0.009355254371866913,
            0.9999561797254756
          ]
        ],
        "t": [
          -0.5491912144119055,
          1.3318342660028577,
          -0.03105239366810597
        ],
        "s": 1.0
      },
      "e": {
        "matches": 529,
        "rmse": 2.3704910060352495,
        "R": [
          [
            0.9999925796966065,
            0.003852315017416178,
            1.4857087025170988e-05
          ],
          [
            -0.003852297747314277,
            0.9999920535506284,
            -0.0010259813174109018
          ],
          [
            -1.8809372200726676e-05,
            0.0010259164703953806,
            0.9999994735706631
          ]
        ],
        "t": [
          0.49693650251685995,
          0.624407763404669,
          -0.03196942249209389
        ],
        "s": 1.0
      },
      "b": {
        "matches": 265,
        "rmse": 1.3427036661099598,
        "R": [
          [
            0.9999658028869645,
            0.008194138358312767,
            -0.0011176552213280708
          ],
          [
            -0.008195344188634693,
            0.9999658358789709,
            -0.0010786141576137193
          ],
          [
            0.0011087787239771,
            0.001087736841346474,
            0.9999987937184248
          ]
        ],
        "t": [
          -0.7903885143812488,
          1.3972118674165959,
          -0.10164314014314524
        ],
        "s": 1.0
      },
      "c": {
        "matches": 624,
        "rmse": 1.5345943826916502,
        "R": [
          [
            0.9999857427466913,
            0.004832413269501856,
            -0.0022720223023040163
          ],
          [
            -0.004846278603751681,
            0.9999694233248763,
            -0.006137263153010865
          ],
          [
            0.0022422950395171648,
            0.006148186505566373,
            0.9999785857285388
          ]
        ],
        "t": [
          -0.620834819671785,
          1.0586588664088055,
          -0.5729338743769419
        ],
        "s": 1.0
      },
      "a": {
        "matches": 1357,
        "rmse": 2.042840584239815,
        "R": [
          [
            0.9999491769794097,
            0.008862341577512976,
            0.004806491440149432
          ],
          [
            -0.008827468529739362,
            0.9999349085206475,
            -0.007228728875837524
          ],
          [
            -0.0048702420429800174,
            0.007185932338074623,
            0.9999623208495785
          ]
        ],
        "t": [
          -0.40569317717066156,
          1.349083771607873,
          0.12851103598893587
        ],
        "s": 1.0
      }
    },
    "rpe": {
      "d": {
        "1": {
          "count": 1061.0,
          "rmse": 0.6943340925405638,
          "mean": 0.22366290110264517,
          "pstd": 0.6573239222289694,
          "mean_dt": 1.0
        },
        "10": {
          "count": 1052.0,
          "rmse": 1.067881752225328,
          "mean": 0.7505982129256799,
          "pstd": 0.759587887929115,
          "mean_dt": 10.0
        },
        "50": {
          "count": 1012.0,
          "rmse": 2.422548324586461,
          "mean": 2.058268509986061,
          "pstd": 1.2776036653659195,
          "mean_dt": 50.0
        }
      },
      "e": {
        "1": {
          "count": 528.0,
          "rmse": 0.4695884852892767,
          "mean": 0.1526227500428639,
          "pstd": 0.44409418109859405,
          "mean_dt": 1.0
        },
        "10": {
          "count": 519.0,
          "rmse": 0.8117759528506935,
          "mean": 0.6199307604800907,
          "pstd": 0.5240859183733406,
          "mean_dt": 10.0
        },
        "50": {
          "count": 479.0,
          "rmse": 2.330668397419027,
          "mean": 2.0491622272647945,
          "pstd": 1.1103825219621233,
          "mean_dt": 50.0
        }
      },
      "b": {
        "1": {
          "count": 264.0,
          "rmse": 0.399580464125202,
          "mean": 0.15357805301200117,
          "pstd": 0.3688879625896659,
          "mean_dt": 1.0
        },
        "10": {
          "count": 255.0,
          "rmse": 0.7368292309638188,
          "mean": 0.611837366048953,
          "pstd": 0.4105756362827838,
          "mean_dt": 10.0
        },
        "50": {
          "count": 215.0,
          "rmse": 2.2056275968358223,
          "mean": 2.070198207625812,