{
  "stats": {
    "topics": {
      "/c_slam/factor_batch/a": {
        "attempts": 230,
        "drops": 0,
        "published": 230,
        "delivered": 230,
        "delivery_rate": 1.0,
        "bytes_attempted": 2716272,
        "bytes_published": 2716272,
        "bytes_delivered": null,
        "drop_reasons": {},
        "delivery_method": "ack",
        "ack_latency_s": {
          "count": 230,
          "min": 0.0026720219757407904,
          "max": 0.011529146984685212,
          "mean": 0.006255212390501781,
          "median": 0.006571755482582375,
          "p90": 0.006787054671440273,
          "p95": 0.0068671985500259325,
          "stdev": 0.0010231973056537447
        }
      },
      "/c_slam/factor_batch/b": {
        "attempts": 93,
        "drops": 0,
        "published": 93,
        "delivered": 93,
        "delivery_rate": 1.0,
        "bytes_attempted": 1097937,
        "bytes_published": 1097937,
        "bytes_delivered": null,
        "drop_reasons": {},
        "delivery_method": "ack",
        "ack_latency_s": {
          "count": 93,
          "min": 0.003623821015935391,
          "max": 0.007991088030394167,
          "mean": 0.006444914672043054,
          "median": 0.006518449983559549,
          "p90": 0.006796579388901591,
          "p95": 0.0069452422321774065,
          "stdev": 0.0005535034604454967
        }
      },
      "/c_slam/factor_batch/c": {
        "attempts": 188,
        "drops": 0,
        "published": 188,
        "delivered": 188,
        "delivery_rate": 1.0,
        "bytes_attempted": 2217921,
        "bytes_published": 2217921,
        "bytes_delivered": null,
        "drop_reasons": {},
        "delivery_method": "ack",
        "ack_latency_s": {
          "count": 188,
          "min": 0.0026181400171481073,
          "max": 0.007724816969130188,
          "mean": 0.006223109865033543,
          "median": 0.0065549740102142096,
          "p90": 0.006741536577465013,
          "p95": 0.0068180085538188,
          "stdev": 0.0009813636618486979
        }
      },
      "/c_slam/factor_batch/d": {
        "attempts": 87,
        "drops": 0,
        "published": 87,
        "delivered": 87,
        "delivery_rate": 1.0,
        "bytes_attempted": 1020843,
        "bytes_published": 1020843,
        "bytes_delivered": null,
        "drop_reasons": {},
        "delivery_method": "ack",
        "ack_latency_s": {
          "count": 87,
          "min": 0.0026270069647580385,
          "max": 0.00804065098054707,
          "mean": 0.006361752767891933,
          "median": 0.006529721023980528,
          "p90": 0.006776305392850191,
          "p95": 0.006870883493684232,
          "stdev": 0.0008155035546662307
        }
      }
    },
    "generated_by": {
      "component": "ros2_factor_publisher",
      "pid": 449280
    }
  }
}