{
  "ate": {
    "matches": 624,
    "rmse": 2.405107014881125,
    "R": [
      [
        0.9999514640752847,
        0.0077000145244721045,
        -0.0061464843624971085
      ],
      [
        -0.007728910358922338,
        0.9999591266626209,
        -0.004691369607297928
      ],
      [
        0.0061101095210521865,
        0.00473864753399611,
        0.9999701054437524
      ]
    ],
    "t": [
      -0.43618055543069545,
      2.5455057275784867,
      -1.6008807419508857
    ],
    "s": 1.0
  },
  "rpe": {
    "1": {
      "count": 623.0,
      "rmse": 0.2606389897042447,
      "mean": 0.12061335219576584,
      "pstd": 0.2310521634310087,
      "mean_dt": 1.0
    },
    "10": {
      "count": 614.0,
      "rmse": 0.8471488117931155,
      "mean": 0.6985545645587233,
      "pstd": 0.47925215665311266,
      "mean_dt": 10.0
    },
    "50": {
      "count": 574.0,
      "rmse": 2.55189284700432,
      "mean": 2.291387466707556,
      "pstd": 1.1232544591531097,
      "mean_dt": 50.0
    }
  }
}