{
  "loop_closure_correction": {
    "count": 369,
    "min": 0.006335727986879647,
    "max": 0.4409263340057805,
    "mean": 0.08854258197030371,
    "median": 0.07869310700334609,
    "p90": 0.1657143713906407,
    "p95": 0.2019980524084526,
    "p99": 0.27854092092951716,
    "stdev": 0.057832210682176165
  },
  "interface_correction": {
    "count": 4,
    "min": 0.010282807983458042,
    "max": 0.1012230219785124,
    "mean": 0.049321407757815905,
    "median": 0.042889900534646586,
    "p90": 0.0862517562985886,
    "p95": 0.09373738913855048,
    "p99": 0.09972589541052002,
    "stdev": 0.03332645794429908
  },
  "loop_closure_correction_stabilised": {
    "count": 369,
    "min": 0.3602724075317383,
    "max": 27.217806339263916,
    "mean": 14.182742507800176,
    "median": 13.906131029129028,
    "p90": 24.829023694992063,
    "p95": 25.81279077529907,
    "p99": 26.4342093372345,
    "stdev": 8.06890886823911
  },
  "loop_closure_correction_stabilised_params": {
    "epsilon": 0.001,
    "required": 3
  },
  "interface_correction_stabilised": {
    "count": 4,
    "min": 23.914202451705933,
    "max": 27.413432359695435,
    "mean": 25.77533233165741,
    "median": 25.886847257614136,
    "p90": 27.194572186470033,
    "p95": 27.304002273082734,
    "p99": 27.391546342372894,
    "stdev": 1.3640590614531367
  },
  "interface_correction_stabilised_params": {
    "epsilon": 0.001,
    "required": 3
  },
  "time_to_global_convergence_s": 27.263341665267944,
  "time_to_global_convergence_method": "last_map_broadcast",
  "timeline_start_ts": 1770248083.095184,
  "timeline_end_ts": 1770248110.3585258,
  "optimization_duration_s": {
    "count": 277,
    "min": 0.000788188015576452,
    "max": 0.07342015602625906,
    "mean": 0.010725854809012681,
    "median": 0.004688851011451334,
    "p90": 0.03188656358979643,
    "p95": 0.052052200189791606,
    "p99": 0.07090026266872884,
    "stdev": 0.016022217578130323
  },
  "communication_uplink_messages": 584,
  "communication_uplink_bytes": 6899730,
  "communication_downlink_messages": 277,
  "communication_downlink_bytes": 71158370,
  "communication_uplink_bytes_per_s": 253077.1937172284,
  "communication_downlink_bytes_per_s": 2610038.4491990576,
  "delivery_topics": {},
  "estimation_metrics": {
    "ate": {
      "a": {
        "matches": 1355,
        "rmse": 2.1994807552556126,
        "R": [
          [
            0.999940100951376,
            0.010804918911267777,
            0.0017459200075607521
          ],
          [
            -0.010796474910864476,
            0.9999303126843071,
            -0.0047755528018407
          ],
          [
            -0.0017973977998623838,
            0.00475641696921323,
            0.9999870728458264
          ]
        ],
        "t": [
          -1.5011894987597856,
          1.546951714289463,
          -0.01710124065448504
        ],
        "s": 1.0
      },
      "c": {
        "matches": 1062,
        "rmse": 2.4348692100467515,
        "R": [
          [
            0.9999214274890595,
            0.012339059103995697,
            0.0022105358331396038
          ],
          [
            -0.012321474459921851,
            0.999893669985818,
            -0.007799358270047359
          ],
          [
            -0.0023065375295004812,
            0.007771508394073576,
            0.9999671412311034
          ]
        ],
        "t": [
          -1.4841944005405878,
          1.2792128513538046,
          0.011166321082431097
        ],
        "s": 1.0
      },
      "b": {
        "matches": 607,
        "rmse": 2.3442443415994596,
        "R": [
          [
            0.9999032530442981,
            0.01375240356540021,
            0.0020870907034518855
          ],
          [
            -0.013738882570421617,
            0.9998853897968735,
            -0.006360061042975533
          ],
          [
            -0.002174317627726,
            0.006330771432342987,
            0.999977596587006
          ]
        ],
        "t": [
          -1.3807946863650784,
          1.539139142761769,
          -0.02336017200253737
        ],
        "s": 1.0
      },
      "d": {
        "matches": 531,
        "rmse": 3.1236058955099435,
        "R": [
          [
            0.9999626391871845,
            0.0034251821126188033,
            0.007936520477854581
          ],
          [
            -0.0033506819374581696,
            0.9999503802211328,
            -0.009381365900849703
          ],
          [
            -0.007968259556139019,
            0.009354422649582922,
            0.99992449795799
          ]
        ],
        "t": [
          0.4592022670650806,
          0.21981886321629318,
          0.47383778863773696
        ],
        "s": 1.0
      }
    },
    "rpe": {
      "a": {
        "1": {
          "count": 1354.0,
          "rmse": 0.12466016870159602,
          "mean": 0.09271439687119659,
          "pstd": 0.08333185629470065,
          "mean_dt": 1.0
        },
        "10": {
          "count": 1345.0,
          "rmse": 0.715975922779768,
          "mean": 0.6487076242394275,
          "pstd": 0.3029850495552174,
          "mean_dt": 10.0
        },
        "50": {
          "count": 1305.0,
          "rmse": 2.3276656589118168,
          "mean": 2.101188189096215,
          "pstd": 1.0015166567161746,
          "mean_dt": 50.0
        }
      },
      "c": {
        "1": {
          "count": 1061.0,
          "rmse": 0.7102484638957812,
          "mean": 0.23898475295616112,
          "pstd": 0.6688341859689887,
          "mean_dt": 1.0
        },
        "10": {
          "count": 1052.0,
          "rmse": 1.0118397094672833,
          "mean": 0.7383710649014091,
          "pstd": 0.6918292912064323,
          "mean_dt": 10.0
        },
        "50": {
          "count": 1012.0,
          "rmse": 2.2719447435158573,
          "mean": 1.988071469997864,
          "pstd": 1.0996839308500743,
          "mean_dt": 50.0
        }
      },
      "b": {
        "1": {
          "count": 606.0,
          "rmse": 0.12145979334311321,
          "mean": 0.09389706967200762,
          "pstd": 0.07704428405768919,
          "mean_dt": 1.0
        },
        "10": {
          "count": 597.0,
          "rmse": 0.7786143954993596,
          "mean": 0.7121925229032399,
          "pstd": 0.31467791025038794,
          "mean_dt": 10.0
        },
        "50": {
          "count": 557.0,
          "rmse": 2.581498297324962,
          "mean": 2.391743838174002,
          "pstd": 0.971439587235546,
          "mean_dt": 50.0
        }
      },
      "d": {
        "1": {
          "count": 530.0,
          "rmse": 0.5053518797521751,
          "mean": 0.1756205573960974,
          "pstd": 0.4738543470191456,
          "mean_dt": 1.0
        },
        "10": {
          "count": 521.0,
          "rmse": 0.9886076573676507,
          "mean": 0.8369305748963953,
          "pstd": 0.5262055805572035,
          "mean_dt": 10.0
        },
        "50": {
          "count": 481.0,
          "rmse": 3.1415558645989217,
          "mean": 2.9278517427652044,
          "pstd": 1.1388842885836263,
          "mean_dt": 50.0
        }
      }
    }
  },
  "input_end_team_ts": 1770248110.35861,
  "input_end_method": "input_end_event",
  "input_end_per_robot_ts": {
    "team": 1770248110.35861
  },
  "time_from_input_end_to_team_convergence_s": 0.11175537109375,
  "time_from_input_end_to_team_convergence_method": "stable_window",
  "time_from_input_end_to_team_convergence_per_robot_s": {
    "server": 0.11175537109375
  },
  "time_from_input_end_to_team_convergence_params": {
    "epsilon": 0.001,
    "required": 3
  },
  "time_from_input_end_to_ddf_stop_team_s": null,
  "time_from_input_end_to_ddf_stop_method": "no_ddf_stop_event",
  "time_from_input_end_to_ddf_stop_per_robot_s": {},
  "stable_team_convergence_s": 0.11175537109375,
  "stable_team_convergence_method": "stable_window",