{
  "ate": {
    "matches": 1341,
    "rmse": 2.1218016587888737,
    "R": [
      [
        0.9999115767916584,
        0.013034059482040752,
        -0.0026366439722303623
      ],
      [
        -0.013031022212197858,
        0.9999144129482135,
        0.0011658638569725724
      ],
      [
        0.002651614248505928,
        -0.0011314026013821213,
        0.999995844426381
      ]
    ],
    "t": [
      -0.7552199281612815,
      3.239921330185311,
      -0.8966919406049829
    ],
    "s": 1.0
  },
  "rpe": {
    "1": {
      "count": 1340.0,
      "rmse": 0.15134957492824783,
      "mean": 0.09354894698075912,
      "pstd": 0.1189759990491882,
      "mean_dt": 1.0
    },
    "10": {
      "count": 1331.0,
      "rmse": 0.6903292231021873,
      "mean": 0.5931045926806051,
      "pstd": 0.35324407767157684,
      "mean_dt": 10.0
    },
    "50": {
      "count": 1291.0,
      "rmse": 2.277192461675157,
      "mean": 2.0424878561042723,
      "pstd": 1.0069006232874949,
      "mean_dt": 50.0
    }
  }
}