{
  "stats": {
    "topics": {
      "/c_slam/factor_batch/a": {
        "attempts": 228,
        "drops": 0,
        "published": 228,
        "delivered": 228,
        "delivery_rate": 1.0,
        "bytes_attempted": 2698464,
        "bytes_published": 2698464,
        "bytes_delivered": null,
        "drop_reasons": {},
        "delivery_method": "ack",
        "ack_latency_s": {
          "count": 228,
          "min": 0.005073700041975826,
          "max": 6.184735786984675,
          "mean": 2.2013119216571795,
          "median": 2.138037769967923,
          "p90": 5.650293515389786,
          "p95": 6.048349873104598,
          "stdev": 2.0810384727179185
        }
      },
      "/c_slam/factor_batch/b": {
        "attempts": 89,
        "drops": 0,
        "published": 89,
        "delivered": 89,
        "delivery_rate": 1.0,
        "bytes_attempted": 1046979,
        "bytes_published": 1046979,
        "bytes_delivered": null,
        "drop_reasons": {},
        "delivery_method": "ack",
        "ack_latency_s": {
          "count": 89,
          "min": 0.0036053169751539826,
          "max": 6.1283728939597495,
          "mean": 0.5424346129234692,
          "median": 0.07203401101287454,
          "p90": 1.6926400023745376,
          "p95": 2.0372378900181496,
          "stdev": 0.8991357092657126
        }
      },
      "/c_slam/factor_batch/c": {
        "attempts": 180,
        "drops": 0,
        "published": 180,
        "delivered": 180,
        "delivery_rate": 1.0,
        "bytes_attempted": 2129915,
        "bytes_published": 2129915,
        "bytes_delivered": null,
        "drop_reasons": {},
        "delivery_method": "ack",
        "ack_latency_s": {
          "count": 180,
          "min": 0.006223162985406816,
          "max": 6.131320649990812,
          "mean": 2.3641924949113875,
          "median": 2.227113150031073,
          "p90": 5.1321389377757445,
          "p95": 5.524160938014393,
          "stdev": 1.8742972637261477
        }
      },
      "/c_slam/factor_batch/d": {
        "attempts": 87,
        "drops": 0,
        "published": 87,
        "delivered": 87,
        "delivery_rate": 1.0,
        "bytes_attempted": 1024378,
        "bytes_published": 1024378,
        "bytes_delivered": null,
        "drop_reasons": {},
        "delivery_method": "ack",
        "ack_latency_s": {
          "count": 87,
          "min": 0.005805531051009893,
          "max": 6.338762823026627,
          "mean": 0.7064899876673609,
          "median": 0.25447305699344724,
          "p90": 1.9385640210239221,
          "p95": 2.0225543895794544,
          "stdev": 0.972723930580406
        }
      }
    },
    "generated_by": {
      "component": "ros2_factor_publisher",
      "pid": 492301
    }
  }
}