{
  "loop_closure_correction": {
    "count": 0
  },
  "interface_correction": {
    "count": 0
  },
  "loop_closure_correction_stabilised": {
    "count": 0
  },
  "loop_closure_correction_stabilised_params": {
    "epsilon": 0.001,
    "required": 3
  },
  "interface_correction_stabilised": {
    "count": 24857,
    "min": 0.09701752662658691,
    "max": 23.35947871208191,
    "mean": 1.886808541034297,
    "median": 0.8707113265991211,
    "p90": 6.131807374954224,
    "p95": 7.078749704360962,
    "p99": 7.8344390678405755,
    "stdev": 2.225894908561331
  },
  "interface_correction_stabilised_params": {
    "epsilon": 0.001,
    "required": 3
  },
  "time_to_global_convergence_s": 0.18889474868774414,
  "time_to_global_convergence_method": "delta_threshold",
  "timeline_start_ts": 1770276864.4067507,
  "timeline_end_ts": 1770276864.5956454,
  "optimization_duration_s": {
    "count": 303,
    "min": 0.0009086420177482069,
    "max": 0.03640038304729387,
    "mean": 0.005873305090663112,
    "median": 0.002412612026091665,
    "p90": 0.020012013788800687,
    "p95": 0.026437566400272772,
    "p99": 0.03052913078689018,
    "stdev": 0.007577763980219789
  },
  "communication_uplink_messages": 25884,
  "communication_uplink_bytes": 35304150,
  "communication_downlink_messages": 0,
  "communication_downlink_bytes": 0,
  "communication_uplink_bytes_per_s": 186898525.47653487,
  "communication_downlink_bytes_per_s": 0.0,
  "delivery_topics": {
    "/c_slam/factor_batch/a": {
      "attempts": 221.0,
      "drops": 0.0,
      "delivered": 221.0,
      "delivery_rate": 1.0
    },
    "/c_slam/factor_batch/c": {
      "attempts": 182.0,
      "drops": 0.0,
      "delivered": 182.0,
      "delivery_rate": 1.0
    },
    "/c_slam/factor_batch/b": {
      "attempts": 94.0,
      "drops": 0.0,
      "delivered": 94.0,
      "delivery_rate": 1.0
    },
    "/c_slam/iface/run_6e1c90ce/a": {
      "attempts": 2828.0,
      "drops": 0.0,
      "delivered": 2828.0,
      "delivery_rate": 1.0
    },
    "/c_slam/iface/run_6e1c90ce/c": {
      "attempts": 12423.0,
      "drops": 0.0,
      "delivered": 8032.0,
      "delivery_rate": 0.6465427030507929
    },
    "/c_slam/iface/run_6e1c90ce/b": {
      "attempts": 11312.0,
      "drops": 0.0,
      "delivered": 3322.0,
      "delivery_rate": 0.2936704384724187
    }
  },
  "delivery_rate": {
    "count": 6,
    "min": 0.2936704384724187,
    "max": 1.0,
    "mean": 0.8233688569205353,
    "median": 1.0,
    "p90": 1.0,
    "p95": 1.0,
    "p99": 1.0,
    "stdev": 0.26976599304490895
  },
  "estimation_metrics": {
    "a": {
      "ate": {
        "matches": 1347,
        "rmse": 2.8205129267516043,
        "R": [
          [
            0.9992613077636777,
            0.0370125065334944,
            -0.010339882326857765
          ],
          [
            -0.037114331585151705,
            0.9992626195972416,
            -0.009835825671761562
          ],
          [
            0.009968209338324716,
            0.010212317844930464,
            0.9998981664983796
          ]
        ],
        "t": [
          -3.4118082271807424,
          4.382093209860486,
          -2.643039635401049
        ],
        "s": 1.0
      },
      "rpe": {
        "1": {
          "count": 1346.0,
          "rmse": 0.15253539856513956,
          "mean": 0.10709765010845711,
          "pstd": 0.10861464522186909,
          "mean_dt": 1.0
        },
        "10": {
          "count": 1337.0,
          "rmse": 0.8963244418671944,
          "mean": 0.7882871830249935,
          "pstd": 0.4266155437475973,
          "mean_dt": 10.0
        },
        "50": {
          "count": 1297.0,
          "rmse": 3.058476504947434,
          "mean": 2.714529201124127,
          "pstd": 1.4091166550573049,
          "mean_dt": 50.0
        }
      }
    },
    "b": {
      "ate": {
        "matches": 617,
        "rmse": 4.718697633775876,
        "R": [
          [
            0.999853111207008,
            -0.004330423874380309,
            -0.016583227633199714
          ],
          [
            0.004362059281079512,
            0.9999887340030683,
            0.0018719791047766207
          ],
          [
            0.016574934343600394,
            -0.0019440411540330507,
            0.9998607364305774
          ]
        ],
        "t": [
          -4.269104806778941,
          -2.1689660106231514,
          -5.849816457638594
        ],
        "s": 1.0
      },
      "rpe": {
        "1": {
          "count": 616.0,
          "rmse": 0.32806040409178383,
          "mean": 0.15688995195080616,
          "pstd": 0.288113123112673,
          "mean_dt": 1.0
        },
        "10": {
          "count": 607.0,
          "rmse": 1.3601037082078775,
          "mean": 1.0681495816107796,
          "pstd": 0.8419848979557403,
          "mean_dt": 10.0
        },
        "50": {
          "count": 567.0,
          "rmse": 4.7304858741800055,
          "mean": 3.7118020633134425,
          "pstd": 2.932579418975493,
          "mean_dt": 50.0
        }
      }
    },
    "c": {
      "ate": {
        "matches": 1070,
        "rmse": 3.2852108867152725,
        "R": [
          [
            0.9992292125564235,
            0.0388114166324326,
            -0.00588682536297367
          ],
          [
            -0.03887878027510727,
            0.9991743028140969,
            -0.011796314690758317
          ],
          [
            0.005424132943647245,
            0.012016094829319188,
            0.9999130923469611
          ]
        ],
        "t": [
          -3.4439510526504478,
          5.138103136755177,
          -2.1214249308483604
        ],
        "s": 1.0
      },
      "rpe": {
        "1": {
          "count": 1069.0,
          "rmse": 0.8695658407972512,
          "mean": 0.2452490981623694,
          "pstd": 0.8342647249716215,
          "mean_dt": 1.0
        },
        "10": {
          "count": 1060.0,
          "rmse": 1.2990582996537718,
          "mean": 0.9272727908822388,
          "pstd": 0.9097898862862854,
          "mean_dt": 10.0
        },
        "50": {
          "count": 1020.0,
          "rmse": 3.0091096618590787,
          "mean": 2.667781348819027,
          "pstd": 1.3920070517015994,
          "mean_dt": 50.0
        }
      }
    }
  },
  "input_end_team_ts": 1770276864.41193,
  "input_end_method": "input_end_event",
  "input_end_per_robot_ts": {
    "a": 1770276864.4067507,
    "c": 1770276864.408291,
    "b": 1770276864.41193
  },
  "time_from_input_end_to_team_convergence_s": 13.61970043182373,
  "time_from_input_end_to_team_convergence_method": "stable_window",
  "time_from_input_end_to_team_convergence_per_robot_s": {
    "c": 11.111218452453613,
    "a": 13.61970043182373,
    "b": 0.7805061340332031
  },
  "time_from_input_end_to_team_convergence_params": {
    "epsilon": 0.001,
    "required": 3
  },
  "time_from_input_end_to_ddf_stop_team_s": 26.497093439102173,
  "time_from_input_end_to_ddf_stop_method": "ddf_stop_event",
  "time_from_input_end_to_ddf_stop_per_robot_s": {
    "a": 26.497093439102173,
    "b": 10.971740961074829,
    "c": 19.126660346984863
  },
  "stable_team_convergence_s": 13.61970043182373,
  "stable_team_convergence_method": "stable_window",
  "stable_team_convergence_per_robot_s": {
    "c": 11.111218452453613,
    "a": 13.61970043182373,
    "b": 0.7805061340332031
  },
  "stable_team_convergence_params": {
    "epsilon": 0.001,
    "required": 3
  },
  "stable_loop_closure_correction": {
    "count": 0
  },
  "stable_loop_closure_correction_params": {
    "epsilon": 0.001,
    "required": 3
  },
  "stable_interface_correction": {
    "count": 24857,
    "min": 0.09701752662658691,
    "max": 23.35947871208191,
    "mean": 1.886808541034297,
    "median": 0.8707113265991211,
    "p90": 6.131807374954224,
    "p95": 7.078749704360962,
    "p99": 7.8344390678405755,
    "stdev": 2.225894908561331
  },
  "stable_interface_correction_params": {
    "epsilon": 0.001,