{
  "ate": {
    "matches": 617,
    "rmse": 4.718697633775876,
    "R": [
      [
        0.999853111207008,
        -0.004330423874380309,
        -0.016583227633199714
      ],
      [
        0.004362059281079512,
        0.9999887340030683,
        0.0018719791047766207
      ],
      [
        0.016574934343600394,
        -0.0019440411540330507,
        0.9998607364305774
      ]
    ],
    "t": [
      -4.269104806778941,
      -2.1689660106231514,
      -5.849816457638594
    ],
    "s": 1.0
  },
  "rpe": {
    "1": {
      "count": 616.0,
      "rmse": 0.32806040409178383,
      "mean": 0.15688995195080616,
      "pstd": 0.288113123112673,
      "mean_dt": 1.0
    },
    "10": {
      "count": 607.0,
      "rmse": 1.3601037082078775,
      "mean": 1.0681495816107796,
      "pstd": 0.8419848979557403,
      "mean_dt": 10.0
    },
    "50": {
      "count": 567.0,
      "rmse": 4.7304858741800055,
      "mean": 3.7118020633134425,
      "pstd": 2.932579418975493,
      "mean_dt": 50.0
    }
  }
}