{
  "stats": {
    "topics": {
      "/c_slam/factor_batch/a": {
        "attempts": 221,
        "drops": 0,
        "published": 221,
        "delivered": 221,
        "delivery_rate": 1.0,
        "bytes_attempted": 2614025,
        "bytes_published": 2614025,
        "bytes_delivered": null,
        "drop_reasons": {},
        "delivery_method": "ack",
        "ack_latency_s": {
          "count": 221,
          "min": 0.00269317498896271,
          "max": 0.00797292502829805,
          "mean": 0.006724888909233068,
          "median": 0.0067740820231847465,
          "p90": 0.006981268001254648,
          "p95": 0.007043083023745567,
          "stdev": 0.000504845474898451
        }
      },
      "/c_slam/factor_batch/c": {
        "attempts": 182,
        "drops": 0,
        "published": 182,
        "delivered": 182,
        "delivery_rate": 1.0,
        "bytes_attempted": 2149959,
        "bytes_published": 2149959,
        "bytes_delivered": null,
        "drop_reasons": {},
        "delivery_method": "ack",
        "ack_latency_s": {
          "count": 182,
          "min": 0.003010725020430982,
          "max": 0.008285806979984045,
          "mean": 0.006609498998111851,
          "median": 0.00665642847889103,
          "p90": 0.006892326771048829,
          "p95": 0.006955627724528312,
          "stdev": 0.0004969257496474213
        }
      },
      "/c_slam/factor_batch/b": {
        "attempts": 94,
        "drops": 0,
        "published": 94,
        "delivered": 94,
        "delivery_rate": 1.0,
        "bytes_attempted": 1107428,
        "bytes_published": 1107428,
        "bytes_delivered": null,
        "drop_reasons": {},
        "delivery_method": "ack",
        "ack_latency_s": {
          "count": 94,
          "min": 0.0038600179832428694,
          "max": 0.007940593990497291,
          "mean": 0.006592643975423887,
          "median": 0.006602437992114574,
          "p90": 0.006858494994230568,
          "p95": 0.00691498416417744,
          "stdev": 0.00039197018439789843
        }
      }
    },
    "generated_by": {
      "component": "ros2_factor_publisher",
      "pid": 514859
    }
  }
}