{
  "a": {
    "ate": {
      "matches": 1347,
      "rmse": 2.75979859568935,
      "R": [
        [
          0.999226833365087,
          0.03797485754451741,
          -0.01018065212329846
        ],
        [
          -0.03807859705351804,
          0.9992227151469153,
          -0.010197351659248705
        ],
        [
          0.009785495880017167,
          0.010577132357126429,
          0.9998961787813183
        ]
      ],
      "t": [
        -3.469808860826575,
        4.456783870158489,
        -2.6693587111552057
      ],
      "s": 1.0
    },
    "rpe": {
      "1": {
        "count": 1346.0,
        "rmse": 0.15343261028001542,
        "mean": 0.10723940240498889,
        "pstd": 0.1097327502123225,
        "mean_dt": 1.0
      },
      "10": {
        "count": 1337.0,
        "rmse": 0.889689385522649,
        "mean": 0.7863662851208031,
        "pstd": 0.4161433266760113,
        "mean_dt": 10.0
      },
      "50": {
        "count": 1297.0,
        "rmse": 3.0198220140160625,
        "mean": 2.687932383890728,
        "pstd": 1.3763518794143927,
        "mean_dt": 50.0
      }
    }
  },
  "b": {
    "ate": {
      "matches": 617,
      "rmse": 4.700686798115599,
      "R": [
        [
          0.999826635706532,
          -0.003624664245649042,
          -0.018263634382662812
        ],
        [
          0.0036667128943431125,
          0.9999907025787942,
          0.002269355089220916
        ],
        [
          0.01825523892770861,
          -0.002335929167767703,
          0.9998306305002937
        ]
      ],
      "t": [
        -4.02551615601574,
        -1.9022496806780396,
        -6.533220752334524
      ],
      "s": 1.0
    },
    "rpe": {
      "1": {
        "count": 616.0,
        "rmse": 0.325182115451446,
        "mean": 0.15662282639330843,
        "pstd": 0.2849784175372746,
        "mean_dt": 1.0
      },
      "10": {
        "count": 607.0,
        "rmse": 1.3546979026412396,
        "mean": 1.0604462725004042,
        "pstd": 0.8430065898678203,
        "mean_dt": 10.0
      },
      "50": {
        "count": 567.0,
        "rmse": 4.72000029157659,
        "mean": 3.7002984859853103,
        "pstd": 2.930220788114425,
        "mean_dt": 50.0
      }
    }
  },
  "c": {
    "ate": {
      "matches": 1070,
      "rmse": 3.2852108867152725,
      "R": [
        [
          0.9992292125564235,
          0.0388114166324326,
          -0.00588682536297367
        ],
        [
          -0.03887878027510727,
          0.9991743028140969,
          -0.011796314690758317
        ],
        [
          0.005424132943647245,
          0.012016094829319188,
          0.9999130923469611
        ]
      ],
      "t": [
        -3.4439510526504478,
        5.138103136755177,
        -2.1214249308483604
      ],
      "s": 1.0
    },
    "rpe": {
      "1": {
        "count": 1069.0,
        "rmse": 0.8695658407972512,
        "mean": 0.2452490981623694,
        "pstd": 0.8342647249716215,
        "mean_dt": 1.0
      },
      "10": {
        "count": 1060.0,
        "rmse": 1.2990582996537718,
        "mean": 0.9272727908822388,
        "pstd": 0.9097898862862854,
        "mean_dt": 10.0
      },
      "50": {
        "count": 1020.0,
        "rmse": 3.0091096618590787,
        "mean": 2.667781348819027,
        "pstd": 1.3920070517015994,
        "mean_dt": 50.0
      }
    }
  }
}