{
  "stats": {
    "topics": {
      "/c_slam/factor_batch/a": {
        "attempts": 221,
        "drops": 0,
        "published": 221,
        "delivered": 221,
        "delivery_rate": 1.0,
        "bytes_attempted": 2614042,
        "bytes_published": 2614042,
        "bytes_delivered": null,
        "drop_reasons": {},
        "delivery_method": "ack",
        "ack_latency_s": {
          "count": 221,
          "min": 0.0025365629699081182,
          "max": 0.051306088047567755,
          "mean": 0.00729997760992354,
          "median": 0.0066506529692560434,
          "p90": 0.00696244603022933,
          "p95": 0.012323000992182642,
          "stdev": 0.004171394421186153
        }
      },
      "/c_slam/factor_batch/c": {
        "attempts": 182,
        "drops": 0,
        "published": 182,
        "delivered": 182,
        "delivery_rate": 1.0,
        "bytes_attempted": 2149970,
        "bytes_published": 2149970,
        "bytes_delivered": null,
        "drop_reasons": {},
        "delivery_method": "ack",
        "ack_latency_s": {
          "count": 182,
          "min": 0.0028621730161830783,
          "max": 0.05036837101215497,
          "mean": 0.007311783096136443,
          "median": 0.006647971487836912,
          "p90": 0.00705769318738021,
          "p95": 0.011467939661815741,
          "stdev": 0.004358814560782755
        }
      },
      "/c_slam/factor_batch/b": {
        "attempts": 94,
        "drops": 0,
        "published": 94,
        "delivered": 94,
        "delivery_rate": 1.0,
        "bytes_attempted": 1107419,
        "bytes_published": 1107419,
        "bytes_delivered": null,
        "drop_reasons": {},
        "delivery_method": "ack",
        "ack_latency_s": {
          "count": 94,
          "min": 0.0034970829728990793,
          "max": 0.05124315997818485,
          "mean": 0.006941857869102759,
          "median": 0.006621027481742203,
          "p90": 0.006869568803813309,
          "p95": 0.006983965699328109,
          "stdev": 0.004644354491627779
        }
      }
    },
    "generated_by": {
      "component": "ros2_factor_publisher",
      "pid": 462572
    }
  }
}