{
  "ate": {
    "matches": 607,
    "rmse": 1.7784433440336842,
    "R": [
      [
        0.9999755406261824,
        0.001744139935897917,
        0.00677319165958408
      ],
      [
        -0.001780777706842702,
        0.9999837965969613,
        0.005406974596346294
      ],
      [
        -0.006763651390503897,
        -0.005418903893845015,
        0.9999624435449848
      ]
    ],
    "t": [
      -0.477459664414269,
      0.5523718226767187,
      0.19364000414527682
    ],
    "s": 1.0
  },
  "rpe": {
    "1": {
      "count": 606.0,
      "rmse": 0.11201562384852742,
      "mean": 0.08908988880299284,
      "pstd": 0.0679006016118058,
      "mean_dt": 1.0
    },
    "10": {
      "count": 597.0,
      "rmse": 0.6643015563980599,
      "mean": 0.5884800135989484,
      "pstd": 0.30820095948498677,
      "mean_dt": 10.0
    },
    "50": {
      "count": 557.0,
      "rmse": 2.1913834760530704,
      "mean": 1.9753523947553693,
      "pstd": 0.9487594298096144,
      "mean_dt": 50.0
    }
  }
}