{
  "a": {
    "ate": {
      "matches": 1347,
      "rmse": 2.677855074374883,
      "R": [
        [
          0.9992264465358757,
          0.038007342886253466,
          -0.010097050560098242
        ],
        [
          -0.03810935472857665,
          0.9992224255994866,
          -0.010110453068373187
        ],
        [
          0.009704927895556992,
          0.010487424173885408,
          0.9998979089430774
        ]
      ],
      "t": [
        -3.4252139586876353,
        4.243328100095404,
        -2.695685767332333
      ],
      "s": 1.0
    },
    "rpe": {
      "1": {
        "count": 1346.0,
        "rmse": 0.1504984590149491,
        "mean": 0.10547381951663111,
        "pstd": 0.10735483017753528,
        "mean_dt": 1.0
      },
      "10": {
        "count": 1337.0,
        "rmse": 0.862511567462216,
        "mean": 0.7620046946858223,
        "pstd": 0.4040730741869527,
        "mean_dt": 10.0
      },
      "50": {
        "count": 1297.0,
        "rmse": 2.900135187691471,
        "mean": 2.5857138673180806,
        "pstd": 1.3133422643184889,
        "mean_dt": 50.0
      }
    }
  },
  "b": {
    "ate": {
      "matches": 617,
      "rmse": 4.635669332680288,
      "R": [
        [
          0.999865227873765,
          -0.0029111882277243033,
          -0.016157074984259775
        ],
        [
          0.002947332522880806,
          0.9999932063671358,
          0.0022136961339956143
        ],
        [
          0.016150520732899135,
          -0.002261018062036532,
          0.9998670153962371
        ]
      ],
      "t": [
        -3.973488405333555,
        -1.589373267937674,
        -5.867238112509741
      ],
      "s": 1.0
    },
    "rpe": {
      "1": {
        "count": 616.0,
        "rmse": 0.3198644696528188,
        "mean": 0.15431611359591887,
        "pstd": 0.2801781862153628,
        "mean_dt": 1.0
      },
      "10": {
        "count": 607.0,
        "rmse": 1.3305119059471429,
        "mean": 1.0451942013804822,
        "pstd": 0.8233049333434809,
        "mean_dt": 10.0
      },
      "50": {
        "count": 567.0,
        "rmse": 4.636562830399877,
        "mean": 3.6502645543183316,
        "pstd": 2.8588955146582253,
        "mean_dt": 50.0
      }
    }
  },
  "c": {
    "ate": {
      "matches": 1070,
      "rmse": 3.2852108867152725,
      "R": [
        [
          0.9992292125564235,
          0.0388114166324326,
          -0.00588682536297367
        ],
        [
          -0.03887878027510727,
          0.9991743028140969,
          -0.011796314690758317
        ],
        [
          0.005424132943647245,
          0.012016094829319188,
          0.9999130923469611
        ]
      ],
      "t": [
        -3.4439510526504478,
        5.138103136755177,
        -2.1214249308483604
      ],
      "s": 1.0
    },
    "rpe": {
      "1": {
        "count": 1069.0,
        "rmse": 0.8695658407972512,
        "mean": 0.2452490981623694,
        "pstd": 0.8342647249716215,
        "mean_dt": 1.0
      },
      "10": {
        "count": 1060.0,
        "rmse": 1.2990582996537718,
        "mean": 0.9272727908822388,
        "pstd": 0.9097898862862854,
        "mean_dt": 10.0
      },
      "50": {
        "count": 1020.0,
        "rmse": 3.0091096618590787,
        "mean": 2.667781348819027,
        "pstd": 1.3920070517015994,
        "mean_dt": 50.0
      }
    }
  }
}