{
  "ate": {
    "matches": 1355,
    "rmse": 2.613482799842377,
    "R": [
      [
        0.9997238330468198,
        0.0223449238321797,
        0.007277500746022604
      ],
      [
        -0.022340039435893386,
        0.9997501475231263,
        -0.0007517748931998164
      ],
      [
        -0.007292480797163242,
        0.0005889876241571834,
        0.9999732360505464
      ]
    ],
    "t": [
      -2.063876695785112,
      2.7653726870276714,
      0.2667655131798492
    ],
    "s": 1.0
  },
  "rpe": {
    "1": {
      "count": 1354.0,
      "rmse": 0.19582786971477384,
      "mean": 0.0981302222502656,
      "pstd": 0.16946685232853034,
      "mean_dt": 1.0
    },
    "10": {
      "count": 1345.0,
      "rmse": 0.836155959144322,
      "mean": 0.6658518960791124,
      "pstd": 0.5057648074949581,
      "mean_dt": 10.0
    },
    "50": {
      "count": 1305.0,
      "rmse": 2.712471636918474,
      "mean": 2.352957798107045,
      "pstd": 1.3494784108737805,
      "mean_dt": 50.0
    }
  }
}