{
  "stats": {
    "topics": {
      "/c_slam/factor_batch/a": {
        "attempts": 96,
        "drops": 0,
        "published": 96,
        "delivered": 96,
        "delivery_rate": 1.0,
        "bytes_attempted": 1131504,
        "bytes_published": 1131504,
        "bytes_delivered": null,
        "drop_reasons": {},
        "delivery_method": "ack",
        "ack_latency_s": {
          "count": 96,
          "min": 0.006584468996152282,
          "max": 0.24760546104516834,
          "mean": 0.052611036708185566,
          "median": 0.043947399011813104,
          "p90": 0.09613290449487977,
          "p95": 0.13382107950747013,
          "stdev": 0.04452192629315558
        }
      },
      "/c_slam/factor_batch/c": {
        "attempts": 97,
        "drops": 0,
        "published": 97,
        "delivered": 97,
        "delivery_rate": 1.0,
        "bytes_attempted": 1140605,
        "bytes_published": 1140605,
        "bytes_delivered": null,
        "drop_reasons": {},
        "delivery_method": "ack",
        "ack_latency_s": {
          "count": 97,
          "min": 0.005524582986254245,
          "max": 0.19013544800691307,
          "mean": 0.06184516185486555,
          "median": 0.06044228404061869,
          "p90": 0.0985959367826581,
          "p95": 0.15063407998532055,
          "stdev": 0.03996901213678462
        }
      },
      "/c_slam/factor_batch/b": {
        "attempts": 171,
        "drops": 0,
        "published": 171,
        "delivered": 171,
        "delivery_rate": 1.0,
        "bytes_attempted": 2024291,
        "bytes_published": 2024291,
        "bytes_delivered": null,
        "drop_reasons": {},
        "delivery_method": "ack",
        "ack_latency_s": {
          "count": 171,
          "min": 0.006520377995911986,
          "max": 0.16487900901120156,
          "mean": 0.07523320189252365,
          "median": 0.06522517697885633,
          "p90": 0.15406878205249086,
          "p95": 0.15863886050647125,
          "stdev": 0.04893106501206156
        }
      }
    },
    "generated_by": {
      "component": "ros2_factor_publisher",
      "pid": 486839
    }
  }
}