{
  "stats": {
    "topics": {
      "/c_slam/factor_batch/a": {
        "attempts": 228,
        "drops": 0,
        "published": 228,
        "delivered": 228,
        "delivery_rate": 1.0,
        "bytes_attempted": 2698470,
        "bytes_published": 2698470,
        "bytes_delivered": null,
        "drop_reasons": {},
        "delivery_method": "ack",
        "ack_latency_s": {
          "count": 228,
          "min": 0.007293433998711407,
          "max": 6.701040527026635,
          "mean": 2.3357983924090564,
          "median": 2.258394270495046,
          "p90": 6.0505428477248655,
          "p95": 6.462563647606293,
          "stdev": 2.21518059402757
        }
      },
      "/c_slam/factor_batch/b": {
        "attempts": 89,
        "drops": 0,
        "published": 89,
        "delivered": 89,
        "delivery_rate": 1.0,
        "bytes_attempted": 1046958,
        "bytes_published": 1046958,
        "bytes_delivered": null,
        "drop_reasons": {},
        "delivery_method": "ack",
        "ack_latency_s": {
          "count": 89,
          "min": 0.007788203016389161,
          "max": 6.6471388100180775,
          "mean": 0.5693102729927979,
          "median": 0.07057609700132161,
          "p90": 1.7452094209846114,
          "p95": 2.1576924043940378,
          "stdev": 0.9576458952230492
        }
      },
      "/c_slam/factor_batch/c": {
        "attempts": 180,
        "drops": 0,
        "published": 180,
        "delivered": 180,
        "delivery_rate": 1.0,
        "bytes_attempted": 2129901,
        "bytes_published": 2129901,
        "bytes_delivered": null,
        "drop_reasons": {},
        "delivery_method": "ack",
        "ack_latency_s": {
          "count": 180,
          "min": 0.007275831012520939,
          "max": 6.649881151970476,
          "mean": 2.5017870001753586,
          "median": 2.3782746364886407,
          "p90": 5.430179870023858,
          "p95": 5.871119194547646,
          "stdev": 1.9836574834457639
        }
      },
      "/c_slam/factor_batch/d": {
        "attempts": 87,
        "drops": 0,
        "published": 87,
        "delivered": 87,
        "delivery_rate": 1.0,
        "bytes_attempted": 1024381,
        "bytes_published": 1024381,
        "bytes_delivered": null,
        "drop_reasons": {},
        "delivery_method": "ack",
        "ack_latency_s": {
          "count": 87,
          "min": 0.005617264017928392,
          "max": 6.857683692011051,
          "mean": 0.7428320583301308,
          "median": 0.27987963997293264,
          "p90": 1.9972762855701154,
          "p95": 2.1285803827748166,
          "stdev": 1.0308852567770155
        }
      }
    },
    "generated_by": {
      "component": "ros2_factor_publisher",
      "pid": 493687
    }
  }
}