{
  "loop_closure_correction": {
    "count": 284,
    "min": 0.004171086009591818,
    "max": 0.2507316050468944,
    "mean": 0.07433810290363191,
    "median": 0.06252051898627542,
    "p90": 0.1543065194040537,
    "p95": 0.2103284657729091,
    "p99": 0.24915779254399242,
    "stdev": 0.053952402352450544
  },
  "interface_correction": {
    "count": 3,
    "min": 0.004031414049677551,
    "max": 0.09799507400020957,
    "mean": 0.03626180467351029,
    "median": 0.006758925970643759,
    "p90": 0.07974784439429641,
    "p95": 0.08887145919725299,
    "p99": 0.09617035103961825,
    "stdev": 0.04366621299999841
  },
  "loop_closure_correction_stabilised": {
    "count": 284,
    "min": 0.3863043785095215,
    "max": 25.624606132507324,
    "mean": 14.5264956388675,
    "median": 17.158365845680237,
    "p90": 23.521252799034123,
    "p95": 24.41286904811859,
    "p99": 25.5331791305542,
    "stdev": 7.366456584633063
  },
  "loop_closure_correction_stabilised_params": {
    "epsilon": 0.001,
    "required": 3
  },
  "interface_correction_stabilised": {
    "count": 3,
    "min": 24.14728093147278,
    "max": 25.62649941444397,
    "mean": 24.901981989542644,
    "median": 24.93216562271118,
    "p90": 25.48763265609741,
    "p95": 25.55706603527069,
    "p99": 25.612612738609315,
    "stdev": 0.6042654598073807
  },
  "interface_correction_stabilised_params": {
    "epsilon": 0.001,
    "required": 3
  },
  "time_to_global_convergence_s": 25.462604999542236,
  "time_to_global_convergence_method": "last_map_broadcast",
  "timeline_start_ts": 1770231826.0584497,
  "timeline_end_ts": 1770231851.5210547,
  "optimization_duration_s": {
    "count": 245,
    "min": 0.000722313008736819,
    "max": 0.0697160690324381,
    "mean": 0.008659122640038935,
    "median": 0.003724611015059054,
    "p90": 0.024420107610058035,
    "p95": 0.046079734398517674,
    "p99": 0.05987278298009187,
    "stdev": 0.013377268583679347
  },
  "communication_uplink_messages": 497,
  "communication_uplink_bytes": 5871430,
  "communication_downlink_messages": 245,
  "communication_downlink_bytes": 51815109,
  "communication_uplink_bytes_per_s": 230590.31077556894,
  "communication_downlink_bytes_per_s": 2034949.2520867966,
  "delivery_topics": {},
  "estimation_metrics": {
    "ate": {
      "a": {
        "matches": 1347,
        "rmse": 2.2841124364700947,
        "R": [
          [
            0.9999554351845154,
            -0.0008449539021119839,
            -0.009402855834788141
          ],
          [
            0.0007241002309513171,
            0.9999171878227056,
            -0.012848858921601276
          ],
          [
            0.009412933857307165,
            0.01284147770449267,
            0.9998732385290461
          ]
        ],
        "t": [
          -2.71001229393498,
          -1.2569684904505465,
          -1.7433751769894794
        ],
        "s": 1.0
      },
      "c": {
        "matches": 1071,
        "rmse": 2.3004736477732037,
        "R": [
          [
            0.9999694564766319,
            -0.0018087575923388891,
            -0.007603585325377639
          ],
          [
            0.001725926017487039,
            0.9999392536903005,
            -0.010886234825069861
          ],
          [
            0.007622813995520462,
            0.010872779095362849,
            0.9999118338041275
          ]
        ],
        "t": [
          -2.5976162626726307,
          -1.428149528875636,
          -1.5350784455732835
        ],
        "s": 1.0
      },
      "b": {
        "matches": 617,
        "rmse": 2.2303305166063616,
        "R": [
          [
            0.9999632449336301,
            0.001271545551866281,
            -0.008478912295504924
          ],
          [
            -0.0013763866384463796,
            0.9999225342483888,
            -0.01237057242416889
          ],
          [
            0.008462525723851116,
            0.012381788004550538,
            0.9998875321675849
          ]
        ],
        "t": [
          -2.872581256492367,
          -1.508402691819228,
          -1.9585834288984247
        ],
        "s": 1.0
      }
    },
    "rpe": {
      "a": {
        "1": {
          "count": 1346.0,
          "rmse": 0.16154285554653813,
          "mean": 0.09618615172697073,
          "pstd": 0.12978566328406918,
          "mean_dt": 1.0
        },
        "10": {
          "count": 1337.0,
          "rmse": 0.7527037277505532,
          "mean": 0.660371217949508,
          "pstd": 0.3612101275898306,
          "mean_dt": 10.0
        },
        "50": {
          "count": 1297.0,
          "rmse": 2.3583470675528524,
          "mean": 2.1384324587345334,
          "pstd": 0.9944382889177757,
          "mean_dt": 50.0
        }
      },
      "c": {
        "1": {
          "count": 1070.0,
          "rmse": 0.7785628901131704,
          "mean": 0.2612057123450182,
          "pstd": 0.7334383066759632,
          "mean_dt": 1.0
        },
        "10": {
          "count": 1061.0,
          "rmse": 1.0077636145001456,
          "mean": 0.7452040314939078,
          "pstd": 0.6784235064881126,
          "mean_dt": 10.0
        },
        "50": {
          "count": 1021.0,
          "rmse": 2.17429905670762,
          "mean": 1.940471992580372,
          "pstd": 0.9808898174671841,
          "mean_dt": 50.0
        }
      },
      "b": {
        "1": {
          "count": 616.0,
          "rmse": 0.42682921544602503,
          "mean": 0.137924944988539,
          "pstd": 0.40393054936235995,
          "mean_dt": 1.0
        },
        "10": {
          "count": 607.0,
          "rmse": 0.8047531831972972,
          "mean": 0.6682609884654621,
          "pstd": 0.4483914998763307,
          "mean_dt": 10.0
        },
        "50": {
          "count": 567.0,
          "rmse": 2.334375523996895,
          "mean": 2.161718279162007,
          "pstd": 0.8810693324436114,
          "mean_dt": 50.0
        }
      }
    }
  },
  "input_end_team_ts": 1770231851.5211427,
  "input_end_method": "input_end_event",
  "input_end_per_robot_ts": {
    "team": 1770231851.5211427
  },
  "time_from_input_end_to_team_convergence_s": 0.1300051212310791,
  "time_from_input_end_to_team_convergence_method": "stable_window",
  "time_from_input_end_to_team_convergence_per_robot_s": {
    "server": 0.1300051212310791
  },
  "time_from_input_end_to_team_convergence_params": {
    "epsilon": 0.001,
    "required": 3
  },
  "time_from_input_end_to_ddf_stop_team_s": null,
  "time_from_input_end_to_ddf_stop_method": "no_ddf_stop_event",
  "time_from_input_end_to_ddf_stop_per_robot_s": {},
  "stable_team_convergence_s": 0.1300051212310791,
  "stable_team_convergence_method": "stable_window",
  "stable_team_convergence_per_robot_s": {
    "server": 0.1300051212310791
  },
  "stable_team_convergence_params": {
    "epsilon": 0.001,
    "required": 3
  },
  "stable_loop_closure_correction": {
    "count": 284,
    "min": 0.3863043785095215,
    "max": 25.624606132507324,
    "mean": 14.5264956388675,
    "median": 17.158365845680237,
    "p90": 23.521252799034123,
    "p95": 24.41286904811859,
    "p99": 25.5331791305542,
    "stdev": 7.366456584633063
  },
  "stable_loop_closure_correction_params": {
    "epsilon": 0.001,
    "required": 3
  },
  "stable_interface_correction": {
    "count": 3,
    "min": 24.14728093147278,
    "max": 25.62649941444397,
    "mean": 24.901981989542644,
    "median": 24.93216562271118,
    "p90": 25.48763265609741,
    "p95": 25.55706603527069,
    "p99": 25.612612738609315,
    "stdev": 0.6042654598073807
  },
  "stable_interface_correction_params": {
    "epsilon": 0.001,
    "required": 3
  },
  "event_time_to_global_convergence_s": 25.462604999542236,
  "event_time_to_global_convergence_method": "last_map_broadcast",
  "event_loop_closure_correction": {
    "count": 284,
    "min": 0.004171086009591818,
    "max": 0.2507316050468944,
    "mean": 0.07433810290363191,
    "median": 0.06252051898627542,