{
  "a": {
    "ate": {
      "matches": 1357,
      "rmse": 2.3664494359883657,
      "R": [
        [
          0.9991450482559369,
          0.04131367700368065,
          0.0015338311762628223
        ],
        [
          -0.041314090019154086,
          0.9991461800241509,
          0.00023855614910149592
        ],
        [
          -0.001522665928873737,
          -0.00030172103439606024,
          0.9999987952257174
        ]
      ],
      "t": [
        -2.0627860623216066,
        6.29078760224494,
        -0.4799984665628214
      ],
      "s": 1.0
    },
    "rpe": {
      "1": {
        "count": 1356.0,
        "rmse": 0.10815124289911462,
        "mean": 0.09227909887332156,
        "pstd": 0.05640265287866376,
        "mean_dt": 1.0
      },
      "10": {
        "count": 1347.0,
        "rmse": 0.7201653108818707,
        "mean": 0.6548364890702549,
        "pstd": 0.299711941002894,
        "mean_dt": 10.0
      },
      "50": {
        "count": 1307.0,
        "rmse": 2.589633760265701,
        "mean": 2.280106867926477,
        "pstd": 1.227727853859473,
        "mean_dt": 50.0
      }
    }
  },
  "b": {
    "ate": {
      "matches": 265,
      "rmse": 1.5857907177982176,
      "R": [
        [
          0.998954235874467,
          0.04553817932903071,
          0.004087646248884015
        ],
        [
          -0.045541638102604046,
          0.9989621544744668,
          0.0007570512948720312
        ],
        [
          -0.004048929165887483,
          -0.0009424177039447923,
          0.9999913589734065
        ]
      ],
      "t": [
        -2.71048551794577,
        6.81230083367721,
        0.2670198392872436
      ],
      "s": 1.0
    },
    "rpe": {
      "1": {
        "count": 264.0,
        "rmse": 0.4506282600092102,
        "mean": 0.17949691550768948,
        "pstd": 0.4133360449345712,
        "mean_dt": 1.0
      },
      "10": {
        "count": 255.0,
        "rmse": 1.017896794330322,
        "mean": 0.8611947856655202,
        "pstd": 0.5426393139558399,
        "mean_dt": 10.0
      },
      "50": {
        "count": 215.0,
        "rmse": 2.850292866668774,
        "mean": 2.701391879128962,
        "pstd": 0.9092036851877536,
        "mean_dt": 50.0
      }
    }
  },
  "c": {
    "ate": {
      "matches": 624,
      "rmse": 2.6892768642978773,
      "R": [
        [
          0.9999190938411742,
          0.008951940677975456,
          -0.009037064232544911
        ],
        [
          -0.009017192560554112,
          0.9999333815835466,
          -0.0072057361331178404
        ],
        [
          0.008971956875231554,
          0.00728664209305277,
          0.9999332021874445
        ]
      ],
      "t": [
        -0.4629383560568954,
        2.7242965564730497,
        -2.0223502031231835
      ],
      "s": 1.0
    },
    "rpe": {
      "1": {
        "count": 623.0,
        "rmse": 0.2572022720859201,
        "mean": 0.12447288754474184,
        "pstd": 0.2250766736746253,
        "mean_dt": 1.0
      },
      "10": {
        "count": 614.0,
        "rmse": 0.9137541964792593,
        "mean": 0.7544581606393422,
        "pstd": 0.5154993845080297,
        "mean_dt": 10.0
      },
      "50": {
        "count": 574.0,
        "rmse": 2.8611408631960358,
        "mean": 2.5109688731643782,
        "pstd": 1.3715547225866591,
        "mean_dt": 50.0
      }
    }
  },
  "d": {
    "ate": {
      "matches": 1062,
      "rmse": 2.6541494011545836,
      "R": [
        [
          0.9991797621791275,
          0.039947422388262384,
          0.006633724157346839
        ],
        [
          -0.03996434159984244,
          0.9991981328511894,
          0.002437766844478134
        ],
        [
          -0.006531022290050331,
          -0.002700879714217161,
          0.9999750251864374
        ]
      ],
      "t": [
        -2.402941566187664,
        6.06559652588858,
        0.37285810892808957
      ],
      "s": 1.0
    },
    "rpe": {
      "1": {
        "count": 1061.0,
        "rmse": 0.6048028691757781,
        "mean": 0.1898926493091402,
        "pstd": 0.5742188540109158,
        "mean_dt": 1.0
      },
      "10": {
        "count": 1052.0,
        "rmse": 0.9222533710102485,
        "mean": 0.7010662818588028,
        "pstd": 0.5992139424115897,
        "mean_dt": 10.0
      },
      "50": {
        "count": 1012.0,
        "rmse": 2.368081306120802,
        "mean": 2.080462471705434,
        "pstd": 1.131143216495647,
        "mean_dt": 50.0
      }
    }
  },
  "e": {
    "ate": {
      "matches": 528,
      "rmse": 5.508511752141242,
      "R": [
        [
          0.9985056336449107,
          -0.05393578926385371,
          0.00879944406542817
        ],
        [
          0.0538926115202887,
          0.9985338532407008,
          0.005072509812855442
        ],
        [
          -0.009060132609333006,
          -0.004590704604242633,
          0.9999484183838375
        ]
      ],
      "t": [
        2.102602598261086,
        -3.6109944577859245,
        0.827374857397885
      ],
      "s": 1.0
    },
    "rpe": {
      "1": {
        "count": 527.0,
        "rmse": 0.8124001611300317,
        "mean": 0.2287245670482723,
        "pstd": 0.7795377439436023,
        "mean_dt": 1.0
      },
      "10": {
        "count": 518.0,
        "rmse": 1.415338747721236,
        "mean": 1.1411050357194952,
        "pstd": 0.8372950903096991,
        "mean_dt": 10.0
      },
      "50": {
        "count": 478.0,
        "rmse": 4.615441099131426,
        "mean": 4.066147389927989,
        "pstd": 2.1837449354110285,
        "mean_dt": 50.0
      }
    }
  }
}