{
  "ate": {
    "matches": 624,
    "rmse": 2.306718015447251,
    "R": [
      [
        0.9999442399258821,
        0.006809948681096036,
        -0.008071036984811491
      ],
      [
        -0.006876792153053282,
        0.9999420468006389,
        -0.00828328255164449
      ],
      [
        0.008014160513308327,
        0.008338323518999574,
        0.9999331205596496
      ]
    ],
    "t": [
      -0.3665699629593746,
      2.3792153487761993,
      -1.686567118695483
    ],
    "s": 1.0
  },
  "rpe": {
    "1": {
      "count": 623.0,
      "rmse": 0.2672115410806646,
      "mean": 0.11772987373990816,
      "pstd": 0.23987847864260137,
      "mean_dt": 1.0
    },
    "10": {
      "count": 614.0,
      "rmse": 0.8062911412587423,
      "mean": 0.662016672441683,
      "pstd": 0.4602600676591078,
      "mean_dt": 10.0
    },
    "50": {
      "count": 574.0,
      "rmse": 2.437235377811676,
      "mean": 2.212790209463816,
      "pstd": 1.0216045104432039,
      "mean_dt": 50.0
    }
  }
}