{
  "ate": {
    "matches": 596,
    "rmse": 2.9779309524567816,
    "R": [
      [
        0.9999646282863058,
        -0.0004653981003351566,
        0.008397950990480862
      ],
      [
        0.0004225263046036997,
        0.9999868746091041,
        0.00510608274892143
      ],
      [
        -0.008400217125302886,
        -0.0051023537828260995,
        0.9999517000026167
      ]
    ],
    "t": [
      -2.3273423400697624,
      0.31735307859524653,
      0.9212576143653746
    ],
    "s": 1.0
  },
  "rpe": {
    "1": {
      "count": 595.0,
      "rmse": 1.309898342626182,
      "mean": 0.17788337050259737,
      "pstd": 1.297763913242102,
      "mean_dt": 1.0
    },
    "10": {
      "count": 586.0,
      "rmse": 1.5652945632675934,
      "mean": 0.8047328508499648,
      "pstd": 1.342591564310597,
      "mean_dt": 10.0
    },
    "50": {
      "count": 546.0,
      "rmse": 3.0168755792035276,
      "mean": 2.544660441051437,
      "pstd": 1.6205682645734245,
      "mean_dt": 50.0
    }
  }
}