{
  "stats": {
    "topics": {
      "/c_slam/factor_batch/a": {
        "attempts": 96,
        "drops": 0,
        "published": 96,
        "delivered": 96,
        "delivery_rate": 1.0,
        "bytes_attempted": 1131510,
        "bytes_published": 1131510,
        "bytes_delivered": null,
        "drop_reasons": {},
        "delivery_method": "ack",
        "ack_latency_s": {
          "count": 96,
          "min": 0.0027115189586766064,
          "max": 0.007877283031120896,
          "mean": 0.006114027642979636,
          "median": 0.006483796489192173,
          "p90": 0.006723739497829229,
          "p95": 0.0068980682553956285,
          "stdev": 0.0009826862658349597
        }
      },
      "/c_slam/factor_batch/c": {
        "attempts": 97,
        "drops": 0,
        "published": 97,
        "delivered": 97,
        "delivery_rate": 1.0,
        "bytes_attempted": 1140600,
        "bytes_published": 1140600,
        "bytes_delivered": null,
        "drop_reasons": {},
        "delivery_method": "ack",
        "ack_latency_s": {
          "count": 97,
          "min": 0.0025914619909599423,
          "max": 0.008477466006297618,
          "mean": 0.0061322086305866386,
          "median": 0.006492518004961312,
          "p90": 0.006759597582276911,
          "p95": 0.0069974060053937135,
          "stdev": 0.001051574005542001
        }
      },
      "/c_slam/factor_batch/b": {
        "attempts": 171,
        "drops": 0,
        "published": 171,
        "delivered": 171,
        "delivery_rate": 1.0,
        "bytes_attempted": 2024313,
        "bytes_published": 2024313,
        "bytes_delivered": null,
        "drop_reasons": {},
        "delivery_method": "ack",
        "ack_latency_s": {
          "count": 171,
          "min": 0.0025247869780287147,
          "max": 0.02484621899202466,
          "mean": 0.0063405897824382355,
          "median": 0.006524648983031511,
          "p90": 0.006729234009981155,
          "p95": 0.00681454548612237,
          "stdev": 0.0016718017979964741
        }
      }
    },
    "generated_by": {
      "component": "ros2_factor_publisher",
      "pid": 525078
    }
  }
}