{
  "stats": {
    "topics": {
      "/c_slam/factor_batch/d": {
        "attempts": 176,
        "drops": 0,
        "published": 176,
        "delivered": 176,
        "delivery_rate": 1.0,
        "bytes_attempted": 2081725,
        "bytes_published": 2081725,
        "bytes_delivered": null,
        "drop_reasons": {},
        "delivery_method": "ack",
        "ack_latency_s": {
          "count": 176,
          "min": 0.007702109054662287,
          "max": 1.327515491982922,
          "mean": 0.46009075580216385,
          "median": 0.3548714509815909,
          "p90": 1.0932954824820627,
          "p95": 1.2234945424861507,
          "stdev": 0.41802709767187357
        }
      },
      "/c_slam/factor_batch/b": {
        "attempts": 50,
        "drops": 0,
        "published": 50,
        "delivered": 50,
        "delivery_rate": 1.0,
        "bytes_attempted": 583589,
        "bytes_published": 583589,
        "bytes_delivered": null,
        "drop_reasons": {},
        "delivery_method": "ack",
        "ack_latency_s": {
          "count": 50,
          "min": 0.008302166999783367,
          "max": 0.5296897380030714,
          "mean": 0.1023093912587501,
          "median": 0.06592265449580736,
          "p90": 0.27996009038761255,
          "p95": 0.32069549308507705,
          "stdev": 0.10728796151403612
        }
      },
      "/c_slam/factor_batch/c": {
        "attempts": 95,
        "drops": 0,
        "published": 95,
        "delivered": 95,
        "delivery_rate": 1.0,
        "bytes_attempted": 1118227,
        "bytes_published": 1118227,
        "bytes_delivered": null,
        "drop_reasons": {},
        "delivery_method": "ack",
        "ack_latency_s": {
          "count": 95,
          "min": 0.007899700023699552,
          "max": 1.2506069950177334,
          "mean": 0.35401923556775344,
          "median": 0.09529595298226923,
          "p90": 1.0919004262075769,
          "p95": 1.2250385775871109,
          "stdev": 0.4157872669986435
        }
      },
      "/c_slam/factor_batch/a": {
        "attempts": 233,
        "drops": 0,
        "published": 233,
        "delivered": 233,
        "delivery_rate": 1.0,
        "bytes_attempted": 2756192,
        "bytes_published": 2756192,
        "bytes_delivered": null,
        "drop_reasons": {},
        "delivery_method": "ack",
        "ack_latency_s": {
          "count": 233,
          "min": 0.007605737948324531,
          "max": 1.2696848580380902,
          "mean": 0.32474423277960257,
          "median": 0.15118710102979094,
          "p90": 0.9438384934095666,
          "p95": 1.0872733244090338,
          "stdev": 0.3624578409244727
        }
      },
      "/c_slam/factor_batch/e": {
        "attempts": 83,
        "drops": 0,
        "published": 83,
        "delivered": 83,
        "delivery_rate": 1.0,
        "bytes_attempted": 981506,
        "bytes_published": 981506,
        "bytes_delivered": null,
        "drop_reasons": {},
        "delivery_method": "ack",
        "ack_latency_s": {
          "count": 83,
          "min": 0.008667222980875522,
          "max": 1.22688365803333,
          "mean": 0.3328730590951472,
          "median": 0.10931696003535762,
          "p90": 0.8826092808041721,
          "p95": 1.0268570227024607,
          "stdev": 0.3492124434323069
        }
      }
    },
    "generated_by": {
      "component": "ros2_factor_publisher",
      "pid": 503122
    }
  }
}