{
  "ate": {
    "matches": 1350,
    "rmse": 2.1228554668923234,
    "R": [
      [
        0.9998654801421948,
        0.01571377315355373,
        0.0047009523820046315
      ],
      [
        -0.015725161863878415,
        0.9998734822741795,
        0.002395564497293501
      ],
      [
        -0.004662714271114903,
        -0.0024691654834193694,
        0.9999860810618522
      ]
    ],
    "t": [
      -1.3027711828050457,
      2.315215998590787,
      -0.15831837398094883
    ],
    "s": 1.0
  },
  "rpe": {
    "1": {
      "count": 1349.0,
      "rmse": 0.15047702253200881,
      "mean": 0.09592326772168093,
      "pstd": 0.11593990262068296,
      "mean_dt": 1.0
    },
    "10": {
      "count": 1340.0,
      "rmse": 0.7123408999212774,
      "mean": 0.636976063833107,
      "pstd": 0.3188903444827654,
      "mean_dt": 10.0
    },
    "50": {
      "count": 1300.0,
      "rmse": 2.3626436964185165,
      "mean": 2.114345608320636,
      "pstd": 1.0543376521785592,
      "mean_dt": 50.0
    }
  }
}