{
  "a": {
    "ate": {
      "matches": 1350,
      "rmse": 2.1228554668923234,
      "R": [
        [
          0.9998654801421948,
          0.01571377315355373,
          0.0047009523820046315
        ],
        [
          -0.015725161863878415,
          0.9998734822741795,
          0.002395564497293501
        ],
        [
          -0.004662714271114903,
          -0.0024691654834193694,
          0.9999860810618522
        ]
      ],
      "t": [
        -1.3027711828050457,
        2.315215998590787,
        -0.15831837398094883
      ],
      "s": 1.0
    },
    "rpe": {
      "1": {
        "count": 1349.0,
        "rmse": 0.15047702253200881,
        "mean": 0.09592326772168093,
        "pstd": 0.11593990262068296,
        "mean_dt": 1.0
      },
      "10": {
        "count": 1340.0,
        "rmse": 0.7123408999212774,
        "mean": 0.636976063833107,
        "pstd": 0.3188903444827654,
        "mean_dt": 10.0
      },
      "50": {
        "count": 1300.0,
        "rmse": 2.3626436964185165,
        "mean": 2.114345608320636,
        "pstd": 1.0543376521785592,
        "mean_dt": 50.0
      }
    }
  },
  "b": {
    "ate": {
      "matches": 187,
      "rmse": 16.186985909476657,
      "R": [
        [
          0.9996641965730824,
          0.020536025455250587,
          0.015803978878560256
        ],
        [
          -0.02071798318884864,
          0.9997199395930643,
          0.011437112949791023
        ],
        [
          -0.015564679967132846,
          -0.01176069889679137,
          0.9998096952415392
        ]
      ],
      "t": [
        3.6284501764043284,
        4.313371781387197,
        -0.4482596429641985
      ],
      "s": 1.0
    },
    "rpe": {
      "1": {
        "count": 186.0,
        "rmse": 15.992143382898632,
        "mean": 4.3578125234183345,
        "pstd": 15.386946415384921,
        "mean_dt": 1.0
      },
      "10": {
        "count": 177.0,
        "rmse": 21.415366826593083,
        "mean": 9.707942239549604,
        "pstd": 19.08857757380345,
        "mean_dt": 10.0
      },
      "50": {
        "count": 137.0,
        "rmse": 20.60459487238397,
        "mean": 10.47169217760213,
        "pstd": 17.74522450668399,
        "mean_dt": 50.0
      }
    }
  },
  "c": {
    "ate": {
      "matches": 703,
      "rmse": 1.7648191587615072,
      "R": [
        [
          0.999984242394893,
          0.005450702256311577,
          0.0013434309904383607
        ],
        [
          -0.005453111066056451,
          0.9999835189624193,
          0.0017959351988890357
        ],
        [
          -0.0013336197412609453,
          -0.0018032327776518128,
          0.9999974849018046
        ]
      ],
      "t": [
        -0.460762098398817,
        1.7070233741088572,
        -0.3511901920147382
      ],
      "s": 1.0
    },
    "rpe": {
      "1": {
        "count": 702.0,
        "rmse": 0.8111408026222143,
        "mean": 0.37781445975825634,
        "pstd": 0.7177782635857588,
        "mean_dt": 1.0
      },
      "10": {
        "count": 693.0,
        "rmse": 0.959654186327219,
        "mean": 0.7474517747533445,
        "pstd": 0.6018737423691392,
        "mean_dt": 10.0
      },
      "50": {
        "count": 653.0,
        "rmse": 1.9520080417189754,
        "mean": 1.7840464875310689,
        "pstd": 0.7921575129124291,
        "mean_dt": 50.0
      }
    }
  },
  "d": {
    "ate": {
      "matches": 1062,
      "rmse": 6.616966762625429,
      "R": [
        [
          0.9908291358968775,
          0.13455502891262744,
          -0.012351827887837017
        ],
        [
          -0.13452626311911914,
          0.990905070205728,
          0.0031347044178235833
        ],
        [
          0.012661279123938992,
          -0.0014443112211630152,
          0.9999187996912761
        ]
      ],
      "t": [
        -4.9004116550991625,
        16.91910311817316,
        -2.9222441778850294
      ],
      "s": 1.0
    },
    "rpe": {
      "1": {
        "count": 1061.0,
        "rmse": 1.9217702694672565,
        "mean": 0.3833006385100926,
        "pstd": 1.8831573458227036,
        "mean_dt": 1.0
      },
      "10": {
        "count": 1052.0,
        "rmse": 4.033502868656247,
        "mean": 1.8419198372170245,
        "pstd": 3.5883807914886323,
        "mean_dt": 10.0
      },
      "50": {
        "count": 1012.0,
        "rmse": 7.2786737400745904,
        "mean": 5.230575942592478,
        "pstd": 5.061636763263862,
        "mean_dt": 50.0
      }
    }
  },
  "e": {
    "ate": {
      "matches": 533,
      "rmse": 5.036880742481791,
      "R": [
        [
          0.9992882736723377,
          -0.03752849683256875,
          0.003815498191054933
        ],
        [
          0.037505587121980384,
          0.9992789508478932,
          0.005908411543616217
        ],
        [
          -0.00403448083321953,
          -0.005761103871747601,
          0.9999752660174077
        ]
      ],
      "t": [
        1.941430238636059,
        -2.2846412830584484,
        0.19845354399768755
      ],
      "s": 1.0
    },
    "rpe": {
      "1": {
        "count": 532.0,
        "rmse": 0.9712500036749425,
        "mean": 0.2840309507580658,
        "pstd": 0.9287911437185677,
        "mean_dt": 1.0
      },
      "10": {
        "count": 523.0,
        "rmse": 1.5536907036682799,
        "mean": 1.2215298964658656,
        "pstd": 0.9601143237684391,
        "mean_dt": 10.0
      },
      "50": {
        "count": 483.0,
        "rmse": 4.587204834254532,
        "mean": 4.1066920860157845,
        "pstd": 2.0439002671518645,
        "mean_dt": 50.0
      }
    }
  }
}