{
  "ate": {
    "matches": 703,
    "rmse": 1.7648191587615072,
    "R": [
      [
        0.999984242394893,
        0.005450702256311577,
        0.0013434309904383607
      ],
      [
        -0.005453111066056451,
        0.9999835189624193,
        0.0017959351988890357
      ],
      [
        -0.0013336197412609453,
        -0.0018032327776518128,
        0.9999974849018046
      ]
    ],
    "t": [
      -0.460762098398817,
      1.7070233741088572,
      -0.3511901920147382
    ],
    "s": 1.0
  },
  "rpe": {
    "1": {
      "count": 702.0,
      "rmse": 0.8111408026222143,
      "mean": 0.37781445975825634,
      "pstd": 0.7177782635857588,
      "mean_dt": 1.0
    },
    "10": {
      "count": 693.0,
      "rmse": 0.959654186327219,
      "mean": 0.7474517747533445,
      "pstd": 0.6018737423691392,
      "mean_dt": 10.0
    },
    "50": {
      "count": 653.0,
      "rmse": 1.9520080417189754,
      "mean": 1.7840464875310689,
      "pstd": 0.7921575129124291,
      "mean_dt": 50.0
    }
  }
}