{
  "ate": {
    "matches": 1062,
    "rmse": 6.616966762625429,
    "R": [
      [
        0.9908291358968775,
        0.13455502891262744,
        -0.012351827887837017
      ],
      [
        -0.13452626311911914,
        0.990905070205728,
        0.0031347044178235833
      ],
      [
        0.012661279123938992,
        -0.0014443112211630152,
        0.9999187996912761
      ]
    ],
    "t": [
      -4.9004116550991625,
      16.91910311817316,
      -2.9222441778850294
    ],
    "s": 1.0
  },
  "rpe": {
    "1": {
      "count": 1061.0,
      "rmse": 1.9217702694672565,
      "mean": 0.3833006385100926,
      "pstd": 1.8831573458227036,
      "mean_dt": 1.0
    },
    "10": {
      "count": 1052.0,
      "rmse": 4.033502868656247,
      "mean": 1.8419198372170245,
      "pstd": 3.5883807914886323,
      "mean_dt": 10.0
    },
    "50": {
      "count": 1012.0,
      "rmse": 7.2786737400745904,
      "mean": 5.230575942592478,
      "pstd": 5.061636763263862,
      "mean_dt": 50.0
    }
  }
}