{
  "ate": {
    "matches": 187,
    "rmse": 16.17183442096001,
    "R": [
      [
        0.9996837640847354,
        0.019945948642236002,
        0.015314403616755809
      ],
      [
        -0.020128189447848492,
        0.999727304051422,
        0.011839490007074925
      ],
      [
        -0.015074077581303247,
        -0.012143997152395107,
        0.9998126302053976
      ]
    ],
    "t": [
      3.6458527545179535,
      4.2634997774325765,
      -0.4816099761886887
    ],
    "s": 1.0
  },
  "rpe": {
    "1": {
      "count": 186.0,
      "rmse": 15.979599362293404,
      "mean": 4.350680506210579,
      "pstd": 15.375928424400495,
      "mean_dt": 1.0
    },
    "10": {
      "count": 177.0,
      "rmse": 21.39342956262819,
      "mean": 9.69880024259633,
      "pstd": 19.068615636834966,
      "mean_dt": 10.0
    },
    "50": {
      "count": 137.0,
      "rmse": 20.585408543532942,
      "mean": 10.45442206267163,
      "pstd": 17.73313577006852,
      "mean_dt": 50.0
    }
  }
}