{
  "ate": {
    "matches": 703,
    "rmse": 1.9093513992336872,
    "R": [
      [
        0.9999810825531609,
        0.006080286383714526,
        0.0009298673566266332
      ],
      [
        -0.006082150744211891,
        0.9999794724610241,
        0.002015464933334578
      ],
      [
        -0.0009175936647472047,
        -0.0020210823993189533,
        0.9999975366208669
      ]
    ],
    "t": [
      -0.4030906351587902,
      1.9049536826209277,
      -0.5226678629967565
    ],
    "s": 1.0
  },
  "rpe": {
    "1": {
      "count": 702.0,
      "rmse": 0.8433282328458501,
      "mean": 0.3908010072471106,
      "pstd": 0.7473132415858483,
      "mean_dt": 1.0
    },
    "10": {
      "count": 693.0,
      "rmse": 1.0129882612891385,
      "mean": 0.7868844104967545,
      "pstd": 0.6379327096385381,
      "mean_dt": 10.0
    },
    "50": {
      "count": 653.0,
      "rmse": 2.0494269808547405,
      "mean": 1.8589590418440327,
      "pstd": 0.8627990673393746,
      "mean_dt": 50.0
    }
  }
}