{
  "ate": {
    "matches": 1350,
    "rmse": 2.057896994994244,
    "R": [
      [
        0.9998955398516187,
        0.013563578760663303,
        0.004993867843852658
      ],
      [
        -0.013584834640325177,
        0.9998987009449939,
        0.004247365808136595
      ],
      [
        -0.004935752489095253,
        -0.004314762996548455,
        0.9999785103529226
      ]
    ],
    "t": [
      -1.2640750903617288,
      2.016088771568569,
      -0.06488491781419103
    ],
    "s": 1.0
  },
  "rpe": {
    "1": {
      "count": 1349.0,
      "rmse": 0.14837684417715952,
      "mean": 0.09452375835564816,
      "pstd": 0.11437196769443166,
      "mean_dt": 1.0
    },
    "10": {
      "count": 1340.0,
      "rmse": 0.6878496843361325,
      "mean": 0.6109736171004208,
      "pstd": 0.315988017887618,
      "mean_dt": 10.0
    },
    "50": {
      "count": 1300.0,
      "rmse": 2.2825522228695583,
      "mean": 2.0331800547128362,
      "pstd": 1.0374119313197956,
      "mean_dt": 50.0
    }
  }
}