{
  "loop_closure_correction": {
    "count": 0
  },
  "interface_correction": {
    "count": 0
  },
  "loop_closure_correction_stabilised": {
    "count": 0
  },
  "loop_closure_correction_stabilised_params": {
    "epsilon": 0.001,
    "required": 3
  },
  "interface_correction_stabilised": {
    "count": 24515,
    "min": 0.20720577239990234,
    "max": 37.13327741622925,
    "mean": 7.167867455257825,
    "median": 5.2934348583221436,
    "p90": 15.142872619628907,
    "p95": 15.916092252731325,
    "p99": 16.52392066001892,
    "stdev": 5.735009198700089
  },
  "interface_correction_stabilised_params": {
    "epsilon": 0.001,
    "required": 3
  },
  "time_to_global_convergence_s": 0.15968012809753418,
  "time_to_global_convergence_method": "delta_threshold",
  "timeline_start_ts": 1770247712.8885214,
  "timeline_end_ts": 1770247713.0482016,
  "optimization_duration_s": {
    "count": 303,
    "min": 0.0008720100158825517,
    "max": 0.030878211022354662,
    "mean": 0.0048428238069841475,
    "median": 0.002657128032296896,
    "p90": 0.011991598957683891,
    "p95": 0.01976383997243829,
    "p99": 0.027307573425350725,
    "stdev": 0.005610225453649942
  },
  "communication_uplink_messages": 25102,
  "communication_uplink_bytes": 33156349,
  "communication_downlink_messages": 0,
  "communication_downlink_bytes": 0,
  "communication_uplink_bytes_per_s": 207642299.60880154,
  "communication_downlink_bytes_per_s": 0.0,
  "delivery_topics": {
    "/c_slam/factor_batch/a": {
      "attempts": 96.0,
      "drops": 0.0,
      "delivered": 96.0,
      "delivery_rate": 1.0
    },
    "/c_slam/factor_batch/c": {
      "attempts": 97.0,
      "drops": 0.0,
      "delivered": 97.0,
      "delivery_rate": 1.0
    },
    "/c_slam/factor_batch/b": {
      "attempts": 171.0,
      "drops": 0.0,
      "delivered": 171.0,
      "delivery_rate": 1.0
    },
    "/c_slam/iface/run_f09ee702/a": {
      "attempts": 1717.0,
      "drops": 0.0,
      "delivered": 1411.0,
      "delivery_rate": 0.8217821782178217
    },
    "/c_slam/iface/run_f09ee702/c": {
      "attempts": 23432.0,
      "drops": 0.0,
      "delivered": 5518.0,
      "delivery_rate": 0.23548992830317514
    },
    "/c_slam/iface/run_f09ee702/b": {
      "attempts": 9090.0,
      "drops": 0.0,
      "delivered": 5362.0,
      "delivery_rate": 0.5898789878987899
    }
  },
  "delivery_rate": {
    "count": 6,
    "min": 0.23548992830317514,
    "max": 1.0,
    "mean": 0.7745251824032978,
    "median": 0.9108910891089108,
    "p90": 1.0,
    "p95": 1.0,
    "p99": 1.0,
    "stdev": 0.28266680210452516
  },
  "estimation_metrics": {
    "a": {
      "ate": {
        "matches": 596,
        "rmse": 3.0194377255258287,
        "R": [
          [
            0.9999664492417332,
            0.0006863036285612702,
            0.008162682047544539
          ],
          [
            -0.0007264721064202968,
            0.9999876375479474,
            0.004919043560717269
          ],
          [
            -0.008159205179334364,
            -0.004924808483897022,
            0.9999545857848937
          ]
        ],
        "t": [
          -2.4287250957847135,
          0.6525148787846433,
          0.936543013819596
        ],
        "s": 1.0
      },
      "rpe": {
        "1": {
          "count": 595.0,
          "rmse": 1.321990571342998,
          "mean": 0.17902601641067423,
          "pstd": 1.3098124889341654,
          "mean_dt": 1.0
        },
        "10": {
          "count": 586.0,
          "rmse": 1.582450553251543,
          "mean": 0.8093386232107315,
          "pstd": 1.359823792432487,
          "mean_dt": 10.0
        },
        "50": {
          "count": 546.0,
          "rmse": 3.0470207137889536,
          "mean": 2.5428800118303347,
          "pstd": 1.6787187005846747,
          "mean_dt": 50.0
        }
      }
    },
    "b": {
      "ate": {
        "matches": 1020,
        "rmse": 3.026728099963848,
        "R": [
          [
            0.9998345336840938,
            0.01429567660660477,
            0.011248950309649942
          ],
          [
            -0.014188632817774292,
            0.9998538358675908,
            -0.009538846870902298
          ],
          [
            -0.011383670386653772,
            0.00937766128752357,
            0.9998912298431785
          ]
        ],
        "t": [
          -1.8315183971056967,
          1.8245628363052049,
          0.9603660727200078
        ],
        "s": 1.0
      },
      "rpe": {
        "1": {
          "count": 1019.0,
          "rmse": 0.6141847069882582,
          "mean": 0.1716113388451029,
          "pstd": 0.5897223098018624,
          "mean_dt": 1.0
        },
        "10": {
          "count": 1010.0,
          "rmse": 1.0591782849360614,
          "mean": 0.8497350739223353,
          "pstd": 0.6323044705095002,
          "mean_dt": 10.0
        },
        "50": {
          "count": 970.0,
          "rmse": 2.8287925545800774,
          "mean": 2.4818213438687162,
          "pstd": 1.3574351306656878,
          "mean_dt": 50.0
        }
      }
    },
    "c": {
      "ate": {
        "matches": 561,
        "rmse": 5.511593461046726,
        "R": [
          [
            0.9987190530564749,
            -0.04739831803424246,
            0.017710237420820226
          ],
          [
            0.04750204794869376,
            0.9988560929441712,
            -0.005482793903131597
          ],
          [
            -0.017430103346137336,
            0.006317043282185941,
            0.999828128460844
          ]
        ],
        "t": [
          1.5296630095029684,
          -3.4004399834816077,
          1.3827483214700287
        ],
        "s": 1.0
      },
      "rpe": {
        "1": {
          "count": 560.0,
          "rmse": 1.9141266842788958,
          "mean": 0.5378041672114656,
          "pstd": 1.8370214046653082,
          "mean_dt": 1.0
        },
        "10": {
          "count": 551.0,
          "rmse": 2.3177772353257993,
          "mean": 1.474122444020121,
          "pstd": 1.7885900404035155,
          "mean_dt": 10.0
        },
        "50": {
          "count": 511.0,
          "rmse": 5.66497057456795,
          "mean": 4.616586142447658,
          "pstd": 3.2831423971678366,
          "mean_dt": 50.0
        }
      }
    }
  },
  "input_end_team_ts": 1770247712.8934543,
  "input_end_method": "input_end_event",
  "input_end_per_robot_ts": {
    "a": 1770247712.8885214,
    "c": 1770247712.8898206,
    "b": 1770247712.8934543
  },
  "time_from_input_end_to_team_convergence_s": 22.816606760025024,
  "time_from_input_end_to_team_convergence_method": "censored_end",
  "time_from_input_end_to_team_convergence_per_robot_s": {
    "c": 22.816606760025024,
    "a": 9.635203123092651,
    "b": 12.617874145507812
  },
  "time_from_input_end_to_team_convergence_params": {
    "epsilon": 0.001,
    "required": 3
  },
  "time_from_input_end_to_ddf_stop_team_s": 22.816606760025024,
  "time_from_input_end_to_ddf_stop_method": "ddf_stop_event",
  "time_from_input_end_to_ddf_stop_per_robot_s": {
    "a": 13.146199464797974,
    "b": 22.816606760025024,
    "c": 12.19710087776184
  },
  "stable_team_convergence_s": 22.816606760025024,
  "stable_team_convergence_method": "censored_end",
  "stable_team_convergence_per_robot_s": {
    "c": 22.816606760025024,
    "a": 9.635203123092651,
    "b": 12.617874145507812
  },
  "stable_team_convergence_params": {
    "epsilon": 0.001,
    "required": 3
  },
  "stable_loop_closure_correction": {
    "count": 0
  },
  "stable_loop_closure_correction_params": {
    "epsilon": 0.001,
    "required": 3
  },
  "stable_interface_correction": {
    "count": 24515,
    "min": 0.20720577239990234,
    "max": 37.13327741622925,
    "mean": 7.167867455257825,
    "median": 5.2934348583221436,
    "p90": 15.142872619628907,
    "p95": 15.916092252731325,
    "p99": 16.52392066001892,
    "stdev": 5.735009198700089
  },