{
  "ate": {
    "matches": 1020,
    "rmse": 3.026728099963848,
    "R": [
      [
        0.9998345336840938,
        0.01429567660660477,
        0.011248950309649942
      ],
      [
        -0.014188632817774292,
        0.9998538358675908,
        -0.009538846870902298
      ],
      [
        -0.011383670386653772,
        0.00937766128752357,
        0.9998912298431785
      ]
    ],
    "t": [
      -1.8315183971056967,
      1.8245628363052049,
      0.9603660727200078
    ],
    "s": 1.0
  },
  "rpe": {
    "1": {
      "count": 1019.0,
      "rmse": 0.6141847069882582,
      "mean": 0.1716113388451029,
      "pstd": 0.5897223098018624,
      "mean_dt": 1.0
    },
    "10": {
      "count": 1010.0,
      "rmse": 1.0591782849360614,
      "mean": 0.8497350739223353,
      "pstd": 0.6323044705095002,
      "mean_dt": 10.0
    },
    "50": {
      "count": 970.0,
      "rmse": 2.8287925545800774,
      "mean": 2.4818213438687162,
      "pstd": 1.3574351306656878,
      "mean_dt": 50.0
    }
  }
}