{
  "ate": {
    "matches": 1064,
    "rmse": 3.633334296671658,
    "R": [
      [
        0.9996934811922263,
        0.010658190503143263,
        0.02234606535761661
      ],
      [
        -0.010887271003661651,
        0.9998891653512026,
        0.010155015675458574
      ],
      [
        -0.02223535454767925,
        -0.010395190641574695,
        0.9996987191247493
      ]
    ],
    "t": [
      -1.4507714114347152,
      3.6192170904106575,
      2.7931469681454804
    ],
    "s": 1.0
  },
  "rpe": {
    "1": {
      "count": 1063.0,
      "rmse": 1.0467143179841103,
      "mean": 0.24166060276874488,
      "pstd": 1.0184355730935508,
      "mean_dt": 1.0
    },
    "10": {
      "count": 1054.0,
      "rmse": 2.919022105032034,
      "mean": 1.157179701075655,
      "pstd": 2.6798554418259393,
      "mean_dt": 10.0
    },
    "50": {
      "count": 1014.0,
      "rmse": 4.521753168519351,
      "mean": 2.9802410514938518,
      "pstd": 3.4006492015504355,
      "mean_dt": 50.0
    }
  }
}