{
  "ate": {
    "matches": 1313,
    "rmse": 2.2523201943726754,
    "R": [
      [
        0.9996058370441275,
        0.024941827577283963,
        0.012887039396776621
      ],
      [
        -0.025115191945383412,
        0.9995938024891539,
        0.013470603506159154
      ],
      [
        -0.012545823243438923,
        -0.013788954361321555,
        0.9998262184283655
      ]
    ],
    "t": [
      -1.2628874977148143,
      3.8294388680342024,
      1.4025511429442834
    ],
    "s": 1.0
  },
  "rpe": {
    "1": {
      "count": 1312.0,
      "rmse": 0.17604221824676977,
      "mean": 0.09473059749977508,
      "pstd": 0.14838118648460452,
      "mean_dt": 1.0
    },
    "10": {
      "count": 1303.0,
      "rmse": 0.7761439067819892,
      "mean": 0.6299557070619327,
      "pstd": 0.4533819263875761,
      "mean_dt": 10.0
    },
    "50": {
      "count": 1263.0,
      "rmse": 2.369557871375177,
      "mean": 2.0857669309344695,
      "pstd": 1.1244468931951648,
      "mean_dt": 50.0
    }
  }
}