{
  "stats": {
    "topics": {
      "/c_slam/factor_batch/a": {
        "attempts": 96,
        "drops": 0,
        "published": 96,
        "delivered": 96,
        "delivery_rate": 1.0,
        "bytes_attempted": 1131500,
        "bytes_published": 1131500,
        "bytes_delivered": null,
        "drop_reasons": {},
        "delivery_method": "ack",
        "ack_latency_s": {
          "count": 96,
          "min": 0.2873419420211576,
          "max": 1.8701352159841917,
          "mean": 0.49104054710187484,
          "median": 0.5755101214745082,
          "p90": 0.6528874860086944,
          "p95": 0.784276274003787,
          "stdev": 0.24206551034144674
        }
      },
      "/c_slam/factor_batch/c": {
        "attempts": 97,
        "drops": 0,
        "published": 97,
        "delivered": 97,
        "delivery_rate": 1.0,
        "bytes_attempted": 1140610,
        "bytes_published": 1140610,
        "bytes_delivered": null,
        "drop_reasons": {},
        "delivery_method": "ack",
        "ack_latency_s": {
          "count": 97,
          "min": 0.26929321797797456,
          "max": 1.5268080909736454,
          "mean": 0.48843294639049156,
          "median": 0.5811335989856161,
          "p90": 0.668511022790335,
          "p95": 0.6839630495640449,
          "stdev": 0.2222036065941444
        }
      },
      "/c_slam/factor_batch/b": {
        "attempts": 171,
        "drops": 0,
        "published": 171,
        "delivered": 171,
        "delivery_rate": 1.0,
        "bytes_attempted": 2024312,
        "bytes_published": 2024312,
        "bytes_delivered": null,
        "drop_reasons": {},
        "delivery_method": "ack",
        "ack_latency_s": {
          "count": 171,
          "min": 0.2497097589657642,
          "max": 1.1971019909833558,
          "mean": 0.49287107527053137,
          "median": 0.3599936949904077,
          "p90": 0.7237215579953045,
          "p95": 0.7325914704997558,
          "stdev": 0.19372314603156454
        }
      }
    },
    "generated_by": {
      "component": "ros2_factor_publisher",
      "pid": 485579
    }
  }
}