{
  "ate": {
    "matches": 596,
    "rmse": 2.299930362923639,
    "R": [
      [
        0.9999437477772393,
        -0.005381828209979378,
        0.009139869054141728
      ],
      [
        0.005290564955019793,
        0.999936200965451,
        0.009980176413220077
      ],
      [
        -0.009192997534281398,
        -0.009931259935201948,
        0.999908425243249
      ]
    ],
    "t": [
      -0.5783854692981834,
      -0.629304707306332,
      0.6607246741427923
    ],
    "s": 1.0
  },
  "rpe": {
    "1": {
      "count": 595.0,
      "rmse": 1.299018519544933,
      "mean": 0.1682877549037035,
      "pstd": 1.2880715607722197,
      "mean_dt": 1.0
    },
    "10": {
      "count": 586.0,
      "rmse": 1.4881632403299914,
      "mean": 0.6998248034695107,
      "pstd": 1.3133449944010596,
      "mean_dt": 10.0
    },
    "50": {
      "count": 546.0,
      "rmse": 2.529027508554244,
      "mean": 2.1049799019556126,
      "pstd": 1.4017987556661022,
      "mean_dt": 50.0
    }
  }
}