{
  "ate": {
    "matches": 1020,
    "rmse": 3.1811638851443167,
    "R": [
      [
        0.9995056723756321,
        -0.01586225603391799,
        0.02714405501117271
      ],
      [
        0.015790686629794562,
        0.9998712604556702,
        0.0028489876360273877
      ],
      [
        -0.02718575186921942,
        -0.0024189560361940476,
        0.9996274723850882
      ]
    ],
    "t": [
      0.6817221607717272,
      -1.2389479026518515,
      3.1196486529010423
    ],
    "s": 1.0
  },
  "rpe": {
    "1": {
      "count": 1019.0,
      "rmse": 0.7064161151396744,
      "mean": 0.18298124275147326,
      "pstd": 0.6823060841954707,
      "mean_dt": 1.0
    },
    "10": {
      "count": 1010.0,
      "rmse": 1.2675526802495023,
      "mean": 0.909593629168385,
      "pstd": 0.8827962545140203,
      "mean_dt": 10.0
    },
    "50": {
      "count": 970.0,
      "rmse": 3.258547502875233,
      "mean": 2.6821944609582533,
      "pstd": 1.8503958230873958,
      "mean_dt": 50.0
    }
  }
}