{
  "loop_closure_correction": {
    "count": 512,
    "min": 0.011477766965981573,
    "max": 2.7186295590363443,
    "mean": 0.35821239573931507,
    "median": 0.3603242614772171,
    "p90": 0.5134643051947934,
    "p95": 0.9889658959466032,
    "p99": 2.7169827450241426,
    "stdev": 0.4264850299293692
  },
  "interface_correction": {
    "count": 5,
    "min": 0.02108095900621265,
    "max": 2.717462244036142,
    "mean": 0.7646159538300707,
    "median": 0.3536311440402642,
    "p90": 1.7841588124283592,
    "p95": 2.25081052823225,
    "p99": 2.6241319008753634,
    "stdev": 0.9853656398441124
  },
  "loop_closure_correction_stabilised": {
    "count": 512,
    "min": 0.45134663581848145,
    "max": 197.2881042957306,
    "mean": 108.14016135735437,
    "median": 113.46640169620514,
    "p90": 184.46638197898866,
    "p95": 190.8656909108162,
    "p99": 195.36304181337357,
    "stdev": 57.34682193049483
  },
  "loop_closure_correction_stabilised_params": {
    "epsilon": 0.001,
    "required": 3
  },
  "interface_correction_stabilised": {
    "count": 5,
    "min": 184.46524930000305,
    "max": 202.2572102546692,
    "mean": 193.18104844093324,
    "median": 192.66843032836914,
    "p90": 199.50041151046753,
    "p95": 200.87881088256836,
    "p99": 201.981530380249,
    "stdev": 5.787985453978908
  },
  "interface_correction_stabilised_params": {
    "epsilon": 0.001,
    "required": 3
  },
  "time_to_global_convergence_s": 202.05177402496338,
  "time_to_global_convergence_method": "last_map_broadcast",
  "timeline_start_ts": 1770254034.2352912,
  "timeline_end_ts": 1770254236.2870653,
  "optimization_duration_s": {
    "count": 304,
    "min": 0.0007594279595650733,
    "max": 0.10470233397791162,
    "mean": 0.017926695243276253,
    "median": 0.0099502399971243,
    "p90": 0.05709073318867011,
    "p95": 0.07742354108777356,
    "p99": 0.09866657871054473,
    "stdev": 0.022644361222522762
  },
  "communication_uplink_messages": 637,
  "communication_uplink_bytes": 7521227,
  "communication_downlink_messages": 304,
  "communication_downlink_bytes": 83488576,
  "communication_uplink_bytes_per_s": 37224.2561902513,
  "communication_downlink_bytes_per_s": 413203.87511017366,
  "delivery_topics": {},
  "estimation_metrics": {
    "ate": {
      "d": {
        "matches": 1062,
        "rmse": 2.3926945952743024,
        "R": [
          [
            0.9999508934077812,
            0.009907409582393905,
            -0.00023239696154310008
          ],
          [
            -0.009909087719726704,
            0.9999111706579717,
            -0.00891407729202797
          ],
          [
            0.00014406090309269232,
            0.008915942393947135,
            0.9999602418184855
          ]
        ],
        "t": [
          -0.5208530577762076,
          1.33616947708839,
          -0.08579710966848797
        ],
        "s": 1.0
      },
      "e": {
        "matches": 529,
        "rmse": 2.5307173422088027,
        "R": [
          [
            0.9999938001438263,
            0.003466286685695481,
            -0.0006201052498456261
          ],
          [
            -0.0034668268850920722,
            0.9999936101705971,
            -0.0008721979848004546
          ],
          [
            0.0006170779992168626,
            0.0008743423748501476,
            0.9999994273699133
          ]
        ],
        "t": [
          0.6109553942091281,
          0.5435487629215778,
          -0.06115581299039263
        ],
        "s": 1.0
      },
      "b": {
        "matches": 265,
        "rmse": 1.3529570196130585,
        "R": [
          [
            0.9999582042204483,
            0.009052344316628946,
            -0.0012825266425159475
          ],
          [
            -0.009054174685567608,
            0.9999579896093508,
            -0.0014286137297158247
          ],
          [
            0.0012695404596938182,
            0.0014401662399515514,
            0.9999981570924131
          ]
        ],
        "t": [
          -0.8338130641021877,
          1.4669385956810483,
          -0.12244823917570091
        ],
        "s": 1.0
      },
      "c": {
        "matches": 624,
        "rmse": 1.6056239618872212,
        "R": [
          [
            0.9999831217365889,
            0.005307243483337112,
            -0.0023641930028557266
          ],
          [
            -0.005320020071941197,
            0.9999710998347732,
            -0.005431103172350772
          ],
          [
            0.0023353004903685338,
            0.005443589058989999,
            0.9999824567010043
          ]
        ],
        "t": [
          -0.6917686442853181,
          1.1150497381033517,
          -0.638591053802771
        ],
        "s": 1.0
      },
      "a": {
        "matches": 1357,
        "rmse": 2.070195370162142,
        "R": [
          [
            0.9999478632797028,
            0.009145067511220356,
            0.004542957469836377
          ],
          [
            -0.009115559366667242,
            0.9999374940395178,
            -0.006474147928755815
          ],
          [
            -0.004601880027802398,
            0.006432398789399572,
            0.9999687229838862
          ]
        ],
        "t": [
          -0.4407781445912917,
          1.405205491866056,
          0.09641117496659568
        ],
        "s": 1.0
      }
    },
    "rpe": {
      "d": {
        "1": {
          "count": 1061.0,
          "rmse": 0.7132802401425514,
          "mean": 0.22817871787237443,
          "pstd": 0.67579817526236,
          "mean_dt": 1.0
        },
        "10": {
          "count": 1052.0,
          "rmse": 1.108749625516428,
          "mean": 0.7723021093062362,
          "pstd": 0.7955345272481626,
          "mean_dt": 10.0
        },
        "50": {
          "count": 1012.0,
          "rmse": 2.484100927445696,
          "mean": 2.0966674531659906,
          "pstd": 1.3321948087915,
          "mean_dt": 50.0
        }
      },
      "e": {
        "1": {
          "count": 528.0,
          "rmse": 0.49491117713413235,
          "mean": 0.15445877629527896,
          "pstd": 0.4701909821313648,
          "mean_dt": 1.0
        },
        "10": {
          "count": 519.0,
          "rmse": 0.8282488441238428,
          "mean": 0.6250803467653325,
          "pstd": 0.5433881742182224,
          "mean_dt": 10.0
        },
        "50": {
          "count": 479.0,
          "rmse": 2.381605865230123,
          "mean": 2.0881592361138135,
          "pstd": 1.1452674368596598,
          "mean_dt": 50.0
        }
      },
      "b": {
        "1": {
          "count": 264.0,
          "rmse": 0.4055208665080511,
          "mean": 0.15549042381462946,
          "pstd": 0.37452623576378147,
          "mean_dt": 1.0
        },
        "10": {
          "count": 255.0,
          "rmse": 0.7446204355040171,
          "mean": 0.6219008680681947,
          "pstd": 0.4095105655123181,
          "mean_dt": 10.0
        },
        "50": {
          "count": 215.0,
          "rmse": 2.238407594280385,
          "mean": 2.1042078888036277,
          "pstd": 0.7633987940969534,
          "mean_dt": 50.0
        }
      },
      "c": {
        "1": {
          "count": 623.0,
          "rmse": 0.21324613016185506,
          "mean": 0.10618423730176911,
          "pstd": 0.18492922910575382,
          "mean_dt": 1.0
        },
        "10": {
          "count": 614.0,
          "rmse": 0.6003937010720248,
          "mean": 0.5234471480863038,
          "pstd": 0.29406747431036817,
          "mean_dt": 10.0
        },
        "50": {
          "count": 574.0,
          "rmse": 1.9163923940851382,
          "mean": 1.7411905427578196,
          "pstd": 0.800509401517621,
          "mean_dt": 50.0
        }
      },
      "a": {
        "1": {
          "count": 1356.0,
          "rmse": 0.12014555396439254,
          "mean": 0.08534900089236117,
          "pstd": 0.08456064205105418,
          "mean_dt": 1.0
        },