{
  "stats": {
    "topics": {
      "/c_slam/factor_batch/d": {
        "attempts": 176,
        "drops": 0,
        "published": 176,
        "delivered": 176,
        "delivery_rate": 1.0,
        "bytes_attempted": 2081732,
        "bytes_published": 2081732,
        "bytes_delivered": null,
        "drop_reasons": {},
        "delivery_method": "ack",
        "ack_latency_s": {
          "count": 176,
          "min": 0.2667331109987572,
          "max": 2.3681180389830843,
          "mean": 0.515141714306744,
          "median": 0.5754592735029291,
          "p90": 0.7041076220048126,
          "p95": 0.8913852730183862,
          "stdev": 0.29294985383740685
        }
      },
      "/c_slam/factor_batch/b": {
        "attempts": 50,
        "drops": 0,
        "published": 50,
        "delivered": 50,
        "delivery_rate": 1.0,
        "bytes_attempted": 583588,
        "bytes_published": 583588,
        "bytes_delivered": null,
        "drop_reasons": {},
        "delivery_method": "ack",
        "ack_latency_s": {
          "count": 50,
          "min": 0.2713542070123367,
          "max": 1.880192847980652,
          "mean": 0.5389012965373695,
          "median": 0.57764168351423,
          "p90": 0.6305017195118126,
          "p95": 0.8899218350212322,
          "stdev": 0.31328192295407314
        }
      },
      "/c_slam/factor_batch/c": {
        "attempts": 95,
        "drops": 0,
        "published": 95,
        "delivered": 95,
        "delivery_rate": 1.0,
        "bytes_attempted": 1118213,
        "bytes_published": 1118213,
        "bytes_delivered": null,
        "drop_reasons": {},
        "delivery_method": "ack",
        "ack_latency_s": {
          "count": 95,
          "min": 0.2876982320449315,
          "max": 2.66284209798323,
          "mean": 0.5065007227491343,
          "median": 0.2964496960048564,
          "p90": 0.6649686609627686,
          "p95": 1.194759010488633,
          "stdev": 0.35113931274721377
        }
      },
      "/c_slam/factor_batch/a": {
        "attempts": 233,
        "drops": 0,
        "published": 233,
        "delivered": 233,
        "delivery_rate": 1.0,
        "bytes_attempted": 2756177,
        "bytes_published": 2756177,
        "bytes_delivered": null,
        "drop_reasons": {},
        "delivery_method": "ack",
        "ack_latency_s": {
          "count": 233,
          "min": 0.23683413601247594,
          "max": 2.0766315549844876,
          "mean": 0.4934712331357328,
          "median": 0.5756825680145994,
          "p90": 0.7233296476304532,
          "p95": 0.7339393313974142,
          "stdev": 0.20793741173867483
        }
      },
      "/c_slam/factor_batch/e": {
        "attempts": 83,
        "drops": 0,
        "published": 83,
        "delivered": 83,
        "delivery_rate": 1.0,
        "bytes_attempted": 981498,
        "bytes_published": 981498,
        "bytes_delivered": null,
        "drop_reasons": {},
        "delivery_method": "ack",
        "ack_latency_s": {
          "count": 83,
          "min": 0.2519609260489233,
          "max": 3.0335194790386595,
          "mean": 0.4934492525476289,
          "median": 0.5733511130092666,
          "p90": 0.6092052062042057,
          "p95": 0.670589862507768,
          "stdev": 0.3367995754979806
        }
      }
    },
    "generated_by": {
      "component": "ros2_factor_publisher",
      "pid": 504866
    }
  }
}