{
  "ate": {
    "d": {
      "matches": 1063,
      "rmse": 2.5458862135873392,
      "R": [
        [
          0.9999840978430767,
          0.005354654314727493,
          0.0017696717592154665
        ],
        [
          -0.00534165992268255,
          0.9999593224540194,
          -0.007267744255719695
        ],
        [
          -0.0018085160314483453,
          0.007258175698197519,
          0.9999720236863117
        ]
      ],
      "t": [
        -0.641048142107735,
        0.011838092182451021,
        -0.30380248064740645
      ],
      "s": 1.0
    },
    "b": {
      "matches": 188,
      "rmse": 0.8783465418451267,
      "R": [
        [
          0.9999922809581611,
          0.0032242733084582643,
          -0.0022454589123905456
        ],
        [
          -0.003225192561464794,
          0.9999947166822138,
          -0.00040588249701257323
        ],
        [
          0.002244138372816038,
          0.0004131214013699397,
          0.9999973965834468
        ]
      ],
      "t": [
        -0.5364704722579887,
        0.34975976800130537,
        -0.2784593436003293
      ],
      "s": 1.0
    },
    "c": {
      "matches": 703,
      "rmse": 1.7247849978041516,
      "R": [
        [
          0.9999967087868685,
          0.0024074461371970195,
          0.0008869151743089599
        ],
        [
          -0.002401051126823809,
          0.9999716112192941,
          -0.007142248173633119
        ],
        [
          -0.000904084573645097,
          0.007140095138293438,
          0.9999741005008576
        ]
      ],
      "t": [
        0.20200828422518669,
        0.004064907398820594,
        -0.27442933014111404
      ],
      "s": 1.0
    },
    "e": {
      "matches": 533,
      "rmse": 2.320410521183988,
      "R": [
        [
          0.9999886931875744,
          0.003180980303539054,
          0.0035348071114733644
        ],
        [
          -0.0031715172565722313,
          0.9999913808617713,
          -0.0026794925748079533
        ],
        [
          -0.0035433000575862085,
          0.002668251576535309,
          0.9999901626807268
        ]
      ],
      "t": [
        0.4078435309336328,
        0.2596749495559507,
        0.2473204790118002
      ],
      "s": 1.0
    },
    "a": {
      "matches": 1350,
      "rmse": 1.8542955505160463,
      "R": [
        [
          0.9999964615338862,
          0.0026301649545358453,
          0.0003989386153165934
        ],
        [
          -0.002627729470729953,
          0.9999786235136401,
          -0.005987282655268683
        ],
        [
          -0.0004146776284234938,
          0.00598621316671543,
          0.9999819964851305
        ]
      ],
      "t": [
        0.0508409092075226,
        -0.04718405851696872,
        -0.2664650225061074
      ],
      "s": 1.0
    }
  },
  "rpe": {
    "d": {
      "1": {
        "count": 1062.0,
        "rmse": 0.7527971305792774,
        "mean": 0.20503163208518985,
        "pstd": 0.7243380078753825,
        "mean_dt": 1.0
      },
      "10": {
        "count": 1053.0,
        "rmse": 1.271167472519864,
        "mean": 0.7346130305157189,
        "pstd": 1.0374056287629494,
        "mean_dt": 10.0
      },
      "50": {
        "count": 1013.0,
        "rmse": 2.717145584708764,
        "mean": 2.041951928284344,
        "pstd": 1.7925714633113456,
        "mean_dt": 50.0
      }
    },
    "b": {
      "1": {
        "count": 187.0,
        "rmse": 0.37903664970161766,
        "mean": 0.19786188113837894,
        "pstd": 0.32329469189797855,
        "mean_dt": 1.0
      },
      "10": {
        "count": 178.0,
        "rmse": 0.6130949579646405,
        "mean": 0.5185256070718771,
        "pstd": 0.3271339516045461,
        "mean_dt": 10.0
      },
      "50": {
        "count": 138.0,
        "rmse": 1.5093746911118033,
        "mean": 1.3914209215880804,
        "pstd": 0.5849442513059074,
        "mean_dt": 50.0
      }
    },
    "c": {
      "1": {
        "count": 702.0,
        "rmse": 1.6205336297570414,
        "mean": 0.7422037423954939,
        "pstd": 1.440577262748393,
        "mean_dt": 1.0
      },
      "10": {
        "count": 693.0,
        "rmse": 1.617573442875999,
        "mean": 0.9973760260793988,
        "pstd": 1.2734931902840212,
        "mean_dt": 10.0
      },
      "50": {
        "count": 653.0,
        "rmse": 1.9883296586738928,
        "mean": 1.7183447029383165,
        "pstd": 1.0003730871260335,
        "mean_dt": 50.0
      }
    },
    "e": {
      "1": {
        "count": 532.0,
        "rmse": 0.32882524694774723,
        "mean": 0.14774309715937092,
        "pstd": 0.29376524687580663,
        "mean_dt": 1.0
      },
      "10": {
        "count": 523.0,
        "rmse": 0.7292175664013462,
        "mean": 0.6001148464812576,
        "pstd": 0.4142709622711668,
        "mean_dt": 10.0
      },
      "50": {
        "count": 483.0,
        "rmse": 2.3312728295311205,
        "mean": 2.0374701264355233,
        "pstd": 1.1329379901798893,
        "mean_dt": 50.0
      }
    },
    "a": {
      "1": {
        "count": 1349.0,
        "rmse": 0.11401297133103336,
        "mean": 0.08026393261387434,
        "pstd": 0.08097319774521988,
        "mean_dt": 1.0
      },
      "10": {
        "count": 1340.0,
        "rmse": 0.4742731298700321,
        "mean": 0.4242772326576461,
        "pstd": 0.21195242759894428,
        "mean_dt": 10.0
      },
      "50": {
        "count": 1300.0,
        "rmse": 1.6626048827593445,
        "mean": 1.4750168201838745,
        "pstd": 0.7671899219553571,
        "mean_dt": 50.0
      }
    }
  }
}