{
  "loop_closure_correction": {
    "count": 0
  },
  "interface_correction": {
    "count": 0
  },
  "loop_closure_correction_stabilised": {
    "count": 0
  },
  "loop_closure_correction_stabilised_params": {
    "epsilon": 0.001,
    "required": 3
  },
  "interface_correction_stabilised": {
    "count": 24145,
    "min": 0.08752107620239258,
    "max": 16.335179567337036,
    "mean": 0.6187319311006491,
    "median": 0.5472409725189209,
    "p90": 1.1256464958190922,
    "p95": 1.3059906959533691,
    "p99": 1.871710367202759,
    "stdev": 0.4062365457197732
  },
  "interface_correction_stabilised_params": {
    "epsilon": 0.001,
    "required": 3
  },
  "time_to_global_convergence_s": 0.1703934669494629,
  "time_to_global_convergence_method": "delta_threshold",
  "timeline_start_ts": 1770252746.2800913,
  "timeline_end_ts": 1770252746.4504848,
  "optimization_duration_s": {
    "count": 304,
    "min": 0.0003378549590706825,
    "max": 0.035269020998384804,
    "mean": 0.0059614036355541385,
    "median": 0.0029003570089116693,
    "p90": 0.019001104024937373,
    "p95": 0.028087051669717762,
    "p99": 0.03117421211092732,
    "stdev": 0.007641558403284017
  },
  "communication_uplink_messages": 25039,
  "communication_uplink_bytes": 34749601,
  "communication_downlink_messages": 0,
  "communication_downlink_bytes": 0,
  "communication_uplink_bytes_per_s": 203937402.19105,
  "communication_downlink_bytes_per_s": 0.0,
  "delivery_topics": {
    "/c_slam/factor_batch/a": {
      "attempts": 228.0,
      "drops": 0.0,
      "delivered": 228.0,
      "delivery_rate": 1.0
    },
    "/c_slam/factor_batch/b": {
      "attempts": 89.0,
      "drops": 0.0,
      "delivered": 89.0,
      "delivery_rate": 1.0
    },
    "/c_slam/factor_batch/c": {
      "attempts": 180.0,
      "drops": 0.0,
      "delivered": 180.0,
      "delivery_rate": 1.0
    },
    "/c_slam/factor_batch/d": {
      "attempts": 87.0,
      "drops": 49.0,
      "delivered": 38.0,
      "delivery_rate": 0.4367816091954023
    },
    "/c_slam/iface/run_39e8a92e/a": {
      "attempts": 1819.0,
      "drops": 0.0,
      "delivered": 1808.0,
      "delivery_rate": 0.9939527212754261
    },
    "/c_slam/iface/run_39e8a92e/c": {
      "attempts": 16266.0,
      "drops": 0.0,
      "delivered": 4950.0,
      "delivery_rate": 0.30431575064551825
    },
    "/c_slam/iface/run_39e8a92e/d": {
      "attempts": 6969.0,
      "drops": 0.0,
      "delivered": 1.0,
      "delivery_rate": 0.00014349261013057828
    },
    "/c_slam/iface/run_39e8a92e/b": {
      "attempts": 8080.0,
      "drops": 0.0,
      "delivered": 1642.0,
      "delivery_rate": 0.2032178217821782
    }
  },
  "delivery_rate": {
    "count": 8,
    "min": 0.00014349261013057828,
    "max": 1.0,
    "mean": 0.6173014244385819,
    "median": 0.7153671652354142,
    "p90": 1.0,
    "p95": 1.0,
    "p99": 1.0,
    "stdev": 0.39751373830376907
  },
  "estimation_metrics": {
    "a": {
      "ate": {
        "matches": 1355,
        "rmse": 2.546171719669382,
        "R": [
          [
            0.9996812549500766,
            0.024128405038060893,
            0.0074302470860437096
          ],
          [
            -0.024115926691369707,
            0.9997076116489909,
            -0.0017644520074249492
          ],
          [
            -0.007470647981056001,
            0.0015847023030559487,
            0.9999708386434847
          ]
        ],
        "t": [
          -2.1638775616776513,
          2.957786743500897,
          0.20994292487968425
        ],
        "s": 1.0
      },
      "rpe": {
        "1": {
          "count": 1354.0,
          "rmse": 0.19192840578828443,
          "mean": 0.09917978002376085,
          "pstd": 0.16431641483087042,
          "mean_dt": 1.0
        },
        "10": {
          "count": 1345.0,
          "rmse": 0.8336106441189363,
          "mean": 0.6712871764666876,
          "pstd": 0.49424713727018343,
          "mean_dt": 10.0
        },
        "50": {
          "count": 1305.0,
          "rmse": 2.696525909328872,
          "mean": 2.3352544581214434,
          "pstd": 1.3482724485451094,
          "mean_dt": 50.0
        }
      }
    },
    "b": {
      "ate": {
        "matches": 607,
        "rmse": 2.576345927010502,
        "R": [
          [
            0.9999434741835183,
            0.0036275808027029484,
            0.009994453227392055
          ],
          [
            -0.003708520969988806,
            0.9999603831172427,
            0.008091913755917654
          ],
          [
            -0.00996470320731222,
            -0.008128520993263041,
            0.9999173124996148
          ]
        ],
        "t": [
          -1.711937299778242,
          1.1034741069102978,
          0.4937962417352888
        ],
        "s": 1.0
      },
      "rpe": {
        "1": {
          "count": 606.0,
          "rmse": 0.13419403354133122,
          "mean": 0.10271939275684823,
          "pstd": 0.08635256214934382,
          "mean_dt": 1.0
        },
        "10": {
          "count": 597.0,
          "rmse": 0.8898267110178475,
          "mean": 0.7379684612581953,
          "pstd": 0.49718620840591676,
          "mean_dt": 10.0
        },
        "50": {
          "count": 557.0,
          "rmse": 2.948998332030777,
          "mean": 2.504476957495922,
          "pstd": 1.5569798751725337,
          "mean_dt": 50.0
        }
      }
    },
    "c": {
      "ate": {
        "matches": 1062,
        "rmse": 2.5737557990842475,
        "R": [
          [
            0.9997354121806294,
            0.019819652253956845,
            0.01167420303744367
          ],
          [
            -0.019802453963495732,
            0.9998026527239057,
            -0.0015869540840535018
          ],
          [
            -0.011703352043362602,
            0.001355356327123497,
            0.9999305948715518
          ]
        ],
        "t": [
          -1.3810002488717572,
          3.3473142231949495,
          1.164788839597385
        ],
        "s": 1.0
      },
      "rpe": {
        "1": {
          "count": 1061.0,
          "rmse": 0.6184264021977403,
          "mean": 0.1897412005424377,
          "pstd": 0.5885996022356416,
          "mean_dt": 1.0
        },
        "10": {
          "count": 1052.0,
          "rmse": 1.0033583601718965,
          "mean": 0.6935083991231125,
          "pstd": 0.7251028197935347,
          "mean_dt": 10.0
        },
        "50": {
          "count": 1012.0,
          "rmse": 2.3887141440271877,
          "mean": 2.024973617785583,
          "pstd": 1.267058447407979,
          "mean_dt": 50.0
        }
      }
    }
  },
  "input_end_team_ts": 1770252746.2882006,
  "input_end_method": "input_end_event",
  "input_end_per_robot_ts": {
    "a": 1770252746.2800913,
    "c": 1770252746.2832274,
    "b": 1770252746.2852802,
    "d": 1770252746.2882006
  },
  "time_from_input_end_to_team_convergence_s": 27.413059949874878,
  "time_from_input_end_to_team_convergence_method": "censored_end",
  "time_from_input_end_to_team_convergence_per_robot_s": {
    "b": 0.08234953880310059,
    "c": 1.3348937034606934,
    "a": 0.6914365291595459,
    "d": 27.413059949874878
  },
  "time_from_input_end_to_team_convergence_params": {
    "epsilon": 0.001,
    "required": 3
  },
  "time_from_input_end_to_ddf_stop_team_s": 27.413059949874878,
  "time_from_input_end_to_ddf_stop_method": "censored_end",
  "time_from_input_end_to_ddf_stop_per_robot_s": {
    "a": 27.413059949874878,
    "b": 9.1541907787323,
    "c": 19.546653032302856,
    "d": 27.413059949874878
  },
  "stable_team_convergence_s": 27.413059949874878,
  "stable_team_convergence_method": "censored_end",
  "stable_team_convergence_per_robot_s": {
    "b": 0.08234953880310059,
    "c": 1.3348937034606934,
    "a": 0.6914365291595459,
    "d": 27.413059949874878
  },
  "stable_team_convergence_params": {
    "epsilon": 0.001,
    "required": 3
  },