{
  "ate": {
    "matches": 1062,
    "rmse": 2.5737557990842475,
    "R": [
      [
        0.9997354121806294,
        0.019819652253956845,
        0.01167420303744367
      ],
      [
        -0.019802453963495732,
        0.9998026527239057,
        -0.0015869540840535018
      ],
      [
        -0.011703352043362602,
        0.001355356327123497,
        0.9999305948715518
      ]
    ],
    "t": [
      -1.3810002488717572,
      3.3473142231949495,
      1.164788839597385
    ],
    "s": 1.0
  },
  "rpe": {
    "1": {
      "count": 1061.0,
      "rmse": 0.6184264021977403,
      "mean": 0.1897412005424377,
      "pstd": 0.5885996022356416,
      "mean_dt": 1.0
    },
    "10": {
      "count": 1052.0,
      "rmse": 1.0033583601718965,
      "mean": 0.6935083991231125,
      "pstd": 0.7251028197935347,
      "mean_dt": 10.0
    },
    "50": {
      "count": 1012.0,
      "rmse": 2.3887141440271877,
      "mean": 2.024973617785583,
      "pstd": 1.267058447407979,
      "mean_dt": 50.0
    }
  }
}