{
  "ate": {
    "matches": 607,
    "rmse": 2.576345927010502,
    "R": [
      [
        0.9999434741835183,
        0.0036275808027029484,
        0.009994453227392055
      ],
      [
        -0.003708520969988806,
        0.9999603831172427,
        0.008091913755917654
      ],
      [
        -0.00996470320731222,
        -0.008128520993263041,
        0.9999173124996148
      ]
    ],
    "t": [
      -1.711937299778242,
      1.1034741069102978,
      0.4937962417352888
    ],
    "s": 1.0
  },
  "rpe": {
    "1": {
      "count": 606.0,
      "rmse": 0.13419403354133122,
      "mean": 0.10271939275684823,
      "pstd": 0.08635256214934382,
      "mean_dt": 1.0
    },
    "10": {
      "count": 597.0,
      "rmse": 0.8898267110178475,
      "mean": 0.7379684612581953,
      "pstd": 0.49718620840591676,
      "mean_dt": 10.0
    },
    "50": {
      "count": 557.0,
      "rmse": 2.948998332030777,
      "mean": 2.504476957495922,
      "pstd": 1.5569798751725337,
      "mean_dt": 50.0
    }
  }
}