{
  "loop_closure_correction": {
    "count": 512,
    "min": 0.00975475599989295,
    "max": 0.20500165899284184,
    "mean": 0.07617049448492708,
    "median": 0.07201641102437861,
    "p90": 0.11795758387888783,
    "p95": 0.155422942302539,
    "p99": 0.18793872661772182,
    "stdev": 0.038445284699280866
  },
  "interface_correction": {
    "count": 5,
    "min": 0.01257787604117766,
    "max": 0.18278748902957886,
    "mean": 0.08069717001635582,
    "median": 0.07264913601102307,
    "p90": 0.1388458934146911,
    "p95": 0.16081669122213496,
    "p99": 0.17839332946809008,
    "stdev": 0.05570902585934971
  },
  "loop_closure_correction_stabilised": {
    "count": 512,
    "min": 0.5536634922027588,
    "max": 23.87393093109131,
    "mean": 15.17959770374,
    "median": 17.02853238582611,
    "p90": 22.62073516845703,
    "p95": 23.129987120628357,
    "p99": 23.5676492023468,
    "stdev": 6.907299370380941
  },
  "loop_closure_correction_stabilised_params": {
    "epsilon": 0.001,
    "required": 3
  },
  "interface_correction_stabilised": {
    "count": 5,
    "min": 22.620217323303223,
    "max": 24.915172576904297,
    "mean": 23.506026697158813,
    "median": 23.281982421875,
    "p90": 24.37703275680542,
    "p95": 24.64610266685486,
    "p99": 24.86135859489441,
    "stdev": 0.7689537656631477
  },
  "interface_correction_stabilised_params": {
    "epsilon": 0.001,
    "required": 3
  },
  "time_to_global_convergence_s": 24.70736789703369,
  "time_to_global_convergence_method": "last_map_broadcast",
  "timeline_start_ts": 1770227810.3201365,
  "timeline_end_ts": 1770227835.0275044,
  "optimization_duration_s": {
    "count": 304,
    "min": 0.0007800669991411269,
    "max": 0.08186943701002747,
    "mean": 0.010911085646129274,
    "median": 0.004916811973089352,
    "p90": 0.03428665529354474,
    "p95": 0.053698826525942364,
    "p99": 0.07650862103095277,
    "stdev": 0.016688656970317264
  },
  "communication_uplink_messages": 637,
  "communication_uplink_bytes": 7521183,
  "communication_downlink_messages": 304,
  "communication_downlink_bytes": 83488417,
  "communication_uplink_bytes_per_s": 304410.53176299593,
  "communication_downlink_bytes_per_s": 3379089.8871920477,
  "delivery_topics": {
    "/c_slam/factor_batch/d": {
      "attempts": 176.0,
      "drops": 0.0,
      "delivered": 176.0,
      "delivery_rate": 1.0
    },
    "/c_slam/factor_batch/b": {
      "attempts": 50.0,
      "drops": 0.0,
      "delivered": 50.0,
      "delivery_rate": 1.0
    },
    "/c_slam/factor_batch/c": {
      "attempts": 95.0,
      "drops": 0.0,
      "delivered": 95.0,
      "delivery_rate": 1.0
    },
    "/c_slam/factor_batch/a": {
      "attempts": 233.0,
      "drops": 0.0,
      "delivered": 233.0,
      "delivery_rate": 1.0
    },
    "/c_slam/factor_batch/e": {
      "attempts": 83.0,
      "drops": 0.0,
      "delivered": 83.0,
      "delivery_rate": 1.0
    }
  },
  "delivery_rate": {
    "count": 5,
    "min": 1.0,
    "max": 1.0,
    "mean": 1.0,
    "median": 1.0,
    "p90": 1.0,
    "p95": 1.0,
    "p99": 1.0,
    "stdev": 0.0
  },
  "estimation_metrics": {
    "ate": {
      "d": {
        "matches": 1062,
        "rmse": 2.3926893273722474,
        "R": [
          [
            0.9999508937901427,
            0.009907380008507369,
            -0.00023201220203641817
          ],
          [
            -0.009909054655197369,
            0.9999111747904543,
            -0.00891365048753568
          ],
          [
            0.0001436806708609165,
            0.008915511793534885,
            0.9999602457124603
          ]
        ],
        "t": [
          -0.5208510595535358,
          1.3361644918348148,
          -0.085711538881859
        ],
        "s": 1.0
      },
      "e": {
        "matches": 529,
        "rmse": 2.530757211076271,
        "R": [
          [
            0.9999938004241581,
            0.0034662856637557673,
            -0.0006196587333912691
          ],
          [
            -0.003466825355194213,
            0.9999936103421534,
            -0.000872007351544038
          ],
          [
            0.0006166321474026315,
            0.0008741501940768039,
            0.9999994278129528
          ]
        ],
        "t": [
          0.6109449408320131,
          0.5435429717557589,
          -0.06105847488960059
        ],
        "s": 1.0
      },
      "b": {
        "matches": 265,
        "rmse": 1.352956648294303,
        "R": [
          [
            0.9999582038252562,
            0.009052436931348027,
            -0.001282181021530598
          ],
          [
            -0.009054266718132042,
            0.9999579888710152,
            -0.0014285472452791048
          ],
          [
            0.0012691953218169974,
            0.001440096746418689,
            0.9999981576306008
          ]
        ],
        "t": [
          -0.8338157387127154,
          1.4669417270708625,
          -0.12237350781836831
        ],
        "s": 1.0
      },
      "c": {
        "matches": 624,
        "rmse": 1.6056385749046684,
        "R": [
          [
            0.999983123066408,
            0.005307189315383582,
            -0.0023637520859104673
          ],
          [
            -0.005319962111548403,
            0.9999711033830202,
            -0.005430506613275619
          ],
          [
            0.0023348630547967214,
            0.005442990034514254,
            0.9999824609831913
          ]
        ],
        "t": [
          -0.6917677601961145,
          1.1150469077265086,
          -0.6385142997085129
        ],
        "s": 1.0
      },
      "a": {
        "matches": 1357,
        "rmse": 2.0701675065106633,
        "R": [
          [
            0.999947865920555,
            0.009144756621055055,
            0.004543002010899851
          ],
          [
            -0.009115251353946462,
            0.9999375012938908,
            -0.006473461121049372
          ],
          [
            -0.004601916305600174,
            0.006431713027882202,
            0.9999687272279285
          ]
        ],
        "t": [
          -0.4407913405697599,
          1.405206722906513,
          0.09648896424355069
        ],
        "s": 1.0
      }
    },
    "rpe": {
      "d": {
        "1": {
          "count": 1061.0,
          "rmse": 0.7132774987769145,
          "mean": 0.22817791849361055,
          "pstd": 0.6757955517561316,
          "mean_dt": 1.0
        },
        "10": {
          "count": 1052.0,
          "rmse": 1.1087473966371335,
          "mean": 0.7722990876926309,
          "pstd": 0.7955343541914154,
          "mean_dt": 10.0
        },
        "50": {
          "count": 1012.0,
          "rmse": 2.4840967165503187,
          "mean": 2.09665978250372,
          "pstd": 1.332199029277354,
          "mean_dt": 50.0
        }
      },
      "e": {
        "1": {
          "count": 528.0,
          "rmse": 0.4949123967356611,
          "mean": 0.15445913161680547,
          "pstd": 0.47019214912928836,
          "mean_dt": 1.0
        },
        "10": {
          "count": 519.0,
          "rmse": 0.8282569210422779,
          "mean": 0.6250858207268232,
          "pstd": 0.543394188394307,
          "mean_dt": 10.0
        },
        "50": {
          "count": 479.0,
          "rmse": 2.3816315990015426,
          "mean": 2.0881754323638715,
          "pstd": 1.1452914201348938,
          "mean_dt": 50.0
        }
      },
      "b": {
        "1": {
          "count": 264.0,
          "rmse": 0.405520649541466,
          "mean": 0.155490272274708,
          "pstd": 0.37452606375587494,
          "mean_dt": 1.0
        },
        "10": {
          "count": 255.0,
          "rmse": 0.7446196548306514,
          "mean": 0.6218995802243455,
          "pstd": 0.40951110177491085,
          "mean_dt": 10.0
        },
        "50": {
          "count": 215.0,
          "rmse": 2.238407850546004,
          "mean": 2.1042079441930843,