{
  "loop_closure_correction": {
    "count": 709,
    "min": 0.017940117046236992,
    "max": 0.4985602890374139,
    "mean": 0.10112316835782004,
    "median": 0.09082133101765066,
    "p90": 0.17062446381896745,
    "p95": 0.2287595381960273,
    "p99": 0.3504664077586494,
    "stdev": 0.0641095335003425
  },
  "interface_correction": {
    "count": 5,
    "min": 0.020234090043231845,
    "max": 0.3514648040290922,
    "mean": 0.1535859622177668,
    "median": 0.1612137450138107,
    "p90": 0.27571586521808056,
    "p95": 0.3135903346235864,
    "p99": 0.34388991014799103,
    "stdev": 0.1127612860652785
  },
  "loop_closure_correction_stabilised": {
    "count": 709,
    "min": 0.42928099632263184,
    "max": 25.481997966766357,
    "mean": 15.34786086997125,
    "median": 16.423659086227417,
    "p90": 24.437247467041015,
    "p95": 24.732273769378665,
    "p99": 25.32984236717224,
    "stdev": 7.75052319985366
  },
  "loop_closure_correction_stabilised_params": {
    "epsilon": 0.001,
    "required": 3
  },
  "interface_correction_stabilised": {
    "count": 5,
    "min": 24.43691062927246,
    "max": 26.760523796081543,
    "mean": 25.251151895523073,
    "median": 25.144651412963867,
    "p90": 26.114526653289794,
    "p95": 26.43752522468567,
    "p99": 26.695924081802367,
    "stdev": 0.7996234608680098
  },
  "interface_correction_stabilised_params": {
    "epsilon": 0.001,
    "required": 3
  },
  "time_to_global_convergence_s": 26.557162523269653,
  "time_to_global_convergence_method": "last_map_broadcast",
  "timeline_start_ts": 1770226091.6869895,
  "timeline_end_ts": 1770226118.244152,
  "optimization_duration_s": {
    "count": 298,
    "min": 0.0007839039899408817,
    "max": 0.09384280402446166,
    "mean": 0.012842397717485554,
    "median": 0.005754601501394063,
    "p90": 0.03907931222929621,
    "p95": 0.06518628774210808,
    "p99": 0.08213817204930819,
    "stdev": 0.018725181572730683
  },
  "communication_uplink_messages": 664,
  "communication_uplink_bytes": 7848125,
  "communication_downlink_messages": 298,
  "communication_downlink_bytes": 87764521,
  "communication_uplink_bytes_per_s": 295518.20504631824,
  "communication_downlink_bytes_per_s": 3304740.1401825156,
  "delivery_topics": {
    "/c_slam/factor_batch/d": {
      "attempts": 171.0,
      "drops": 0.0,
      "delivered": 171.0,
      "delivery_rate": 1.0
    },
    "/c_slam/factor_batch/b": {
      "attempts": 36.0,
      "drops": 0.0,
      "delivered": 36.0,
      "delivery_rate": 1.0
    },
    "/c_slam/factor_batch/c": {
      "attempts": 126.0,
      "drops": 0.0,
      "delivered": 126.0,
      "delivery_rate": 1.0
    },
    "/c_slam/factor_batch/a": {
      "attempts": 243.0,
      "drops": 0.0,
      "delivered": 243.0,
      "delivery_rate": 1.0
    },
    "/c_slam/factor_batch/e": {
      "attempts": 88.0,
      "drops": 0.0,
      "delivered": 88.0,
      "delivery_rate": 1.0
    }
  },
  "delivery_rate": {
    "count": 5,
    "min": 1.0,
    "max": 1.0,
    "mean": 1.0,
    "median": 1.0,
    "p90": 1.0,
    "p95": 1.0,
    "p99": 1.0,
    "stdev": 0.0
  },
  "estimation_metrics": {
    "ate": {
      "d": {
        "matches": 1063,
        "rmse": 2.3770224164240514,
        "R": [
          [
            0.9999921246807033,
            0.003796760080840482,
            0.0011555039858176914
          ],
          [
            -0.0037877680410970433,
            0.9999632801231195,
            -0.0076870812846734915
          ],
          [
            -0.0011846475592134338,
            0.007682643965385046,
            0.999969786339498
          ]
        ],
        "t": [
          -0.7758422653898691,
          -0.2467958680599196,
          -0.3949376608847244
        ],
        "s": 1.0
      },
      "b": {
        "matches": 188,
        "rmse": 1.0291304523993212,
        "R": [
          [
            0.9999935387889423,
            0.0015324579083000735,
            -0.0032517615422194765
          ],
          [
            -0.0015368846450955654,
            0.999997895178807,
            -0.001359273166905442
          ],
          [
            0.003249671668928724,
            0.0013642619667383407,
            0.9999937891923781
          ]
        ],
        "t": [
          -0.825434547570481,
          0.12858844943959147,
          -0.3972177846098859
        ],
        "s": 1.0
      },
      "c": {
        "matches": 703,
        "rmse": 1.7199817057194278,
        "R": [
          [
            0.9999991126694041,
            0.001276185751132958,
            0.00038211298373763344
          ],
          [
            -0.001273253778731868,
            0.9999704803481421,
            -0.007577417575981002
          ],
          [
            -0.0003917718962362267,
            0.007576924325506107,
            0.9999712179520701
          ]
        ],
        "t": [
          -0.10582987329190985,
          -0.08367319136837637,
          -0.3403622863166884
        ],
        "s": 1.0
      },
      "e": {
        "matches": 533,
        "rmse": 2.2814565619840796,
        "R": [
          [
            0.9999937910437481,
            0.0015922096358803456,
            0.003143682940011305
          ],
          [
            -0.0015822031085552925,
            0.9999936826030987,
            -0.003182984011233434
          ],
          [
            -0.0031487310579319805,
            0.003177990303304956,
            0.9999899928851071
          ]
        ],
        "t": [
          0.19598164894307502,
          0.09562013120042678,
          0.23246867193447507
        ],
        "s": 1.0
      },
      "a": {
        "matches": 1350,
        "rmse": 1.8515667808092844,
        "R": [
          [
            0.9999987940025851,
            0.0015485443596750539,
            -0.00011833740522032522
          ],
          [
            -0.0015492854407075742,
            0.9999773979821789,
            -0.006542418468323284
          ],
          [
            0.00010820350533842591,
            0.006542593916602529,
            0.9999785911492527
          ]
        ],
        "t": [
          -0.27913840067955675,
          -0.16647432026170605,
          -0.34731658567969426
        ],
        "s": 1.0
      }
    },
    "rpe": {
      "d": {
        "1": {
          "count": 1062.0,
          "rmse": 0.7021401995933265,
          "mean": 0.19809588815418186,
          "pstd": 0.6736162698312462,
          "mean_dt": 1.0
        },
        "10": {
          "count": 1053.0,
          "rmse": 1.1811965640390547,
          "mean": 0.7163105822365732,
          "pstd": 0.9392148171071247,
          "mean_dt": 10.0
        },
        "50": {
          "count": 1013.0,
          "rmse": 2.4985851605094,
          "mean": 1.9601436921164228,
          "pstd": 1.5494400635629546,
          "mean_dt": 50.0
        }
      },
      "b": {
        "1": {
          "count": 187.0,
          "rmse": 0.4215608203432966,
          "mean": 0.2035280317986108,
          "pstd": 0.3691745732315497,
          "mean_dt": 1.0
        },
        "10": {
          "count": 178.0,
          "rmse": 0.7088230709018083,
          "mean": 0.618564622564904,
          "pstd": 0.34613285535153687,
          "mean_dt": 10.0
        },
        "50": {
          "count": 138.0,
          "rmse": 1.8155394665897882,
          "mean": 1.673657910729894,
          "pstd": 0.7035998526125351,
          "mean_dt": 50.0
        }
      },
      "c": {
        "1": {
          "count": 702.0,
          "rmse": 1.5904344175610474,
          "mean": 0.7342221419261103,
          "pstd": 1.4108151838097638,
          "mean_dt": 1.0
        },
        "10": {
          "count": 693.0,
          "rmse": 1.5737138174497252,
          "mean": 0.9926720460256229,
          "pstd": 1.221137743365378,
          "mean_dt": 10.0
        },
        "50": {
          "count": 653.0,
          "rmse": 1.9842683625651887,
          "mean": 1.7426337297864154,