{
  "stats": {
    "topics": {
      "/c_slam/factor_batch/d": {
        "attempts": 176,
        "drops": 0,
        "published": 176,
        "delivered": 176,
        "delivery_rate": 1.0,
        "bytes_attempted": 2081731,
        "bytes_published": 2081731,
        "bytes_delivered": null,
        "drop_reasons": {},
        "delivery_method": "ack",
        "ack_latency_s": {
          "count": 176,
          "min": 0.008484510995913297,
          "max": 1.3131961100152694,
          "mean": 0.450702701952237,
          "median": 0.34501574651221745,
          "p90": 1.0794266714947298,
          "p95": 1.2082500600081403,
          "stdev": 0.412212045361963
        }
      },
      "/c_slam/factor_batch/b": {
        "attempts": 50,
        "drops": 0,
        "published": 50,
        "delivered": 50,
        "delivery_rate": 1.0,
        "bytes_attempted": 583589,
        "bytes_published": 583589,
        "bytes_delivered": null,
        "drop_reasons": {},
        "delivery_method": "ack",
        "ack_latency_s": {
          "count": 50,
          "min": 0.006781777017749846,
          "max": 0.509875413030386,
          "mean": 0.09499661592650227,
          "median": 0.05843330852803774,
          "p90": 0.2779594878957141,
          "p95": 0.3057695186987985,
          "stdev": 0.10363422442320452
        }
      },
      "/c_slam/factor_batch/c": {
        "attempts": 95,
        "drops": 0,
        "published": 95,
        "delivered": 95,
        "delivery_rate": 1.0,
        "bytes_attempted": 1118215,
        "bytes_published": 1118215,
        "bytes_delivered": null,
        "drop_reasons": {},
        "delivery_method": "ack",
        "ack_latency_s": {
          "count": 95,
          "min": 0.007622242963407189,
          "max": 1.2367196810082532,
          "mean": 0.34502830122303413,
          "median": 0.09691837296122685,
          "p90": 1.0765104965888903,
          "p95": 1.2075373594008851,
          "stdev": 0.4087101371926011
        }
      },
      "/c_slam/factor_batch/a": {
        "attempts": 233,
        "drops": 0,
        "published": 233,
        "delivered": 233,
        "delivery_rate": 1.0,
        "bytes_attempted": 2756181,
        "bytes_published": 2756181,
        "bytes_delivered": null,
        "drop_reasons": {},
        "delivery_method": "ack",
        "ack_latency_s": {
          "count": 233,
          "min": 0.008045963011682034,
          "max": 1.2531773960217834,
          "mean": 0.3183307716867271,
          "median": 0.15126375399995595,
          "p90": 0.9237948374124244,
          "p95": 1.0719885206082833,
          "stdev": 0.35653509825474694
        }
      },
      "/c_slam/factor_batch/e": {
        "attempts": 83,
        "drops": 0,
        "published": 83,
        "delivered": 83,
        "delivery_rate": 1.0,
        "bytes_attempted": 981506,
        "bytes_published": 981506,
        "bytes_delivered": null,
        "drop_reasons": {},
        "delivery_method": "ack",
        "ack_latency_s": {
          "count": 83,
          "min": 0.008290313999168575,
          "max": 1.2104143489850685,
          "mean": 0.323703607530277,
          "median": 0.11105781799415126,
          "p90": 0.8741971841780468,
          "p95": 1.009760172409005,
          "stdev": 0.3449143704507249
        }
      }
    },
    "generated_by": {
      "component": "ros2_factor_publisher",
      "pid": 504755
    }
  }
}