{
  "ate": {
    "matches": 1350,
    "rmse": 2.1042821806802143,
    "R": [
      [
        0.9998517740460832,
        0.01698144730668341,
        0.002839081589269626
      ],
      [
        -0.01698840439724129,
        0.9998526982204547,
        0.002444581214057377
      ],
      [
        -0.002797150860425832,
        -0.0024924503298302675,
        0.9999929817945812
      ]
    ],
    "t": [
      -1.3291844000208783,
      2.4427046558527152,
      -0.4028208174854955
    ],
    "s": 1.0
  },
  "rpe": {
    "1": {
      "count": 1349.0,
      "rmse": 0.15224741843388745,
      "mean": 0.09448864526074237,
      "pstd": 0.1193782741396976,
      "mean_dt": 1.0
    },
    "10": {
      "count": 1340.0,
      "rmse": 0.7025513271033829,
      "mean": 0.6239686940063505,
      "pstd": 0.3228644237365475,
      "mean_dt": 10.0
    },
    "50": {
      "count": 1300.0,
      "rmse": 2.3132109288319116,
      "mean": 2.0805170473036427,
      "pstd": 1.0111348165038807,
      "mean_dt": 50.0
    }
  }
}