{
  "ate": {
    "matches": 187,
    "rmse": 21.026798320964495,
    "R": [
      [
        0.9965041066193104,
        0.032260011571191786,
        0.07706398084888584
      ],
      [
        -0.03186526678794065,
        0.9994720220617,
        -0.006346801433075637
      ],
      [
        -0.07722804065483108,
        0.0038689493824667145,
        0.9970059483108874
      ]
    ],
    "t": [
      7.665207964360782,
      6.168110562086875,
      1.9016368540562407
    ],
    "s": 1.0
  },
  "rpe": {
    "1": {
      "count": 186.0,
      "rmse": 14.523041319071483,
      "mean": 3.8171675500160265,
      "pstd": 14.012421669738682,
      "mean_dt": 1.0
    },
    "10": {
      "count": 177.0,
      "rmse": 25.923442074403997,
      "mean": 14.602254927922628,
      "pstd": 21.419593833799432,
      "mean_dt": 10.0
    },
    "50": {
      "count": 137.0,
      "rmse": 27.726839371348913,
      "mean": 17.991340995530187,
      "pstd": 21.097138922307426,
      "mean_dt": 50.0
    }
  }
}