{
  "ate": {
    "matches": 703,
    "rmse": 1.9000910804373923,
    "R": [
      [
        0.999984755083005,
        0.005323383141917883,
        0.0014666947557714113
      ],
      [
        -0.005323960892321791,
        0.9999857514552292,
        0.0003902908381360204
      ],
      [
        -0.001464596189837319,
        -0.0003980935137052888,
        0.9999988482391144
      ]
    ],
    "t": [
      -0.318771190077328,
      1.724448827325304,
      -0.3843291503555428
    ],
    "s": 1.0
  },
  "rpe": {
    "1": {
      "count": 702.0,
      "rmse": 0.8015126692819976,
      "mean": 0.37697806506073017,
      "pstd": 0.7073260192320232,
      "mean_dt": 1.0
    },
    "10": {
      "count": 693.0,
      "rmse": 0.986209244486681,
      "mean": 0.7816487480209618,
      "pstd": 0.601360049078962,
      "mean_dt": 10.0
    },
    "50": {
      "count": 653.0,
      "rmse": 2.0678573792824526,
      "mean": 1.87399060422923,
      "pstd": 0.8741815351020953,
      "mean_dt": 50.0
    }
  }
}