{
  "loop_closure_correction": {
    "count": 0
  },
  "interface_correction": {
    "count": 0
  },
  "loop_closure_correction_stabilised": {
    "count": 0
  },
  "loop_closure_correction_stabilised_params": {
    "epsilon": 0.001,
    "required": 3
  },
  "interface_correction_stabilised": {
    "count": 24395,
    "min": 0.06528067588806152,
    "max": 127.81648683547974,
    "mean": 1.05849097569132,
    "median": 0.632157564163208,
    "p90": 1.8471108436584478,
    "p95": 2.262640690803528,
    "p99": 2.910990781784058,
    "stdev": 3.284244578861468
  },
  "interface_correction_stabilised_params": {
    "epsilon": 0.001,
    "required": 3
  },
  "time_to_global_convergence_s": 0.2799649238586426,
  "time_to_global_convergence_method": "delta_threshold",
  "timeline_start_ts": 1770251660.1546385,
  "timeline_end_ts": 1770251660.4346035,
  "optimization_duration_s": {
    "count": 404,
    "min": 0.0006208979757502675,
    "max": 0.031482673017308116,
    "mean": 0.004756648296324334,
    "median": 0.002100839017657563,
    "p90": 0.009343152790097519,
    "p95": 0.02265748272766359,
    "p99": 0.02956773708690889,
    "stdev": 0.006708717444115049
  },
  "communication_uplink_messages": 25360,
  "communication_uplink_bytes": 35570055,
  "communication_downlink_messages": 0,
  "communication_downlink_bytes": 0,
  "communication_uplink_bytes_per_s": 127051826.74226618,
  "communication_downlink_bytes_per_s": 0.0,
  "delivery_topics": {
    "/c_slam/factor_batch/a": {
      "attempts": 228.0,
      "drops": 0.0,
      "delivered": 228.0,
      "delivery_rate": 1.0
    },
    "/c_slam/factor_batch/b": {
      "attempts": 89.0,
      "drops": 0.0,
      "delivered": 88.0,
      "delivery_rate": 0.9887640449438202
    },
    "/c_slam/factor_batch/c": {
      "attempts": 180.0,
      "drops": 0.0,
      "delivered": 180.0,
      "delivery_rate": 1.0
    },
    "/c_slam/factor_batch/d": {
      "attempts": 87.0,
      "drops": 0.0,
      "delivered": 85.0,
      "delivery_rate": 0.9770114942528736
    },
    "/c_slam/iface/run_2715cc2c/a": {
      "attempts": 2121.0,
      "drops": 0.0,
      "delivered": 1794.0,
      "delivery_rate": 0.8458274398868458
    },
    "/c_slam/iface/run_2715cc2c/c": {
      "attempts": 16665.0,
      "drops": 0.0,
      "delivered": 2918.0,
      "delivery_rate": 0.1750975097509751
    },
    "/c_slam/iface/run_2715cc2c/d": {
      "attempts": 6969.0,
      "drops": 0.0,
      "delivered": 59.0,
      "delivery_rate": 0.008466063997704118
    },
    "/c_slam/iface/run_2715cc2c/b": {
      "attempts": 8080.0,
      "drops": 0.0,
      "delivered": 8080.0,
      "delivery_rate": 0.0
    }
  },
  "delivery_rate": {
    "count": 8,
    "min": 0.0,
    "max": 1.0,
    "mean": 0.6243958191040273,
    "median": 0.9114194670698597,
    "p90": 1.0,
    "p95": 1.0,
    "p99": 1.0,
    "stdev": 0.44150305143131874
  },
  "estimation_metrics": {
    "a": {
      "ate": {
        "matches": 1355,
        "rmse": 2.5517584850895436,
        "R": [
          [
            0.9997096041620438,
            0.022668366939823395,
            0.008176336982506
          ],
          [
            -0.0226559039153789,
            0.999742019706739,
            -0.0016137070577979112
          ],
          [
            -0.008210807752412992,
            0.0014279961389292578,
            0.9999652711284929
          ]
        ],
        "t": [
          -2.118120689159994,
          2.772161089546927,
          0.334986367274297
        ],
        "s": 1.0
      },
      "rpe": {
        "1": {
          "count": 1354.0,
          "rmse": 0.194108883537671,
          "mean": 0.09824337139395349,
          "pstd": 0.16741116642981385,
          "mean_dt": 1.0
        },
        "10": {
          "count": 1345.0,
          "rmse": 0.8327535207153718,
          "mean": 0.6664828134979185,
          "pstd": 0.4992785651074426,
          "mean_dt": 10.0
        },
        "50": {
          "count": 1305.0,
          "rmse": 2.699099253930984,
          "mean": 2.3418321441139254,
          "pstd": 1.341998133890493,
          "mean_dt": 50.0
        }
      }
    },
    "b": {
      "ate": {
        "matches": 602,
        "rmse": 33.995229425278914,
        "R": [
          [
            0.9996632063289873,
            -0.0018272237485692983,
            -0.025886969027326123
          ],
          [
            0.0016110906981479211,
            0.999963693972899,
            -0.008367503978851408
          ],
          [
            0.025901318476313454,
            0.008322979601465968,
            0.9996298563527114
          ]
        ],
        "t": [
          -17.520119245812822,
          -4.946178332382516,
          -4.558704918598819
        ],
        "s": 1.0
      },
      "rpe": {
        "1": {
          "count": 601.0,
          "rmse": 1.589227237168312,
          "mean": 0.6552646396236256,
          "pstd": 1.447850635741321,
          "mean_dt": 1.0
        },
        "10": {
          "count": 592.0,
          "rmse": 8.90297533965132,
          "mean": 6.022817560023526,
          "pstd": 6.556572163647081,
          "mean_dt": 10.0
        },
        "50": {
          "count": 552.0,
          "rmse": 29.57688456426902,
          "mean": 20.88183849261551,
          "pstd": 20.946143360924857,
          "mean_dt": 50.0
        }
      }
    },
    "c": {
      "ate": {
        "matches": 1062,
        "rmse": 2.5737557991986724,
        "R": [
          [
            0.9997354121805997,
            0.019819652257358995,
            0.011674203034178958
          ],
          [
            -0.01980245396688369,
            0.9998026527238353,
            -0.001586954085654381
          ],
          [
            -0.011703352040134857,
            0.0013553563287489398,
            0.9999305948715874
          ]
        ],
        "t": [
          -1.381000248919321,
          3.347314223659275,
          1.1647888391616235
        ],
        "s": 1.0
      },
      "rpe": {
        "1": {
          "count": 1061.0,
          "rmse": 0.6184264022194355,
          "mean": 0.18974120054630494,
          "pstd": 0.5885996022571899,
          "mean_dt": 1.0
        },
        "10": {
          "count": 1052.0,
          "rmse": 1.0033583601852685,
          "mean": 0.6935083991285531,
          "pstd": 0.7251028198068337,
          "mean_dt": 10.0
        },
        "50": {
          "count": 1012.0,
          "rmse": 2.3887141440644024,
          "mean": 2.0249736178278575,
          "pstd": 1.2670584474105735,
          "mean_dt": 50.0
        }
      }
    },
    "d": {
      "ate": {
        "matches": 524,
        "rmse": 4.7440709069607205,
        "R": [
          [
            0.9993494439648409,
            -0.03177467208593972,
            0.017060453129781643
          ],
          [
            0.03187389117997774,
            0.9994763467700973,
            -0.005575599353090776
          ],
          [
            -0.016874356527269617,
            0.006115755139821761,
            0.9998389138410552
          ]
        ],
        "t": [
          1.7034070106094816,
          -1.7802280815301188,
          1.164119499137744
        ],
        "s": 1.0
      },
      "rpe": {
        "1": {
          "count": 523.0,
          "rmse": 0.4311995390444152,
          "mean": 0.17067528670996251,
          "pstd": 0.39598357160188863,
          "mean_dt": 1.0
        },
        "10": {
          "count": 514.0,
          "rmse": 1.2100287616676852,
          "mean": 1.0411585889781594,
          "pstd": 0.6165698635678198,
          "mean_dt": 10.0
        },
        "50": {
          "count": 474.0,
          "rmse": 4.290362109268833,
          "mean": 3.8189849047917197,
          "pstd": 1.9551371628667622,
          "mean_dt": 50.0
        }
      }
    }
  },
  "input_end_team_ts": 1770251715.4576,
  "input_end_method": "input_end_event",
  "input_end_per_robot_ts": {
    "d": 1770251660.1546385,