{
  "ate": {
    "matches": 1355,
    "rmse": 2.5517584850895436,
    "R": [
      [
        0.9997096041620438,
        0.022668366939823395,
        0.008176336982506
      ],
      [
        -0.0226559039153789,
        0.999742019706739,
        -0.0016137070577979112
      ],
      [
        -0.008210807752412992,
        0.0014279961389292578,
        0.9999652711284929
      ]
    ],
    "t": [
      -2.118120689159994,
      2.772161089546927,
      0.334986367274297
    ],
    "s": 1.0
  },
  "rpe": {
    "1": {
      "count": 1354.0,
      "rmse": 0.194108883537671,
      "mean": 0.09824337139395349,
      "pstd": 0.16741116642981385,
      "mean_dt": 1.0
    },
    "10": {
      "count": 1345.0,
      "rmse": 0.8327535207153718,
      "mean": 0.6664828134979185,
      "pstd": 0.4992785651074426,
      "mean_dt": 10.0
    },
    "50": {
      "count": 1305.0,
      "rmse": 2.699099253930984,
      "mean": 2.3418321441139254,
      "pstd": 1.341998133890493,
      "mean_dt": 50.0
    }
  }
}