{
  "loop_closure_correction": {
    "count": 0
  },
  "interface_correction": {
    "count": 0
  },
  "loop_closure_correction_stabilised": {
    "count": 0
  },
  "loop_closure_correction_stabilised_params": {
    "epsilon": 0.001,
    "required": 3
  },
  "interface_correction_stabilised": {
    "count": 25977,
    "min": 0.029770374298095703,
    "max": 34.95269966125488,
    "mean": 1.7648504138493064,
    "median": 0.9188642501831055,
    "p90": 5.2795820236206055,
    "p95": 6.525703144073486,
    "p99": 7.435146951675415,
    "stdev": 1.982184537233364
  },
  "interface_correction_stabilised_params": {
    "epsilon": 0.001,
    "required": 3
  },
  "time_to_global_convergence_s": 0.15902376174926758,
  "time_to_global_convergence_method": "delta_threshold",
  "timeline_start_ts": 1770252443.3474789,
  "timeline_end_ts": 1770252443.5065026,
  "optimization_duration_s": {
    "count": 404,
    "min": 0.0006409349734894931,
    "max": 0.034583962988108397,
    "mean": 0.005592086350102678,
    "median": 0.0023836659966036677,
    "p90": 0.016039392765378545,
    "p95": 0.02459450725000351,
    "p99": 0.03130659068585374,
    "stdev": 0.00740549804451079
  },
  "communication_uplink_messages": 27007,
  "communication_uplink_bytes": 37814624,
  "communication_downlink_messages": 0,
  "communication_downlink_bytes": 0,
  "communication_uplink_bytes_per_s": 237792287.03960755,
  "communication_downlink_bytes_per_s": 0.0,
  "delivery_topics": {
    "/c_slam/factor_batch/a": {
      "attempts": 228.0,
      "drops": 0.0,
      "delivered": 228.0,
      "delivery_rate": 1.0
    },
    "/c_slam/factor_batch/b": {
      "attempts": 89.0,
      "drops": 0.0,
      "delivered": 89.0,
      "delivery_rate": 1.0
    },
    "/c_slam/factor_batch/c": {
      "attempts": 180.0,
      "drops": 0.0,
      "delivered": 180.0,
      "delivery_rate": 1.0
    },
    "/c_slam/factor_batch/d": {
      "attempts": 87.0,
      "drops": 0.0,
      "delivered": 87.0,
      "delivery_rate": 1.0
    },
    "/c_slam/iface/run_53d96bf1/a": {
      "attempts": 2121.0,
      "drops": 0.0,
      "delivered": 2108.0,
      "delivery_rate": 0.9938708156529938
    },
    "/c_slam/iface/run_53d96bf1/c": {
      "attempts": 17170.0,
      "drops": 0.0,
      "delivered": 6312.0,
      "delivery_rate": 0.3676179382644147
    },
    "/c_slam/iface/run_53d96bf1/d": {
      "attempts": 6969.0,
      "drops": 0.0,
      "delivered": 1805.0,
      "delivery_rate": 0.2590041612856938
    },
    "/c_slam/iface/run_53d96bf1/b": {
      "attempts": 8181.0,
      "drops": 0.0,
      "delivered": 1726.0,
      "delivery_rate": 0.21097665322087764
    }
  },
  "delivery_rate": {
    "count": 8,
    "min": 0.21097665322087764,
    "max": 1.0,
    "mean": 0.7289336960529975,
    "median": 0.9969354078264969,
    "p90": 1.0,
    "p95": 1.0,
    "p99": 1.0,
    "stdev": 0.3506711038452278
  },
  "estimation_metrics": {
    "a": {
      "ate": {
        "matches": 1355,
        "rmse": 2.249847809335842,
        "R": [
          [
            0.9998580402053173,
            0.014417214640828117,
            0.008720284329164833
          ],
          [
            -0.01435719148556748,
            0.9998730738506135,
            -0.006907042867376707
          ],
          [
            -0.008818757816605766,
            0.006780863553066958,
            0.9999381227856284
          ]
        ],
        "t": [
          -1.2129487254754707,
          2.138183614642486,
          0.5059211407490967
        ],
        "s": 1.0
      },
      "rpe": {
        "1": {
          "count": 1354.0,
          "rmse": 0.12569149735505272,
          "mean": 0.09931840570002903,
          "pstd": 0.07703380294753512,
          "mean_dt": 1.0
        },
        "10": {
          "count": 1345.0,
          "rmse": 0.7748565397974468,
          "mean": 0.7017445574506908,
          "pstd": 0.328568460682406,
          "mean_dt": 10.0
        },
        "50": {
          "count": 1305.0,
          "rmse": 2.5816612320797754,
          "mean": 2.3371899141035617,
          "pstd": 1.0965938275570624,
          "mean_dt": 50.0
        }
      }
    },
    "b": {
      "ate": {
        "matches": 607,
        "rmse": 1.8447030310686796,
        "R": [
          [
            0.9999755312573273,
            0.001612026471490949,
            0.006807220966063086
          ],
          [
            -0.0016457463281296762,
            0.9999863902114271,
            0.0049508495173703065
          ],
          [
            -0.006799147420746611,
            -0.004961931335217093,
            0.9999645747884149
          ]
        ],
        "t": [
          -0.7033756678955854,
          0.49872423359832396,
          0.15213960205218902
        ],
        "s": 1.0
      },
      "rpe": {
        "1": {
          "count": 606.0,
          "rmse": 0.11332559786317205,
          "mean": 0.09045508183619967,
          "pstd": 0.06826836237271118,
          "mean_dt": 1.0
        },
        "10": {
          "count": 597.0,
          "rmse": 0.70801608722271,
          "mean": 0.616996617601963,
          "pstd": 0.34727791987670814,
          "mean_dt": 10.0
        },
        "50": {
          "count": 557.0,
          "rmse": 2.3217713372583115,
          "mean": 2.0508406914110053,
          "pstd": 1.0884275818661893,
          "mean_dt": 50.0
        }
      }
    },
    "c": {
      "ate": {
        "matches": 1062,
        "rmse": 2.495947065390254,
        "R": [
          [
            0.9998959176429962,
            0.012675944021839343,
            0.006890161393259536
          ],
          [
            -0.012634650187613283,
            0.9999021539614316,
            -0.006004008488187738
          ],
          [
            -0.0069655936937650376,
            0.005916328797892827,
            0.9999582379069878
          ]
        ],
        "t": [
          -1.0217101440778862,
          1.6091373057137446,
          0.5383593291091122
        ],
        "s": 1.0
      },
      "rpe": {
        "1": {
          "count": 1061.0,
          "rmse": 0.5465569990119911,
          "mean": 0.18972237258256294,
          "pstd": 0.512571921305329,
          "mean_dt": 1.0
        },
        "10": {
          "count": 1052.0,
          "rmse": 0.9505133149643549,
          "mean": 0.7485063938524542,
          "pstd": 0.5858444676588851,
          "mean_dt": 10.0
        },
        "50": {
          "count": 1012.0,
          "rmse": 2.4508583505093724,
          "mean": 2.1616262870180747,
          "pstd": 1.1550231380946385,
          "mean_dt": 50.0
        }
      }
    },
    "d": {
      "ate": {
        "matches": 531,
        "rmse": 4.360492827005843,
        "R": [
          [
            0.9994854194660694,
            -0.02789969563330921,
            0.01582729472472826
          ],
          [
            0.027959954072654693,
            0.9996025658686889,
            -0.003598788266638727
          ],
          [
            -0.015720599320310398,
            0.0040394668338487386,
            0.9998682640551747
          ]
        ],
        "t": [
          1.6106908232911792,
          -1.575652514849505,
          0.9955572029467188
        ],
        "s": 1.0
      },
      "rpe": {
        "1": {
          "count": 530.0,
          "rmse": 0.6319499375878789,
          "mean": 0.20605099659983472,
          "pstd": 0.5974141866557396,
          "mean_dt": 1.0
        },
        "10": {
          "count": 521.0,
          "rmse": 1.163593840364872,
          "mean": 0.9970240104833755,
          "pstd": 0.5999114500113466,
          "mean_dt": 10.0
        },
        "50": {
          "count": 481.0,
          "rmse": 3.9524320969846585,
          "mean": 3.5808599367334906,
          "pstd": 1.6730695128330977,
          "mean_dt": 50.0
        }
      }
    }
  },
  "input_end_team_ts": 1770252443.354636,
  "input_end_method": "input_end_event",