{
  "stats": {
    "topics": {
      "/c_slam/factor_batch/d": {
        "attempts": 171,
        "drops": 0,
        "published": 171,
        "delivered": 171,
        "delivery_rate": 1.0,
        "bytes_attempted": 2024082,
        "bytes_published": 2024082,
        "bytes_delivered": null,
        "drop_reasons": {},
        "delivery_method": "ack",
        "ack_latency_s": {
          "count": 171,
          "min": 0.007174086000304669,
          "max": 9.15165893296944,
          "mean": 2.8617133746963206,
          "median": 1.6415105179767124,
          "p90": 6.792089638009202,
          "p95": 7.060258829471422,
          "stdev": 2.8374624807020017
        }
      },
      "/c_slam/factor_batch/b": {
        "attempts": 36,
        "drops": 0,
        "published": 36,
        "delivered": 36,
        "delivery_rate": 1.0,
        "bytes_attempted": 420752,
        "bytes_published": 420752,
        "bytes_delivered": null,
        "drop_reasons": {},
        "delivery_method": "ack",
        "ack_latency_s": {
          "count": 36,
          "min": 0.008379816019441932,
          "max": 9.270198280981276,
          "mean": 0.8834707811086749,
          "median": 0.29398162799770944,
          "p90": 1.4174863284861203,
          "p95": 3.7168336104950868,
          "stdev": 1.9546949984337567
        }
      },
      "/c_slam/factor_batch/c": {
        "attempts": 126,
        "drops": 0,
        "published": 126,
        "delivered": 126,
        "delivery_rate": 1.0,
        "bytes_attempted": 1489192,
        "bytes_published": 1489192,
        "bytes_delivered": null,
        "drop_reasons": {},
        "delivery_method": "ack",
        "ack_latency_s": {
          "count": 126,
          "min": 0.006607513991184533,
          "max": 9.148333013989031,
          "mean": 2.0684001156016225,
          "median": 0.6665542494738474,
          "p90": 5.477837645012187,
          "p95": 7.461586518256809,
          "stdev": 2.5012281738329483
        }
      },
      "/c_slam/factor_batch/a": {
        "attempts": 243,
        "drops": 0,
        "published": 243,
        "delivered": 243,
        "delivery_rate": 1.0,
        "bytes_attempted": 2877849,
        "bytes_published": 2877849,
        "bytes_delivered": null,
        "drop_reasons": {},
        "delivery_method": "ack",
        "ack_latency_s": {
          "count": 243,
          "min": 0.005700538982637227,
          "max": 9.289275955001358,
          "mean": 5.151599248443153,
          "median": 6.126029753999319,
          "p90": 8.694147678813897,
          "p95": 8.94607517067343,
          "stdev": 3.240436217609355
        }
      },
      "/c_slam/factor_batch/e": {
        "attempts": 88,
        "drops": 0,
        "published": 88,
        "delivered": 88,
        "delivery_rate": 1.0,
        "bytes_attempted": 1036266,
        "bytes_published": 1036266,
        "bytes_delivered": null,
        "drop_reasons": {},
        "delivery_method": "ack",
        "ack_latency_s": {
          "count": 88,
          "min": 0.005348032980691642,
          "max": 9.495061831024941,
          "mean": 1.602206714398397,
          "median": 0.9834271544823423,
          "p90": 4.206785707204835,
          "p95": 4.658969657262786,
          "stdev": 1.7746037364581657
        }
      }
    },
    "generated_by": {
      "component": "ros2_factor_publisher",
      "pid": 523920
    }
  }
}