{
  "ate": {
    "d": {
      "matches": 1062,
      "rmse": 2.3926967325910544,
      "R": [
        [
          0.9999508934020749,
          0.009907409999114039,
          -0.00023240375165201662
        ],
        [
          -0.009909088197871068,
          0.9999111705975318,
          -0.008914083540257689
        ],
        [
          0.00014406762696593262,
          0.008915948709214118,
          0.9999602417612077
        ]
      ],
      "t": [
        -0.5208513004534439,
        1.3361687552160149,
        -0.0857979409057048
      ],
      "s": 1.0
    },
    "e": {
      "matches": 529,
      "rmse": 2.5307248289992796,
      "R": [
        [
          0.9999938001515459,
          0.0034662825740948483,
          -0.0006201157846746899
        ],
        [
          -0.0034668227931926683,
          0.9999936101699571,
          -0.0008722149825958966
        ],
        [
          0.0006170884786451817,
          0.0008743594065318966,
          0.9999994273485547
        ]
      ],
      "t": [
        0.6109621255941704,
        0.5435450033871199,
        -0.061156379934441674
      ],
      "s": 1.0
    },
    "b": {
      "matches": 265,
      "rmse": 1.3529570384427476,
      "R": [
        [
          0.9999582041965186,
          0.009052345033925945,
          -0.0012825402374617226
        ],
        [
          -0.009054175428306428,
          0.9999579895960277,
          -0.0014286183480716544
        ],
        [
          0.0012695540112196962,
          0.0014401709821237722,
          0.9999981570683796
        ]
      ],
      "t": [
        -0.8338128511062877,
        1.4669386290849573,
        -0.12244945344986924
      ],
      "s": 1.0
    },
    "c": {
      "matches": 624,
      "rmse": 1.6056237295465965,
      "R": [
        [
          0.9999831217680227,
          0.005307237738235778,
          -0.0023641926042669353
        ],
        [
          -0.005320014355650425,
          0.9999710997932946,
          -0.005431116408701045
        ],
        [
          0.0023353000526469886,
          0.005443602279652605,
          0.9999824566300577
        ]
      ],
      "t": [
        -0.691767907670851,
        1.1150490398911046,
        -0.638590997553683
      ],
      "s": 1.0
    },
    "a": {
      "matches": 1357,
      "rmse": 2.0701958324460072,
      "R": [
        [
          0.9999478633978012,
          0.009145054703149781,
          0.004542957258074246
        ],
        [
          -0.009115546501209482,
          0.999937494073959,
          -0.006474160723628115
        ],
        [
          -0.004601879850298434,
          0.006432411644746915,
          0.9999687229020093
        ]
      ],
      "t": [
        -0.4407769908588932,
        1.4052044803667272,
        0.09641072762703207
      ],
      "s": 1.0
    }
  },
  "rpe": {
    "d": {
      "1": {
        "count": 1061.0,
        "rmse": 0.7132808647758356,
        "mean": 0.22817883684374285,
        "pstd": 0.6757987943700402,
        "mean_dt": 1.0
      },
      "10": {
        "count": 1052.0,
        "rmse": 1.108751080621109,
        "mean": 0.7723025837750527,
        "pstd": 0.7955360946386114,
        "mean_dt": 10.0
      },
      "50": {
        "count": 1012.0,
        "rmse": 2.4841029814337583,
        "mean": 2.0966689106762635,
        "pstd": 1.3321963449025451,
        "mean_dt": 50.0
      }
    },
    "e": {
      "1": {
        "count": 528.0,
        "rmse": 0.49491226865383364,
        "mean": 0.15445879798782788,
        "pstd": 0.47019212391132187,
        "mean_dt": 1.0
      },
      "10": {
        "count": 519.0,
        "rmse": 0.8282497818689617,
        "mean": 0.6250808687085783,
        "pstd": 0.5433890031464677,
        "mean_dt": 10.0
      },
      "50": {
        "count": 479.0,
        "rmse": 2.381609319387099,
        "mean": 2.0881627870046056,
        "pstd": 1.1452681455277811,
        "mean_dt": 50.0
      }
    },
    "b": {
      "1": {
        "count": 264.0,
        "rmse": 0.4055208324724223,
        "mean": 0.1554904078917328,
        "pstd": 0.37452620552210897,
        "mean_dt": 1.0
      },
      "10": {
        "count": 255.0,
        "rmse": 0.744620369989517,
        "mean": 0.621900812298779,
        "pstd": 0.4095105310800247,
        "mean_dt": 10.0
      },
      "50": {
        "count": 215.0,
        "rmse": 2.2384074732656485,
        "mean": 2.104207791618662,
        "pstd": 0.7633987071398647,
        "mean_dt": 50.0
      }
    },
    "c": {
      "1": {
        "count": 623.0,
        "rmse": 0.21324602955067243,
        "mean": 0.10618419477039345,
        "pstd": 0.1849291375097215,
        "mean_dt": 1.0
      },
      "10": {
        "count": 614.0,
        "rmse": 0.6003935270289429,
        "mean": 0.523446979783413,
        "pstd": 0.29406741855206764,
        "mean_dt": 10.0
      },
      "50": {
        "count": 574.0,
        "rmse": 1.9163920701063637,
        "mean": 1.74119007259215,
        "pstd": 0.800509648582139,
        "mean_dt": 50.0
      }
    },
    "a": {
      "1": {
        "count": 1356.0,
        "rmse": 0.12014557572864303,
        "mean": 0.08534900524005552,
        "pstd": 0.08456066858593342,
        "mean_dt": 1.0
      },
      "10": {
        "count": 1347.0,
        "rmse": 0.6194575908183109,
        "mean": 0.5504163707739813,
        "pstd": 0.284199798744519,
        "mean_dt": 10.0
      },
      "50": {
        "count": 1307.0,
        "rmse": 2.217044643637142,
        "mean": 1.9404398666336748,
        "pstd": 1.072371239757404,
        "mean_dt": 50.0
      }
    }
  }
}