{
  "ate": {
    "matches": 265,
    "rmse": 1.5798922892532026,
    "R": [
      [
        0.9994763656495477,
        0.03234443842970306,
        -0.0009120365338624982
      ],
      [
        -0.03235032961157928,
        0.9994489999500503,
        -0.0074264845563879675
      ],
      [
        0.0006713285292035487,
        0.007452100476459379,
        0.9999720073664539
      ]
    ],
    "t": [
      -2.6586545262046712,
      4.342066363805245,
      -0.8238261271334553
    ],
    "s": 1.0
  },
  "rpe": {
    "1": {
      "count": 264.0,
      "rmse": 0.43868811109255584,
      "mean": 0.1810141291138532,
      "pstd": 0.3996012310730635,
      "mean_dt": 1.0
    },
    "10": {
      "count": 255.0,
      "rmse": 0.9723242617331013,
      "mean": 0.8613770602187832,
      "pstd": 0.4510477026697595,
      "mean_dt": 10.0
    },
    "50": {
      "count": 215.0,
      "rmse": 2.7589116615076605,
      "mean": 2.6441328218813687,
      "pstd": 0.7874993182553437,
      "mean_dt": 50.0
    }
  }
}