{
  "loop_closure_correction": {
    "count": 0
  },
  "interface_correction": {
    "count": 0
  },
  "loop_closure_correction_stabilised": {
    "count": 0
  },
  "loop_closure_correction_stabilised_params": {
    "epsilon": 0.001,
    "required": 3
  },
  "interface_correction_stabilised": {
    "count": 21183,
    "min": 0.0937352180480957,
    "max": 19.041303634643555,
    "mean": 2.0006685578518635,
    "median": 0.9210565090179443,
    "p90": 2.8425926208496084,
    "p95": 12.102608895301818,
    "p99": 18.855763764381408,
    "stdev": 3.75956025532891
  },
  "interface_correction_stabilised_params": {
    "epsilon": 0.001,
    "required": 3
  },
  "time_to_global_convergence_s": 0.10424041748046875,
  "time_to_global_convergence_method": "delta_threshold",
  "timeline_start_ts": 1770256547.7258787,
  "timeline_end_ts": 1770256547.8301191,
  "optimization_duration_s": {
    "count": 505,
    "min": 0.0005450969911180437,
    "max": 0.09049095498630777,
    "mean": 0.005795827571367199,
    "median": 0.0020862799719907343,
    "p90": 0.015567556989844907,
    "p95": 0.02660373438848173,
    "p99": 0.03831483705667776,
    "stdev": 0.009363190842774684
  },
  "communication_uplink_messages": 36923,
  "communication_uplink_bytes": 50024063,
  "communication_downlink_messages": 0,
  "communication_downlink_bytes": 0,
  "communication_uplink_bytes_per_s": 479891238.0543073,
  "communication_downlink_bytes_per_s": 0.0,
  "delivery_topics": {
    "/c_slam/factor_batch/d": {
      "attempts": 176.0,
      "drops": 0.0,
      "delivered": 176.0,
      "delivery_rate": 1.0
    },
    "/c_slam/factor_batch/b": {
      "attempts": 50.0,
      "drops": 0.0,
      "delivered": 50.0,
      "delivery_rate": 1.0
    },
    "/c_slam/factor_batch/c": {
      "attempts": 95.0,
      "drops": 0.0,
      "delivered": 95.0,
      "delivery_rate": 1.0
    },
    "/c_slam/factor_batch/a": {
      "attempts": 233.0,
      "drops": 0.0,
      "delivered": 233.0,
      "delivery_rate": 1.0
    },
    "/c_slam/factor_batch/e": {
      "attempts": 83.0,
      "drops": 0.0,
      "delivered": 83.0,
      "delivery_rate": 1.0
    },
    "/c_slam/iface/run_4b4e2997/a": {
      "attempts": 2020.0,
      "drops": 0.0,
      "delivered": 2012.0,
      "delivery_rate": 0.996039603960396
    },
    "/c_slam/iface/run_4b4e2997/d": {
      "attempts": 10201.0,
      "drops": 0.0,
      "delivered": 5833.0,
      "delivery_rate": 0.571806685619057
    },
    "/c_slam/iface/run_4b4e2997/e": {
      "attempts": 17473.0,
      "drops": 0.0,
      "delivered": 4113.0,
      "delivery_rate": 0.23539174726721226
    },
    "/c_slam/iface/run_4b4e2997/c": {
      "attempts": 3434.0,
      "drops": 0.0,
      "delivered": 1653.0,
      "delivery_rate": 0.4813628421665696
    },
    "/c_slam/iface/run_4b4e2997/b": {
      "attempts": 14443.0,
      "drops": 0.0,
      "delivered": 2671.0,
      "delivery_rate": 0.18493387800318492
    }
  },
  "delivery_rate": {
    "count": 10,
    "min": 0.18493387800318492,
    "max": 1.0,
    "mean": 0.746953475701642,
    "median": 0.998019801980198,
    "p90": 1.0,
    "p95": 1.0,
    "p99": 1.0,
    "stdev": 0.3257273137890166
  },
  "estimation_metrics": {
    "a": {
      "ate": {
        "matches": 1357,
        "rmse": 2.3161812426864956,
        "R": [
          [
            0.9992618722472656,
            0.03839577009675372,
            -0.0012147063699148313
          ],
          [
            -0.03839359490892632,
            0.9992611335267217,
            0.0017660387480963116
          ],
          [
            0.0012816172818570786,
            -0.0017180982415841359,
            0.9999977027951488
          ]
        ],
        "t": [
          -1.9336898631114963,
          5.935262575446998,
          -0.6687457766522469
        ],
        "s": 1.0
      },
      "rpe": {
        "1": {
          "count": 1356.0,
          "rmse": 0.11002843205651171,
          "mean": 0.09145715737571135,
          "pstd": 0.06117061570369207,
          "mean_dt": 1.0
        },
        "10": {
          "count": 1347.0,
          "rmse": 0.6967565886857744,
          "mean": 0.6284650638886098,
          "pstd": 0.3008345182131254,
          "mean_dt": 10.0
        },
        "50": {
          "count": 1307.0,
          "rmse": 2.511675963188663,
          "mean": 2.1951668787064293,
          "pstd": 1.220556642966629,
          "mean_dt": 50.0
        }
      }
    },
    "b": {
      "ate": {
        "matches": 265,
        "rmse": 1.5874507275055456,
        "R": [
          [
            0.9990284404919846,
            0.043934853004369334,
            0.0034501854496778667
          ],
          [
            -0.04393070617093307,
            0.9990337749605871,
            -0.0012686777851307132
          ],
          [
            -0.003502590966105393,
            0.0011158761059409522,
            0.9999932433156935
          ]
        ],
        "t": [
          -2.7322076959637087,
          6.597200655791028,
          0.10678808514229665
        ],
        "s": 1.0
      },
      "rpe": {
        "1": {
          "count": 264.0,
          "rmse": 0.45086658786502054,
          "mean": 0.1832031470915787,
          "pstd": 0.4119675799729725,
          "mean_dt": 1.0
        },
        "10": {
          "count": 255.0,
          "rmse": 1.027742588638765,
          "mean": 0.8835436317092898,
          "pstd": 0.5249814085925983,
          "mean_dt": 10.0
        },
        "50": {
          "count": 215.0,
          "rmse": 2.8634350581488035,
          "mean": 2.7240138760582835,
          "pstd": 0.8826147150810324,
          "mean_dt": 50.0
        }
      }
    },
    "c": {
      "ate": {
        "matches": 624,
        "rmse": 2.653677718484924,
        "R": [
          [
            0.9999452967249179,
            0.006480283705909791,
            -0.008210327691780263
          ],
          [
            -0.0065215720531776895,
            0.9999661735149354,
            -0.005012077797944506
          ],
          [
            0.008177570279166445,
            0.005065347864496118,
            0.9999537337273865
          ]
        ],
        "t": [
          -0.7508418517116979,
          2.184990479887162,
          -2.0518005983238705
        ],
        "s": 1.0
      },
      "rpe": {
        "1": {
          "count": 623.0,
          "rmse": 0.24256990999927838,
          "mean": 0.12032113446248571,
          "pstd": 0.21062522602651002,
          "mean_dt": 1.0
        },
        "10": {
          "count": 614.0,
          "rmse": 0.8818119948313425,
          "mean": 0.7238401438750626,
          "pstd": 0.5036346298095081,
          "mean_dt": 10.0
        },
        "50": {
          "count": 574.0,
          "rmse": 2.882923885922073,
          "mean": 2.472315128107021,
          "pstd": 1.4828715518726487,
          "mean_dt": 50.0
        }
      }
    },
    "d": {
      "ate": {
        "matches": 1062,
        "rmse": 2.6063855280713453,
        "R": [
          [
            0.9992848695962329,
            0.03754199746166596,
            0.004510856085942878
          ],
          [
            -0.03754712155956662,
            0.9992942995660297,
            0.0010566538832341224
          ],
          [
            -0.004468003875443221,
            -0.0012252678997125566,
            0.9999892677723811
          ]
        ],
        "t": [
          -2.289694522685579,
          5.820350746221763,
          0.08455358712082095
        ],
        "s": 1.0
      },
      "rpe": {
        "1": {
          "count": 1061.0,
          "rmse": 0.5948065433140349,
          "mean": 0.18755636040284543,
          "pstd": 0.5644620763537871,
          "mean_dt": 1.0
        },
        "10": {
          "count": 1052.0,
          "rmse": 0.9031936169626356,
          "mean": 0.6916927733336609,
          "pstd": 0.5807924044269489,
          "mean_dt": 10.0
        },
        "50": {
          "count": 1012.0,