{
  "a": {
    "ate": {
      "matches": 1357,
      "rmse": 2.3161812426864956,
      "R": [
        [
          0.9992618722472656,
          0.03839577009675372,
          -0.0012147063699148313
        ],
        [
          -0.03839359490892632,
          0.9992611335267217,
          0.0017660387480963116
        ],
        [
          0.0012816172818570786,
          -0.0017180982415841359,
          0.9999977027951488
        ]
      ],
      "t": [
        -1.9336898631114963,
        5.935262575446998,
        -0.6687457766522469
      ],
      "s": 1.0
    },
    "rpe": {
      "1": {
        "count": 1356.0,
        "rmse": 0.11002843205651171,
        "mean": 0.09145715737571135,
        "pstd": 0.06117061570369207,
        "mean_dt": 1.0
      },
      "10": {
        "count": 1347.0,
        "rmse": 0.6967565886857744,
        "mean": 0.6284650638886098,
        "pstd": 0.3008345182131254,
        "mean_dt": 10.0
      },
      "50": {
        "count": 1307.0,
        "rmse": 2.511675963188663,
        "mean": 2.1951668787064293,
        "pstd": 1.220556642966629,
        "mean_dt": 50.0
      }
    }
  },
  "b": {
    "ate": {
      "matches": 265,
      "rmse": 1.5874507275055456,
      "R": [
        [
          0.9990284404919846,
          0.043934853004369334,
          0.0034501854496778667
        ],
        [
          -0.04393070617093307,
          0.9990337749605871,
          -0.0012686777851307132
        ],
        [
          -0.003502590966105393,
          0.0011158761059409522,
          0.9999932433156935
        ]
      ],
      "t": [
        -2.7322076959637087,
        6.597200655791028,
        0.10678808514229665
      ],
      "s": 1.0
    },
    "rpe": {
      "1": {
        "count": 264.0,
        "rmse": 0.45086658786502054,
        "mean": 0.1832031470915787,
        "pstd": 0.4119675799729725,
        "mean_dt": 1.0
      },
      "10": {
        "count": 255.0,
        "rmse": 1.027742588638765,
        "mean": 0.8835436317092898,
        "pstd": 0.5249814085925983,
        "mean_dt": 10.0
      },
      "50": {
        "count": 215.0,
        "rmse": 2.8634350581488035,
        "mean": 2.7240138760582835,
        "pstd": 0.8826147150810324,
        "mean_dt": 50.0
      }
    }
  },
  "c": {
    "ate": {
      "matches": 624,
      "rmse": 2.653677718484924,
      "R": [
        [
          0.9999452967249179,
          0.006480283705909791,
          -0.008210327691780263
        ],
        [
          -0.0065215720531776895,
          0.9999661735149354,
          -0.005012077797944506
        ],
        [
          0.008177570279166445,
          0.005065347864496118,
          0.9999537337273865
        ]
      ],
      "t": [
        -0.7508418517116979,
        2.184990479887162,
        -2.0518005983238705
      ],
      "s": 1.0
    },
    "rpe": {
      "1": {
        "count": 623.0,
        "rmse": 0.24256990999927838,
        "mean": 0.12032113446248571,
        "pstd": 0.21062522602651002,
        "mean_dt": 1.0
      },
      "10": {
        "count": 614.0,
        "rmse": 0.8818119948313425,
        "mean": 0.7238401438750626,
        "pstd": 0.5036346298095081,
        "mean_dt": 10.0
      },
      "50": {
        "count": 574.0,
        "rmse": 2.882923885922073,
        "mean": 2.472315128107021,
        "pstd": 1.4828715518726487,
        "mean_dt": 50.0
      }
    }
  },
  "d": {
    "ate": {
      "matches": 1062,
      "rmse": 2.6063855280713453,
      "R": [
        [
          0.9992848695962329,
          0.03754199746166596,
          0.004510856085942878
        ],
        [
          -0.03754712155956662,
          0.9992942995660297,
          0.0010566538832341224
        ],
        [
          -0.004468003875443221,
          -0.0012252678997125566,
          0.9999892677723811
        ]
      ],
      "t": [
        -2.289694522685579,
        5.820350746221763,
        0.08455358712082095
      ],
      "s": 1.0
    },
    "rpe": {
      "1": {
        "count": 1061.0,
        "rmse": 0.5948065433140349,
        "mean": 0.18755636040284543,
        "pstd": 0.5644620763537871,
        "mean_dt": 1.0
      },
      "10": {
        "count": 1052.0,
        "rmse": 0.9031936169626356,
        "mean": 0.6916927733336609,
        "pstd": 0.5807924044269489,
        "mean_dt": 10.0
      },
      "50": {
        "count": 1012.0,
        "rmse": 2.331217280772661,
        "mean": 2.0548933487473104,
        "pstd": 1.100902963683517,
        "mean_dt": 50.0
      }
    }
  },
  "e": {
    "ate": {
      "matches": 528,
      "rmse": 5.508511752141242,
      "R": [
        [
          0.9985056336449107,
          -0.05393578926385371,
          0.00879944406542817
        ],
        [
          0.0538926115202887,
          0.9985338532407008,
          0.005072509812855442
        ],
        [
          -0.009060132609333006,
          -0.004590704604242633,
          0.9999484183838375
        ]
      ],
      "t": [
        2.102602598261086,
        -3.6109944577859245,
        0.827374857397885
      ],
      "s": 1.0
    },
    "rpe": {
      "1": {
        "count": 527.0,
        "rmse": 0.8124001611300317,
        "mean": 0.2287245670482723,
        "pstd": 0.7795377439436023,
        "mean_dt": 1.0
      },
      "10": {
        "count": 518.0,
        "rmse": 1.415338747721236,
        "mean": 1.1411050357194952,
        "pstd": 0.8372950903096991,
        "mean_dt": 10.0
      },
      "50": {
        "count": 478.0,
        "rmse": 4.615441099131426,
        "mean": 4.066147389927989,
        "pstd": 2.1837449354110285,
        "mean_dt": 50.0
      }
    }
  }
}