{
  "ate": {
    "matches": 624,
    "rmse": 2.653677718484924,
    "R": [
      [
        0.9999452967249179,
        0.006480283705909791,
        -0.008210327691780263
      ],
      [
        -0.0065215720531776895,
        0.9999661735149354,
        -0.005012077797944506
      ],
      [
        0.008177570279166445,
        0.005065347864496118,
        0.9999537337273865
      ]
    ],
    "t": [
      -0.7508418517116979,
      2.184990479887162,
      -2.0518005983238705
    ],
    "s": 1.0
  },
  "rpe": {
    "1": {
      "count": 623.0,
      "rmse": 0.24256990999927838,
      "mean": 0.12032113446248571,
      "pstd": 0.21062522602651002,
      "mean_dt": 1.0
    },
    "10": {
      "count": 614.0,
      "rmse": 0.8818119948313425,
      "mean": 0.7238401438750626,
      "pstd": 0.5036346298095081,
      "mean_dt": 10.0
    },
    "50": {
      "count": 574.0,
      "rmse": 2.882923885922073,
      "mean": 2.472315128107021,
      "pstd": 1.4828715518726487,
      "mean_dt": 50.0
    }
  }
}