{
  "stats": {
    "topics": {
      "/c_slam/factor_batch/d": {
        "attempts": 176,
        "drops": 0,
        "published": 176,
        "delivered": 176,
        "delivery_rate": 1.0,
        "bytes_attempted": 2081738,
        "bytes_published": 2081738,
        "bytes_delivered": null,
        "drop_reasons": {},
        "delivery_method": "ack",
        "ack_latency_s": {
          "count": 176,
          "min": 0.0025202970136888325,
          "max": 0.05144544702488929,
          "mean": 0.007262603697943798,
          "median": 0.006653608521446586,
          "p90": 0.007095450506312773,
          "p95": 0.012430682239937596,
          "stdev": 0.0042725387074576595
        }
      },
      "/c_slam/factor_batch/b": {
        "attempts": 50,
        "drops": 0,
        "published": 50,
        "delivered": 50,
        "delivery_rate": 1.0,
        "bytes_attempted": 583587,
        "bytes_published": 583587,
        "bytes_delivered": null,
        "drop_reasons": {},
        "delivery_method": "ack",
        "ack_latency_s": {
          "count": 50,
          "min": 0.0029370830161496997,
          "max": 0.05102735001128167,
          "mean": 0.007280042960774153,
          "median": 0.006594301492441446,
          "p90": 0.006847210408886895,
          "p95": 0.0069036689936183395,
          "stdev": 0.006296439398289297
        }
      },
      "/c_slam/factor_batch/c": {
        "attempts": 95,
        "drops": 0,
        "published": 95,
        "delivered": 95,
        "delivery_rate": 1.0,
        "bytes_attempted": 1118222,
        "bytes_published": 1118222,
        "bytes_delivered": null,
        "drop_reasons": {},
        "delivery_method": "ack",
        "ack_latency_s": {
          "count": 95,
          "min": 0.003880460048094392,
          "max": 0.051481474947649986,
          "mean": 0.007013833375132986,
          "median": 0.006640008010435849,
          "p90": 0.006877727806568146,
          "p95": 0.006927987531526014,
          "stdev": 0.004611762509077826
        }
      },
      "/c_slam/factor_batch/a": {
        "attempts": 233,
        "drops": 0,
        "published": 233,
        "delivered": 233,
        "delivery_rate": 1.0,
        "bytes_attempted": 2756198,
        "bytes_published": 2756198,
        "bytes_delivered": null,
        "drop_reasons": {},
        "delivery_method": "ack",
        "ack_latency_s": {
          "count": 233,
          "min": 0.003906799014657736,
          "max": 0.05391903599957004,
          "mean": 0.008364435201890511,
          "median": 0.006749894993845373,
          "p90": 0.011910549190361053,
          "p95": 0.02115036998875435,
          "stdev": 0.005482113918617726
        }
      },
      "/c_slam/factor_batch/e": {
        "attempts": 83,
        "drops": 0,
        "published": 83,
        "delivered": 83,
        "delivery_rate": 1.0,
        "bytes_attempted": 981502,
        "bytes_published": 981502,
        "bytes_delivered": null,
        "drop_reasons": {},
        "delivery_method": "ack",
        "ack_latency_s": {
          "count": 83,
          "min": 0.0033604810014367104,
          "max": 0.05136228003539145,
          "mean": 0.007027454675646521,
          "median": 0.00660656503168866,
          "p90": 0.006826607417315244,
          "p95": 0.0068630739115178585,
          "stdev": 0.004932027406355829
        }
      }
    },
    "generated_by": {
      "component": "ros2_factor_publisher",
      "pid": 505380
    }
  }
}