{
  "a": {
    "ate": {
      "matches": 1341,
      "rmse": 2.1238582285744707,
      "R": [
        [
          0.9999110555930938,
          0.013142301819618174,
          -0.0022717406514955606
        ],
        [
          -0.013139575917155593,
          0.9999129390763016,
          0.0012107074422294875
        ],
        [
          0.0022874543542770803,
          -0.001180750047819673,
          0.9999966866854619
        ]
      ],
      "t": [
        -0.7856914777215565,
        3.3842980544556767,
        -0.8890310957378365
      ],
      "s": 1.0
    },
    "rpe": {
      "1": {
        "count": 1340.0,
        "rmse": 0.15229929258049205,
        "mean": 0.0911293032002271,
        "pstd": 0.12202673731096564,
        "mean_dt": 1.0
      },
      "10": {
        "count": 1331.0,
        "rmse": 0.682608257637333,
        "mean": 0.5862864038742794,
        "pstd": 0.3496030406430146,
        "mean_dt": 10.0
      },
      "50": {
        "count": 1291.0,
        "rmse": 2.2580885385710494,
        "mean": 2.023156082732177,
        "pstd": 1.0028974588310278,
        "mean_dt": 50.0
      }
    }
  },
  "b": {
    "ate": {
      "matches": 620,
      "rmse": 2.671519477087163,
      "R": [
        [
          0.999982090201735,
          0.005820745905160596,
          0.0013921899570140854
        ],
        [
          -0.005822541207325514,
          0.999982218095085,
          0.0012889947721881692
        ],
        [
          -0.0013846622901826661,
          -0.0012970777699450112,
          0.999998200148181
        ]
      ],
      "t": [
        -1.8755084327481626,
        1.3835358090595804,
        -0.12870883881336814
      ],
      "s": 1.0
    },
    "rpe": {
      "1": {
        "count": 619.0,
        "rmse": 0.4462645354823865,
        "mean": 0.15429989111034847,
        "pstd": 0.4187404676319746,
        "mean_dt": 1.0
      },
      "10": {
        "count": 610.0,
        "rmse": 1.025128010495051,
        "mean": 0.8034746970006694,
        "pstd": 0.6366442092575917,
        "mean_dt": 10.0
      },
      "50": {
        "count": 570.0,
        "rmse": 3.0082453970307683,
        "mean": 2.531603056581337,
        "pstd": 1.6249696405363516,
        "mean_dt": 50.0
      }
    }
  },
  "c": {
    "ate": {
      "matches": 1064,
      "rmse": 3.2751380754370634,
      "R": [
        [
          0.9997889473692053,
          0.01936585046969087,
          0.006857445148260234
        ],
        [
          -0.019371089758807906,
          0.9998121188887111,
          0.0006984302559021466
        ],
        [
          -0.006842631067945849,
          -0.000831119035842251,
          0.9999762435384235
        ]
      ],
      "t": [
        -0.43685959899772797,
        3.274033732029366,
        0.28064183693315226
      ],
      "s": 1.0
    },
    "rpe": {
      "1": {
        "count": 1063.0,
        "rmse": 0.9847456300977069,
        "mean": 0.20829596214401627,
        "pstd": 0.9624638944661918,
        "mean_dt": 1.0
      },
      "10": {
        "count": 1054.0,
        "rmse": 2.8470447189650465,
        "mean": 0.9898382944652855,
        "pstd": 2.669435105522668,
        "mean_dt": 10.0
      },
      "50": {
        "count": 1014.0,
        "rmse": 3.777819873884777,
        "mean": 2.329882991602924,
        "pstd": 2.9738137542486065,
        "mean_dt": 50.0
      }
    }
  },
  "d": {
    "ate": {
      "matches": 529,
      "rmse": 4.887230111931965,
      "R": [
        [
          0.9989979424906182,
          -0.04456847618069849,
          0.004094121449173778
        ],
        [
          0.04453644621960492,
          0.9989787967371236,
          0.007607143207257763
        ],
        [
          -0.004428979299827114,
          -0.007417182792544354,
          0.9999626840746526
        ]
      ],
      "t": [
        1.4002988275711346,
        -2.7895252000637356,
        0.20226637705941908
      ],
      "s": 1.0
    },
    "rpe": {
      "1": {
        "count": 528.0,
        "rmse": 0.7176141724745412,
        "mean": 0.21559855209994486,
        "pstd": 0.6844613684268295,
        "mean_dt": 1.0
      },
      "10": {
        "count": 519.0,
        "rmse": 1.4182575239651272,
        "mean": 1.1050353253023226,
        "pstd": 0.8890170606448916,
        "mean_dt": 10.0
      },
      "50": {
        "count": 479.0,
        "rmse": 4.539825617574905,
        "mean": 3.8889036140241333,
        "pstd": 2.3423162294659106,
        "mean_dt": 50.0
      }
    }
  }
}