{
  "ate": {
    "d": {
      "matches": 1062,
      "rmse": 2.338574179415841,
      "R": [
        [
          0.9999458052181277,
          0.010310315841900888,
          -0.001443611412242284
        ],
        [
          -0.010323619587558702,
          0.9999012655733,
          -0.00953320426317146
        ],
        [
          0.001345178531158455,
          0.009547590908298112,
          0.9999535159208988
        ]
      ],
      "t": [
        -0.6529993580987963,
        1.4238937874441717,
        -0.2896211075345354
      ],
      "s": 1.0
    },
    "e": {
      "matches": 529,
      "rmse": 2.468046813936704,
      "R": [
        [
          0.999991217214127,
          0.00387640199312903,
          -0.0015934246757943818
        ],
        [
          -0.0038791865026241838,
          0.9999909479188621,
          -0.0017481397011658469
        ],
        [
          0.0015866337597630733,
          0.0017543055391244858,
          0.9999972024987809
        ]
      ],
      "t": [
        0.5114881607480299,
        0.6298003893603372,
        -0.22750608183678978
      ],
      "s": 1.0
    },
    "b": {
      "matches": 265,
      "rmse": 1.321705572316072,
      "R": [
        [
          0.9999594981657516,
          0.008441159523621941,
          -0.0031223154862204203
        ],
        [
          -0.008444841514767999,
          0.9999636596096494,
          -0.001167951997061184
        ],
        [
          0.0031123431509337447,
          0.0011942721523032357,
          0.9999944435016309
        ]
      ],
      "t": [
        -0.8459591189620568,
        1.4066345266931517,
        -0.3222829428336711
      ],
      "s": 1.0
    },
    "c": {
      "matches": 624,
      "rmse": 1.6201567274319684,
      "R": [
        [
          0.9999807112262554,
          0.005072592090667298,
          -0.0035841295894873293
        ],
        [
          -0.005096882405343906,
          0.9999638843210649,
          -0.006800870773228475
        ],
        [
          0.00354950210291989,
          0.006819007479814017,
          0.9999704506493237
        ]
      ],
      "t": [
        -0.5804336327250326,
        1.0835408229980033,
        -0.8022794832810418
      ],
      "s": 1.0
    },
    "a": {
      "matches": 1357,
      "rmse": 2.087461414007142,
      "R": [
        [
          0.9999510928611561,
          0.009022839073769225,
          0.004049723549546836
        ],
        [
          -0.008990582635551797,
          0.9999282676137949,
          -0.007913851827526505
        ],
        [
          -0.0041208384647065865,
          0.007877055409453,
          0.9999604845634774
        ]
      ],
      "t": [
        -0.4691277262290896,
        1.3836771984819691,
        -0.06208267346048135
      ],
      "s": 1.0
    }
  },
  "rpe": {
    "d": {
      "1": {
        "count": 1061.0,
        "rmse": 0.6834512134943672,
        "mean": 0.22213767792284894,
        "pstd": 0.6463438815939759,
        "mean_dt": 1.0
      },
      "10": {
        "count": 1052.0,
        "rmse": 1.066756517548698,
        "mean": 0.7512999071179893,
        "pstd": 0.7573096574698654,
        "mean_dt": 10.0
      },
      "50": {
        "count": 1012.0,
        "rmse": 2.3975860670492364,
        "mean": 2.0406345573336377,
        "pstd": 1.2586618101477307,
        "mean_dt": 50.0
      }
    },
    "e": {
      "1": {
        "count": 528.0,
        "rmse": 0.5070895599849556,
        "mean": 0.15517756565417953,
        "pstd": 0.4827626176117813,
        "mean_dt": 1.0
      },
      "10": {
        "count": 519.0,
        "rmse": 0.8542753824244019,
        "mean": 0.64374751054308,
        "pstd": 0.5615830941952806,
        "mean_dt": 10.0
      },
      "50": {
        "count": 479.0,
        "rmse": 2.435196642204921,
        "mean": 2.1238594064059915,
        "pstd": 1.1913873878914951,
        "mean_dt": 50.0
      }
    },
    "b": {
      "1": {
        "count": 264.0,
        "rmse": 0.40006851609248323,
        "mean": 0.15433951211409003,
        "pstd": 0.3690990823191331,
        "mean_dt": 1.0
      },
      "10": {
        "count": 255.0,
        "rmse": 0.7315401387517696,
        "mean": 0.6105286830946275,
        "pstd": 0.402995907825003,
        "mean_dt": 10.0
      },
      "50": {
        "count": 215.0,
        "rmse": 2.191917691605213,
        "mean": 2.0617873211073046,
        "pstd": 0.7440001406539465,
        "mean_dt": 50.0
      }
    },
    "c": {
      "1": {
        "count": 623.0,
        "rmse": 0.21710663134698993,
        "mean": 0.10716788718806529,
        "pstd": 0.18881295858728545,
        "mean_dt": 1.0
      },
      "10": {
        "count": 614.0,
        "rmse": 0.59514717003201,
        "mean": 0.5186629375541661,
        "pstd": 0.2918713949752422,
        "mean_dt": 10.0
      },
      "50": {
        "count": 574.0,
        "rmse": 1.8338784055044348,
        "mean": 1.680597800158973,
        "pstd": 0.7339625605412772,
        "mean_dt": 50.0
      }
    },
    "a": {
      "1": {
        "count": 1356.0,
        "rmse": 0.1222555516125025,
        "mean": 0.086452590418499,
        "pstd": 0.08644286847397241,
        "mean_dt": 1.0
      },
      "10": {
        "count": 1347.0,
        "rmse": 0.6276173877457141,
        "mean": 0.5559505303185417,
        "pstd": 0.2912431857388024,
        "mean_dt": 10.0
      },
      "50": {
        "count": 1307.0,
        "rmse": 2.247900597264827,
        "mean": 1.9572849540728041,
        "pstd": 1.105483018297333,
        "mean_dt": 50.0
      }
    }
  }
}