{
  "ate": {
    "matches": 1357,
    "rmse": 2.3525484962234993,
    "R": [
      [
        0.9992178085126663,
        0.03937652875666741,
        -0.003641446720700458
      ],
      [
        -0.03937566984453313,
        0.999224430344018,
        0.0003072913374673053
      ],
      [
        0.0036507225913064755,
        -0.00016366657296826292,
        0.999993322696614
      ]
    ],
    "t": [
      -1.8369589974144134,
      6.029443490321199,
      -0.9949072974794291
    ],
    "s": 1.0
  },
  "rpe": {
    "1": {
      "count": 1356.0,
      "rmse": 0.11225687608570764,
      "mean": 0.09296101994442493,
      "pstd": 0.06292737877437873,
      "mean_dt": 1.0
    },
    "10": {
      "count": 1347.0,
      "rmse": 0.704616042412716,
      "mean": 0.6377884804840148,
      "pstd": 0.29951564464523417,
      "mean_dt": 10.0
    },
    "50": {
      "count": 1307.0,
      "rmse": 2.526361747181449,
      "mean": 2.2179044305655147,
      "pstd": 1.209712203170476,
      "mean_dt": 50.0
    }
  }
}