{
  "ate": {
    "matches": 265,
    "rmse": 1.6070132214452018,
    "R": [
      [
        0.9990655888802318,
        0.043219737271196684,
        -5.852865583937279e-05
      ],
      [
        -0.043219684324947,
        0.9990597298958999,
        -0.003422716345824403
      ],
      [
        -8.945527812630975e-05,
        0.0034220477116404073,
        0.9999941407764409
      ]
    ],
    "t": [
      -2.6241499882435875,
      6.563417260267944,
      -0.3641147406094536
    ],
    "s": 1.0
  },
  "rpe": {
    "1": {
      "count": 264.0,
      "rmse": 0.4556939383572712,
      "mean": 0.18000037112052283,
      "pstd": 0.41863687349782563,
      "mean_dt": 1.0
    },
    "10": {
      "count": 255.0,
      "rmse": 1.0318915799996369,
      "mean": 0.8801132588531929,
      "pstd": 0.5387029649676705,
      "mean_dt": 10.0
    },
    "50": {
      "count": 215.0,
      "rmse": 2.8886175073430125,
      "mean": 2.747420388880781,
      "pstd": 0.892071920021441,
      "mean_dt": 50.0
    }
  }
}