{
  "stats": {
    "topics": {
      "/c_slam/factor_batch/d": {
        "attempts": 176,
        "drops": 0,
        "published": 176,
        "delivered": 176,
        "delivery_rate": 1.0,
        "bytes_attempted": 2081729,
        "bytes_published": 2081729,
        "bytes_delivered": null,
        "drop_reasons": {},
        "delivery_method": "ack",
        "ack_latency_s": {
          "count": 176,
          "min": 0.0025869159726426005,
          "max": 0.0070179280010052025,
          "mean": 0.006303651422058465,
          "median": 0.006598264997592196,
          "p90": 0.006804522505262867,
          "p95": 0.006867426025564782,
          "stdev": 0.0008635116819248397
        }
      },
      "/c_slam/factor_batch/b": {
        "attempts": 50,
        "drops": 0,
        "published": 50,
        "delivered": 50,
        "delivery_rate": 1.0,
        "bytes_attempted": 583591,
        "bytes_published": 583591,
        "bytes_delivered": null,
        "drop_reasons": {},
        "delivery_method": "ack",
        "ack_latency_s": {
          "count": 50,
          "min": 0.002663138962816447,
          "max": 0.006930544972419739,
          "mean": 0.006062455063220114,
          "median": 0.006547959987074137,
          "p90": 0.00674650557921268,
          "p95": 0.006801878561964259,
          "stdev": 0.0010870164369471361
        }
      },
      "/c_slam/factor_batch/c": {
        "attempts": 95,
        "drops": 0,
        "published": 95,
        "delivered": 95,
        "delivery_rate": 1.0,
        "bytes_attempted": 1118233,
        "bytes_published": 1118233,
        "bytes_delivered": null,
        "drop_reasons": {},
        "delivery_method": "ack",
        "ack_latency_s": {
          "count": 95,
          "min": 0.00260115199489519,
          "max": 0.0069177599507384,
          "mean": 0.006115924229992456,
          "median": 0.0065244410070590675,
          "p90": 0.006729418225586415,
          "p95": 0.0068494354141876105,
          "stdev": 0.0009920448615421114
        }
      },
      "/c_slam/factor_batch/a": {
        "attempts": 233,
        "drops": 0,
        "published": 233,
        "delivered": 233,
        "delivery_rate": 1.0,
        "bytes_attempted": 2756202,
        "bytes_published": 2756202,
        "bytes_delivered": null,
        "drop_reasons": {},
        "delivery_method": "ack",
        "ack_latency_s": {
          "count": 233,
          "min": 0.0027144160121679306,
          "max": 0.007355163979809731,
          "mean": 0.006195819578203473,
          "median": 0.006588040967471898,
          "p90": 0.0068122142110951245,
          "p95": 0.006943006184883416,
          "stdev": 0.0010380444017962258
        }
      },
      "/c_slam/factor_batch/e": {
        "attempts": 83,
        "drops": 0,
        "published": 83,
        "delivered": 83,
        "delivery_rate": 1.0,
        "bytes_attempted": 981506,
        "bytes_published": 981506,
        "bytes_delivered": null,
        "drop_reasons": {},
        "delivery_method": "ack",
        "ack_latency_s": {
          "count": 83,
          "min": 0.002449225983582437,
          "max": 0.009003774030134082,
          "mean": 0.006261829446008182,
          "median": 0.0065168869914487,
          "p90": 0.006780215830076486,
          "p95": 0.006894317793194204,
          "stdev": 0.0009169636512449899
        }
      }
    },
    "generated_by": {
      "component": "ros2_factor_publisher",
      "pid": 456337
    }
  }
}