{
  "loop_closure_correction": {
    "count": 0
  },
  "interface_correction": {
    "count": 0
  },
  "loop_closure_correction_stabilised": {
    "count": 0
  },
  "loop_closure_correction_stabilised_params": {
    "epsilon": 0.001,
    "required": 3
  },
  "interface_correction_stabilised": {
    "count": 37361,
    "min": 0.31075477600097656,
    "max": 6.384068012237549,
    "mean": 1.9664764154078935,
    "median": 1.3183248043060303,
    "p90": 4.489776849746704,
    "p95": 5.271578788757324,
    "p99": 6.163886880874634,
    "stdev": 1.5333050082047022
  },
  "interface_correction_stabilised_params": {
    "epsilon": 0.001,
    "required": 3
  },
  "time_to_global_convergence_s": 0.14246678352355957,
  "time_to_global_convergence_method": "delta_threshold",
  "timeline_start_ts": 1770225724.2811093,
  "timeline_end_ts": 1770225724.423576,
  "optimization_duration_s": {
    "count": 505,
    "min": 0.000608453992754221,
    "max": 0.07120656600454822,
    "mean": 0.006383166042396264,
    "median": 0.00295639899559319,
    "p90": 0.018886106577701872,
    "p95": 0.027853279828559608,
    "p99": 0.03954519333085044,
    "stdev": 0.00892147516948535
  },
  "communication_uplink_messages": 52270,
  "communication_uplink_bytes": 67972202,
  "communication_downlink_messages": 0,
  "communication_downlink_bytes": 0,
  "communication_uplink_bytes_per_s": 477109121.99235207,
  "communication_downlink_bytes_per_s": 0.0,
  "delivery_topics": {
    "/c_slam/factor_batch/d": {
      "attempts": 171.0,
      "drops": 0.0,
      "delivered": 171.0,
      "delivery_rate": 1.0
    },
    "/c_slam/factor_batch/b": {
      "attempts": 36.0,
      "drops": 0.0,
      "delivered": 36.0,
      "delivery_rate": 1.0
    },
    "/c_slam/factor_batch/c": {
      "attempts": 126.0,
      "drops": 0.0,
      "delivered": 125.0,
      "delivery_rate": 0.9920634920634921
    },
    "/c_slam/factor_batch/a": {
      "attempts": 243.0,
      "drops": 0.0,
      "delivered": 243.0,
      "delivery_rate": 1.0
    },
    "/c_slam/factor_batch/e": {
      "attempts": 88.0,
      "drops": 0.0,
      "delivered": 88.0,
      "delivery_rate": 1.0
    },
    "/c_slam/iface/run_238347de/a": {
      "attempts": 2323.0,
      "drops": 0.0,
      "delivered": 2317.0,
      "delivery_rate": 0.9974171330176496
    },
    "/c_slam/iface/run_238347de/e": {
      "attempts": 16261.0,
      "drops": 0.0,
      "delivered": 4239.0,
      "delivery_rate": 0.260685074718652
    },
    "/c_slam/iface/run_238347de/b": {
      "attempts": 13433.0,
      "drops": 0.0,
      "delivered": 2915.0,
      "delivery_rate": 0.21700290329784858
    },
    "/c_slam/iface/run_238347de/c": {
      "attempts": 21614.0,
      "drops": 0.0,
      "delivered": 8105.0,
      "delivery_rate": 0.37498843342278154
    },
    "/c_slam/iface/run_238347de/d": {
      "attempts": 11312.0,
      "drops": 0.0,
      "delivered": 7834.0,
      "delivery_rate": 0.6925388967468176
    }
  },
  "delivery_rate": {
    "count": 10,
    "min": 0.21700290329784858,
    "max": 1.0,
    "mean": 0.7534695933267241,
    "median": 0.9947403125405708,
    "p90": 1.0,
    "p95": 1.0,
    "p99": 1.0,
    "stdev": 0.3220465875881785
  },
  "estimation_metrics": {
    "a": {
      "ate": {
        "matches": 1350,
        "rmse": 2.0784933818917892,
        "R": [
          [
            0.999869834377061,
            0.015552659025050361,
            0.004292912768564399
          ],
          [
            -0.015553809801884937,
            0.999879004613244,
            0.0002348068877144685
          ],
          [
            -0.004288741474462304,
            -0.0003015474726280401,
            0.9999907578401348
          ]
        ],
        "t": [
          -1.2843893236185693,
          2.278996292366827,
          -0.37944092725355016
        ],
        "s": 1.0
      },
      "rpe": {
        "1": {
          "count": 1349.0,
          "rmse": 0.14449015398423834,
          "mean": 0.09586918516688148,
          "pstd": 0.10810413467498407,
          "mean_dt": 1.0
        },
        "10": {
          "count": 1340.0,
          "rmse": 0.7152134411288021,
          "mean": 0.64310955755471,
          "pstd": 0.3129542512142751,
          "mean_dt": 10.0
        },
        "50": {
          "count": 1300.0,
          "rmse": 2.3554530542231302,
          "mean": 2.1313197439487235,
          "pstd": 1.0028136615061758,
          "mean_dt": 50.0
        }
      }
    },
    "b": {
      "ate": {
        "matches": 187,
        "rmse": 16.129137488620774,
        "R": [
          [
            0.9995486090272722,
            0.026690639300848477,
            0.013790865286754153
          ],
          [
            -0.026907051123710148,
            0.9995138139310451,
            0.015752662024001475
          ],
          [
            -0.01336371174006211,
            -0.016116622931878294,
            0.9997808088145124
          ]
        ],
        "t": [
          3.8783981433685994,
          5.018905061824807,
          -0.7079698657284643
        ],
        "s": 1.0
      },
      "rpe": {
        "1": {
          "count": 186.0,
          "rmse": 15.845501847105767,
          "mean": 4.3306578090140775,
          "pstd": 15.242222007563651,
          "mean_dt": 1.0
        },
        "10": {
          "count": 177.0,
          "rmse": 21.17911788811148,
          "mean": 9.795958470895089,
          "pstd": 18.777492701503643,
          "mean_dt": 10.0
        },
        "50": {
          "count": 137.0,
          "rmse": 20.69479451419141,
          "mean": 11.01084557956194,
          "pstd": 17.522437033918777,
          "mean_dt": 50.0
        }
      }
    },
    "c": {
      "ate": {
        "matches": 702,
        "rmse": 6.530311499025557,
        "R": [
          [
            0.9926867283894073,
            0.12040465695917868,
            -0.008705048080103375
          ],
          [
            -0.12035022267925043,
            0.9927100219532915,
            0.006529641226614487
          ],
          [
            0.009427787682660923,
            -0.005434233711930567,
            0.999940791208847
          ]
        ],
        "t": [
          -3.3596321153306548,
          12.712341565552599,
          -1.610313729851371
        ],
        "s": 1.0
      },
      "rpe": {
        "1": {
          "count": 701.0,
          "rmse": 2.1071776919726126,
          "mean": 0.8478978011925508,
          "pstd": 1.9290586160819134,
          "mean_dt": 1.0
        },
        "10": {
          "count": 692.0,
          "rmse": 3.1422646071120264,
          "mean": 2.1880874753390303,
          "pstd": 2.255238360212367,
          "mean_dt": 10.0
        },
        "50": {
          "count": 652.0,
          "rmse": 6.924930296870968,
          "mean": 5.514644287522916,
          "pstd": 4.188479198779945,
          "mean_dt": 50.0
        }
      }
    },
    "d": {
      "ate": {
        "matches": 1062,
        "rmse": 6.472775221067612,
        "R": [
          [
            0.9916065805051361,
            0.12875503453987916,
            -0.01176990142456243
          ],
          [
            -0.1286895978323625,
            0.9916657871497669,
            0.0061606822979361625
          ],
          [
            0.01246502742292389,
            -0.004594309226181585,
            0.9999117538133451
          ]
        ],
        "t": [
          -4.962978302932342,
          16.058890444697482,
          -2.730506518671155
        ],
        "s": 1.0
      },
      "rpe": {
        "1": {
          "count": 1061.0,
          "rmse": 1.8885936412066684,
          "mean": 0.3799315795583239,
          "pstd": 1.849983225994382,
          "mean_dt": 1.0
        },
        "10": {
          "count": 1052.0,
          "rmse": 3.949940300067804,
          "mean": 1.8307267041971185,
          "pstd": 3.500066872023917,
          "mean_dt": 10.0
        },
        "50": {
          "count": 1012.0,