{
  "stats": {
    "topics": {
      "/c_slam/factor_batch/d": {
        "attempts": 171,
        "drops": 0,
        "published": 171,
        "delivered": 171,
        "delivery_rate": 1.0,
        "bytes_attempted": 2024076,
        "bytes_published": 2024076,
        "bytes_delivered": null,
        "drop_reasons": {},
        "delivery_method": "ack",
        "ack_latency_s": {
          "count": 171,
          "min": 0.002557959989644587,
          "max": 0.007419269997626543,
          "mean": 0.006434074218714425,
          "median": 0.00661249301629141,
          "p90": 0.006793713022489101,
          "p95": 0.0069054889609105885,
          "stdev": 0.0006561936694707991
        }
      },
      "/c_slam/factor_batch/b": {
        "attempts": 36,
        "drops": 0,
        "published": 36,
        "delivered": 36,
        "delivery_rate": 1.0,
        "bytes_attempted": 420753,
        "bytes_published": 420753,
        "bytes_delivered": null,
        "drop_reasons": {},
        "delivery_method": "ack",
        "ack_latency_s": {
          "count": 36,
          "min": 0.003634534019511193,
          "max": 0.007153800979722291,
          "mean": 0.0062897716965785045,
          "median": 0.006544920994201675,
          "p90": 0.006760110525647178,
          "p95": 0.006779855510103516,
          "stdev": 0.0007421662883866379
        }
      },
      "/c_slam/factor_batch/c": {
        "attempts": 126,
        "drops": 0,
        "published": 126,
        "delivered": 125,
        "delivery_rate": 0.9920634920634921,
        "bytes_attempted": 1489188,
        "bytes_published": 1489188,
        "bytes_delivered": null,
        "drop_reasons": {},
        "delivery_method": "ack",
        "ack_latency_s": {
          "count": 125,
          "min": 0.0026505040004849434,
          "max": 0.007785429013893008,
          "mean": 0.006310482989065349,
          "median": 0.006554563995450735,
          "p90": 0.006833514175377786,
          "p95": 0.0069960043998435134,
          "stdev": 0.0008601392397216409
        }
      },
      "/c_slam/factor_batch/a": {
        "attempts": 243,
        "drops": 0,
        "published": 243,
        "delivered": 243,
        "delivery_rate": 1.0,
        "bytes_attempted": 2877847,
        "bytes_published": 2877847,
        "bytes_delivered": null,
        "drop_reasons": {},
        "delivery_method": "ack",
        "ack_latency_s": {
          "count": 243,
          "min": 0.0025570979923941195,
          "max": 0.008016622974537313,
          "mean": 0.006364015572265542,
          "median": 0.0065800820011645555,
          "p90": 0.006816250015981496,
          "p95": 0.006878422986483201,
          "stdev": 0.000824004548951091
        }
      },
      "/c_slam/factor_batch/e": {
        "attempts": 88,
        "drops": 0,
        "published": 88,
        "delivered": 88,
        "delivery_rate": 1.0,
        "bytes_attempted": 1036265,
        "bytes_published": 1036265,
        "bytes_delivered": null,
        "drop_reasons": {},
        "delivery_method": "ack",
        "ack_latency_s": {
          "count": 88,
          "min": 0.002882429980672896,
          "max": 0.0076038469560444355,
          "mean": 0.006228889441197019,
          "median": 0.0065614525228738785,
          "p90": 0.0067697879974730315,
          "p95": 0.006822626054054126,
          "stdev": 0.0009870387361454974
        }
      }
    },
    "generated_by": {
      "component": "ros2_factor_publisher",
      "pid": 450593
    }
  }
}