{
  "loop_closure_correction": {
    "count": 0
  },
  "interface_correction": {
    "count": 0
  },
  "loop_closure_correction_stabilised": {
    "count": 0
  },
  "loop_closure_correction_stabilised_params": {
    "epsilon": 0.001,
    "required": 3
  },
  "interface_correction_stabilised": {
    "count": 35003,
    "min": 0.1112375259399414,
    "max": 6.1573567390441895,
    "mean": 1.2897135681197789,
    "median": 0.7007124423980713,
    "p90": 4.023185682296753,
    "p95": 5.1783867359161375,
    "p99": 5.9322285795211815,
    "stdev": 1.4426949544522794
  },
  "interface_correction_stabilised_params": {
    "epsilon": 0.001,
    "required": 3
  },
  "time_to_global_convergence_s": 0.13512921333312988,
  "time_to_global_convergence_method": "delta_threshold",
  "timeline_start_ts": 1770243713.0888,
  "timeline_end_ts": 1770243713.2239292,
  "optimization_duration_s": {
    "count": 505,
    "min": 0.0006010759971104562,
    "max": 0.05745873902924359,
    "mean": 0.006039879273042304,
    "median": 0.002914951997809112,
    "p90": 0.016135946603026263,
    "p95": 0.027408145810477368,
    "p99": 0.03392590700183062,
    "stdev": 0.007941613612100929
  },
  "communication_uplink_messages": 52964,
  "communication_uplink_bytes": 68857411,
  "communication_downlink_messages": 0,
  "communication_downlink_bytes": 0,
  "communication_uplink_bytes_per_s": 509567171.313637,
  "communication_downlink_bytes_per_s": 0.0,
  "delivery_topics": {
    "/c_slam/factor_batch/d": {
      "attempts": 171.0,
      "drops": 0.0,
      "delivered": 171.0,
      "delivery_rate": 1.0
    },
    "/c_slam/factor_batch/b": {
      "attempts": 36.0,
      "drops": 0.0,
      "delivered": 36.0,
      "delivery_rate": 1.0
    },
    "/c_slam/factor_batch/c": {
      "attempts": 126.0,
      "drops": 0.0,
      "delivered": 126.0,
      "delivery_rate": 1.0
    },
    "/c_slam/factor_batch/a": {
      "attempts": 243.0,
      "drops": 0.0,
      "delivered": 243.0,
      "delivery_rate": 1.0
    },
    "/c_slam/factor_batch/e": {
      "attempts": 88.0,
      "drops": 0.0,
      "delivered": 88.0,
      "delivery_rate": 1.0
    },
    "/c_slam/iface/run_0f13fea3/a": {
      "attempts": 2323.0,
      "drops": 0.0,
      "delivered": 2318.0,
      "delivery_rate": 0.9978476108480413
    },
    "/c_slam/iface/run_0f13fea3/e": {
      "attempts": 16362.0,
      "drops": 0.0,
      "delivered": 4430.0,
      "delivery_rate": 0.2707492971519374
    },
    "/c_slam/iface/run_0f13fea3/b": {
      "attempts": 13534.0,
      "drops": 0.0,
      "delivered": 2951.0,
      "delivery_rate": 0.21804344613565835
    },
    "/c_slam/iface/run_0f13fea3/c": {
      "attempts": 21614.0,
      "drops": 0.0,
      "delivered": 7599.0,
      "delivery_rate": 0.35157768113259924
    },
    "/c_slam/iface/run_0f13fea3/d": {
      "attempts": 11413.0,
      "drops": 0.0,
      "delivered": 7663.0,
      "delivery_rate": 0.6714273197231228
    }
  },
  "delivery_rate": {
    "count": 10,
    "min": 0.21804344613565835,
    "max": 1.0,
    "mean": 0.7509645354991359,
    "median": 0.9989238054240206,
    "p90": 1.0,
    "p95": 1.0,
    "p99": 1.0,
    "stdev": 0.32426719793296216
  },
  "estimation_metrics": {
    "a": {
      "ate": {
        "matches": 1350,
        "rmse": 2.0657344462927765,
        "R": [
          [
            0.9998995841677732,
            0.013261681442268618,
            0.004994936079433695
          ],
          [
            -0.013270798390702485,
            0.9999103251609905,
            0.0017965373680407307
          ],
          [
            -0.004970663053070815,
            -0.0018626437569304183,
            0.9999859114342798
          ]
        ],
        "t": [
          -1.2650157768137404,
          2.0479359144880362,
          -0.1874548272182377
        ],
        "s": 1.0
      },
      "rpe": {
        "1": {
          "count": 1349.0,
          "rmse": 0.14504405970803647,
          "mean": 0.09480980946649104,
          "pstd": 0.1097673871672096,
          "mean_dt": 1.0
        },
        "10": {
          "count": 1340.0,
          "rmse": 0.6927665534778535,
          "mean": 0.616371729381081,
          "pstd": 0.31624577283713823,
          "mean_dt": 10.0
        },
        "50": {
          "count": 1300.0,
          "rmse": 2.2885557793993403,
          "mean": 2.0495556551272265,
          "pstd": 1.018238268755464,
          "mean_dt": 50.0
        }
      }
    },
    "b": {
      "ate": {
        "matches": 187,
        "rmse": 16.18844181040782,
        "R": [
          [
            0.9996813249841329,
            0.01970816141672464,
            0.015774563434203075
          ],
          [
            -0.01989173081725655,
            0.999735238467339,
            0.011565985117814322
          ],
          [
            -0.015542442634965889,
            -0.01187608269691632,
            0.9998086772661631
          ]
        ],
        "t": [
          3.6422901913122345,
          4.226874438065758,
          -0.46178093882376725
        ],
        "s": 1.0
      },
      "rpe": {
        "1": {
          "count": 186.0,
          "rmse": 16.00194542129415,
          "mean": 4.361163810370223,
          "pstd": 15.396184835380286,
          "mean_dt": 1.0
        },
        "10": {
          "count": 177.0,
          "rmse": 21.419254208290223,
          "mean": 9.709889783820609,
          "pstd": 19.09194833497656,
          "mean_dt": 10.0
        },
        "50": {
          "count": 137.0,
          "rmse": 20.615344423167937,
          "mean": 10.460139288515569,
          "pstd": 17.76451270794373,
          "mean_dt": 50.0
        }
      }
    },
    "c": {
      "ate": {
        "matches": 703,
        "rmse": 1.93792178143644,
        "R": [
          [
            0.999984057669223,
            0.005639912667648254,
            -0.0002753043714328065
          ],
          [
            -0.005639933196497994,
            0.9999840927234471,
            -7.384851717109203e-05
          ],
          [
            0.0002748834929025496,
            7.540003811717239e-05,
            0.999999959376949
          ]
        ],
        "t": [
          -0.3826019591467258,
          1.853436111591634,
          -0.635615194766423
        ],
        "s": 1.0
      },
      "rpe": {
        "1": {
          "count": 702.0,
          "rmse": 0.8428860966054154,
          "mean": 0.3947246500263105,
          "pstd": 0.7447478919153245,
          "mean_dt": 1.0
        },
        "10": {
          "count": 693.0,
          "rmse": 1.0269349132759835,
          "mean": 0.8074053192873127,
          "pstd": 0.6345801497775552,
          "mean_dt": 10.0
        },
        "50": {
          "count": 653.0,
          "rmse": 2.0934115774955355,
          "mean": 1.9071059688875007,
          "pstd": 0.8633185137746175,
          "mean_dt": 50.0
        }
      }
    },
    "d": {
      "ate": {
        "matches": 1062,
        "rmse": 6.469369941786433,
        "R": [
          [
            0.9918139141929788,
            0.12715128931024355,
            -0.011734958029024216
          ],
          [
            -0.12720434758866123,
            0.991868909501069,
            -0.003888485528023608
          ],
          [
            0.01114511407493664,
            0.005349391731894151,
            0.9999235823003452
          ]
        ],
        "t": [
          -5.072339922313773,
          15.948609663504541,
          -2.9658732706092668
        ],
        "s": 1.0
      },
      "rpe": {
        "1": {
          "count": 1061.0,
          "rmse": 1.8889738505571871,
          "mean": 0.3845221613975639,
          "pstd": 1.8494228601060918,
          "mean_dt": 1.0
        },
        "10": {
          "count": 1052.0,
          "rmse": 3.913468993047407,
          "mean": 1.8317339788640132,
          "pstd": 3.458321874872046,
          "mean_dt": 10.0
        },
        "50": {
          "count": 1012.0,