{
  "ate": {
    "matches": 187,
    "rmse": 16.18844181040782,
    "R": [
      [
        0.9996813249841329,
        0.01970816141672464,
        0.015774563434203075
      ],
      [
        -0.01989173081725655,
        0.999735238467339,
        0.011565985117814322
      ],
      [
        -0.015542442634965889,
        -0.01187608269691632,
        0.9998086772661631
      ]
    ],
    "t": [
      3.6422901913122345,
      4.226874438065758,
      -0.46178093882376725
    ],
    "s": 1.0
  },
  "rpe": {
    "1": {
      "count": 186.0,
      "rmse": 16.00194542129415,
      "mean": 4.361163810370223,
      "pstd": 15.396184835380286,
      "mean_dt": 1.0
    },
    "10": {
      "count": 177.0,
      "rmse": 21.419254208290223,
      "mean": 9.709889783820609,
      "pstd": 19.09194833497656,
      "mean_dt": 10.0
    },
    "50": {
      "count": 137.0,
      "rmse": 20.615344423167937,
      "mean": 10.460139288515569,
      "pstd": 17.76451270794373,
      "mean_dt": 50.0
    }
  }
}