{
  "stats": {
    "topics": {
      "/c_slam/factor_batch/d": {
        "attempts": 171,
        "drops": 0,
        "published": 171,
        "delivered": 171,
        "delivery_rate": 1.0,
        "bytes_attempted": 2024087,
        "bytes_published": 2024087,
        "bytes_delivered": null,
        "drop_reasons": {},
        "delivery_method": "ack",
        "ack_latency_s": {
          "count": 171,
          "min": 0.003833474009297788,
          "max": 0.09574426803737879,
          "mean": 0.02801930218082662,
          "median": 0.02150099299615249,
          "p90": 0.05808999203145504,
          "p95": 0.06711998998071067,
          "stdev": 0.022931545425438682
        }
      },
      "/c_slam/factor_batch/b": {
        "attempts": 36,
        "drops": 0,
        "published": 36,
        "delivered": 36,
        "delivery_rate": 1.0,
        "bytes_attempted": 420746,
        "bytes_published": 420746,
        "bytes_delivered": null,
        "drop_reasons": {},
        "delivery_method": "ack",
        "ack_latency_s": {
          "count": 36,
          "min": 0.003660449991002679,
          "max": 0.10189881199039519,
          "mean": 0.00932855786070124,
          "median": 0.00666027152328752,
          "p90": 0.006858152511995286,
          "p95": 0.012217921990668401,
          "stdev": 0.015733441115378527
        }
      },
      "/c_slam/factor_batch/c": {
        "attempts": 126,
        "drops": 0,
        "published": 126,
        "delivered": 126,
        "delivery_rate": 1.0,
        "bytes_attempted": 1489181,
        "bytes_published": 1489181,
        "bytes_delivered": null,
        "drop_reasons": {},
        "delivery_method": "ack",
        "ack_latency_s": {
          "count": 126,
          "min": 0.003405963012482971,
          "max": 0.0900518000125885,
          "mean": 0.021627256777950576,
          "median": 0.006686630484182388,
          "p90": 0.056765230518067256,
          "p95": 0.06874735800374765,
          "stdev": 0.022531466450969755
        }
      },
      "/c_slam/factor_batch/a": {
        "attempts": 243,
        "drops": 0,
        "published": 243,
        "delivered": 243,
        "delivery_rate": 1.0,
        "bytes_attempted": 2877828,
        "bytes_published": 2877828,
        "bytes_delivered": null,
        "drop_reasons": {},
        "delivery_method": "ack",
        "ack_latency_s": {
          "count": 243,
          "min": 0.003296396986115724,
          "max": 0.09576585795730352,
          "mean": 0.036767824008004976,
          "median": 0.04399145097704604,
          "p90": 0.06507805975852535,
          "p95": 0.07040823658462608,
          "stdev": 0.024479635145598512
        }
      },
      "/c_slam/factor_batch/e": {
        "attempts": 88,
        "drops": 0,
        "published": 88,
        "delivered": 88,
        "delivery_rate": 1.0,
        "bytes_attempted": 1036267,
        "bytes_published": 1036267,
        "bytes_delivered": null,
        "drop_reasons": {},
        "delivery_method": "ack",
        "ack_latency_s": {
          "count": 88,
          "min": 0.0028140529757365584,
          "max": 0.09574520000023767,
          "mean": 0.017499683635171757,
          "median": 0.006647928530583158,
          "p90": 0.052712861198233436,
          "p95": 0.06234419630782212,
          "stdev": 0.02119877261568733
        }
      }
    },
    "generated_by": {
      "component": "ros2_factor_publisher",
      "pid": 484672
    }
  }
}