{
  "stats": {
    "topics": {
      "/c_slam/factor_batch/d": {
        "attempts": 171,
        "drops": 0,
        "published": 171,
        "delivered": 171,
        "delivery_rate": 1.0,
        "bytes_attempted": 2024084,
        "bytes_published": 2024084,
        "bytes_delivered": null,
        "drop_reasons": {},
        "delivery_method": "ack",
        "ack_latency_s": {
          "count": 171,
          "min": 0.0026711769751273096,
          "max": 0.007529511000029743,
          "mean": 0.006123008918254064,
          "median": 0.0064911930239759386,
          "p90": 0.006729134009219706,
          "p95": 0.006812240491854027,
          "stdev": 0.0009811157080211633
        }
      },
      "/c_slam/factor_batch/b": {
        "attempts": 36,
        "drops": 0,
        "published": 36,
        "delivered": 36,
        "delivery_rate": 1.0,
        "bytes_attempted": 420749,
        "bytes_published": 420749,
        "bytes_delivered": null,
        "drop_reasons": {},
        "delivery_method": "ack",
        "ack_latency_s": {
          "count": 36,
          "min": 0.002553212980274111,
          "max": 0.0067778960219584405,
          "mean": 0.005744919311837293,
          "median": 0.006413235503714532,
          "p90": 0.00665436196140945,
          "p95": 0.006713243754347786,
          "stdev": 0.0012908791934841761
        }
      },
      "/c_slam/factor_batch/c": {
        "attempts": 126,
        "drops": 0,
        "published": 126,
        "delivered": 126,
        "delivery_rate": 1.0,
        "bytes_attempted": 1489184,
        "bytes_published": 1489184,
        "bytes_delivered": null,
        "drop_reasons": {},
        "delivery_method": "ack",
        "ack_latency_s": {
          "count": 126,
          "min": 0.0026683510513976216,
          "max": 0.007576050003990531,
          "mean": 0.006001895505173635,
          "median": 0.006487530015874654,
          "p90": 0.0066594564996194094,
          "p95": 0.006786957252188586,
          "stdev": 0.0010723356129150284
        }
      },
      "/c_slam/factor_batch/a": {
        "attempts": 243,
        "drops": 0,
        "published": 243,
        "delivered": 243,
        "delivery_rate": 1.0,
        "bytes_attempted": 2877845,
        "bytes_published": 2877845,
        "bytes_delivered": null,
        "drop_reasons": {},
        "delivery_method": "ack",
        "ack_latency_s": {
          "count": 243,
          "min": 0.002575494989287108,
          "max": 0.009013354021590203,
          "mean": 0.006211862175001038,
          "median": 0.006509907019790262,
          "p90": 0.00675767477368936,
          "p95": 0.006962348509114235,
          "stdev": 0.0009955587628380615
        }
      },
      "/c_slam/factor_batch/e": {
        "attempts": 88,
        "drops": 0,
        "published": 88,
        "delivered": 88,
        "delivery_rate": 1.0,
        "bytes_attempted": 1036274,
        "bytes_published": 1036274,
        "bytes_delivered": null,
        "drop_reasons": {},
        "delivery_method": "ack",
        "ack_latency_s": {
          "count": 88,
          "min": 0.002554614969994873,
          "max": 0.008833656029310077,
          "mean": 0.006077756113055247,
          "median": 0.006468368985224515,
          "p90": 0.006668469810392708,
          "p95": 0.0067571723688161,
          "stdev": 0.0010137139537923325
        }
      }
    },
    "generated_by": {
      "component": "ros2_factor_publisher",
      "pid": 522845
    }
  }
}