{
  "loop_closure_correction": {
    "count": 441,
    "min": 0.004694278002716601,
    "max": 0.9751126079936512,
    "mean": 0.10175913151592764,
    "median": 0.08914378698682413,
    "p90": 0.16969809599686414,
    "p95": 0.22728529199957848,
    "p99": 0.6450128918280825,
    "stdev": 0.10742036404381247
  },
  "interface_correction": {
    "count": 4,
    "min": 0.017939912038855255,
    "max": 0.08111425797687843,
    "mean": 0.04863487275724765,
    "median": 0.047742660506628454,
    "p90": 0.07756121518323199,
    "p95": 0.0793377365800552,
    "p99": 0.08075895369751379,
    "stdev": 0.027044422683099287
  },
  "loop_closure_correction_stabilised": {
    "count": 441,
    "min": 0.3886442184448242,
    "max": 20.664854049682617,
    "mean": 10.481609001181294,
    "median": 10.470968961715698,
    "p90": 18.508145093917847,
    "p95": 19.326139211654663,
    "p99": 20.437306547164916,
    "stdev": 6.297285099619466
  },
  "loop_closure_correction_stabilised_params": {
    "epsilon": 0.001,
    "required": 3
  },
  "interface_correction_stabilised": {
    "count": 4,
    "min": 18.507861137390137,
    "max": 20.903002738952637,
    "mean": 19.745755672454834,
    "median": 19.78607940673828,
    "p90": 20.732787108421327,
    "p95": 20.817894923686982,
    "p99": 20.885981175899506,
    "stdev": 0.9325823637451636
  },
  "interface_correction_stabilised_params": {
    "epsilon": 0.001,
    "required": 3
  },
  "time_to_global_convergence_s": 20.730890035629272,
  "time_to_global_convergence_method": "last_map_broadcast",
  "timeline_start_ts": 1770236468.986956,
  "timeline_end_ts": 1770236489.717846,
  "optimization_duration_s": {
    "count": 263,
    "min": 0.0007114130421541631,
    "max": 0.0744005559827201,
    "mean": 0.01005250220244552,
    "median": 0.004023250017780811,
    "p90": 0.027443918015342208,
    "p95": 0.058815072028664775,
    "p99": 0.07065430328948423,
    "stdev": 0.016036486510221635
  },
  "communication_uplink_messages": 598,
  "communication_uplink_bytes": 7052998,
  "communication_downlink_messages": 263,
  "communication_downlink_bytes": 65260227,
  "communication_uplink_bytes_per_s": 340216.8449052752,
  "communication_downlink_bytes_per_s": 3147970.3422207204,
  "delivery_topics": {
    "/c_slam/factor_batch/a": {
      "attempts": 230.0,
      "drops": 0.0,
      "delivered": 230.0,
      "delivery_rate": 1.0
    },
    "/c_slam/factor_batch/b": {
      "attempts": 93.0,
      "drops": 0.0,
      "delivered": 93.0,
      "delivery_rate": 1.0
    },
    "/c_slam/factor_batch/c": {
      "attempts": 188.0,
      "drops": 0.0,
      "delivered": 188.0,
      "delivery_rate": 1.0
    },
    "/c_slam/factor_batch/d": {
      "attempts": 87.0,
      "drops": 0.0,
      "delivered": 87.0,
      "delivery_rate": 1.0
    }
  },
  "delivery_rate": {
    "count": 4,
    "min": 1.0,
    "max": 1.0,
    "mean": 1.0,
    "median": 1.0,
    "p90": 1.0,
    "p95": 1.0,
    "p99": 1.0,
    "stdev": 0.0
  },
  "estimation_metrics": {
    "ate": {
      "a": {
        "matches": 1341,
        "rmse": 1.7573723659481113,
        "R": [
          [
            0.9999789416379609,
            0.00648021464638844,
            -0.00035085433001473716
          ],
          [
            -0.006481869394130941,
            0.9999667866828903,
            -0.004940738836733356
          ],
          [
            0.0003188256288048472,
            0.004942908984809723,
            0.9999877329252529
          ]
        ],
        "t": [
          -1.5455936246269175,
          0.87745337010832,
          -0.23335683182657974
        ],
        "s": 1.0
      },
      "c": {
        "matches": 1064,
        "rmse": 2.2584795635163895,
        "R": [
          [
            0.99998490264195,
            0.0053831920667766365,
            -0.0011026020773283315
          ],
          [
            -0.005387866157763954,
            0.9999763217920041,
            -0.004280975776502292
          ],
          [
            0.0010795306548488735,
            0.004286851817496079,
            0.9999902287097909
          ]
        ],
        "t": [
          -1.0759623127791826,
          0.5970645576738463,
          -0.2255087539737204
        ],
        "s": 1.0
      },
      "d": {
        "matches": 530,
        "rmse": 2.5787975523111686,
        "R": [
          [
            0.9999878651462129,
            0.004873970671582677,
            0.0007169171578613673
          ],
          [
            -0.004869711501095066,
            0.9999711636255455,
            -0.005827334490806368
          ],
          [
            -0.0007452987419714419,
            0.005823772597225375,
            0.9999827639527199
          ]
        ],
        "t": [
          0.12415481802091222,
          0.2727257555856646,
          -0.018635678498831965
        ],
        "s": 1.0
      },
      "b": {
        "matches": 620,
        "rmse": 2.008189992007265,
        "R": [
          [
            0.9999704175873859,
            0.0076894464477702896,
            0.000190691989456402
          ],
          [
            -0.007688793635100875,
            0.9999652701848354,
            -0.003215723340926978
          ],
          [
            -0.00021541249917976252,
            0.0032141620207174273,
            0.9999948113665191
          ]
        ],
        "t": [
          -1.4060619113286776,
          0.9885445444418366,
          -0.29637134483543237
        ],
        "s": 1.0
      }
    },
    "rpe": {
      "a": {
        "1": {
          "count": 1340.0,
          "rmse": 0.14313372636526459,
          "mean": 0.08720613264996793,
          "pstd": 0.11350045837547369,
          "mean_dt": 1.0
        },
        "10": {
          "count": 1331.0,
          "rmse": 0.6296562971710234,
          "mean": 0.5410285817456744,
          "pstd": 0.32211042563286796,
          "mean_dt": 10.0
        },
        "50": {
          "count": 1291.0,
          "rmse": 1.8011205562170427,
          "mean": 1.6067793226878369,
          "pstd": 0.8138153759977783,
          "mean_dt": 50.0
        }
      },
      "c": {
        "1": {
          "count": 1063.0,
          "rmse": 0.51981843345862,
          "mean": 0.18768432693715564,
          "pstd": 0.484753336435677,
          "mean_dt": 1.0
        },
        "10": {
          "count": 1054.0,
          "rmse": 0.8669330641553689,
          "mean": 0.6846128356050101,
          "pstd": 0.5318629551404045,
          "mean_dt": 10.0
        },
        "50": {
          "count": 1014.0,
          "rmse": 2.166833229979817,
          "mean": 1.8813766623227854,
          "pstd": 1.0749828375429702,
          "mean_dt": 50.0
        }
      },
      "d": {
        "1": {
          "count": 529.0,
          "rmse": 0.5397082875161282,
          "mean": 0.1766260646679726,
          "pstd": 0.5099884987855083,
          "mean_dt": 1.0
        },
        "10": {
          "count": 520.0,
          "rmse": 0.9213216219758957,
          "mean": 0.7609520948999219,
          "pstd": 0.5194087411545127,
          "mean_dt": 10.0
        },
        "50": {
          "count": 480.0,
          "rmse": 2.7857951122350033,
          "mean": 2.608379262474959,
          "pstd": 0.9782699169672039,
          "mean_dt": 50.0
        }
      },
      "b": {
        "1": {
          "count": 619.0,
          "rmse": 0.38246051800598696,
          "mean": 0.1351781709278258,
          "pstd": 0.3577749431388611,
          "mean_dt": 1.0
        },
        "10": {
          "count": 610.0,
          "rmse": 0.7745725709693567,
          "mean": 0.6354090834108095,
          "pstd": 0.4429649697404006,
          "mean_dt": 10.0
        },
        "50": {
          "count": 570.0,
          "rmse": 2.1668973853127937,
          "mean": 1.9855672832312043,
          "pstd": 0.8677366203159088,
          "mean_dt": 50.0
        }
      }
    }
  },
  "input_end_team_ts": 1770236489.7179098,