{
  "stats": {
    "topics": {
      "/c_slam/factor_batch/a": {
        "attempts": 230,
        "drops": 0,
        "published": 230,
        "delivered": 230,
        "delivery_rate": 1.0,
        "bytes_attempted": 2716296,
        "bytes_published": 2716296,
        "bytes_delivered": null,
        "drop_reasons": {},
        "delivery_method": "ack",
        "ack_latency_s": {
          "count": 230,
          "min": 0.004505493969190866,
          "max": 5.9683558130054735,
          "mean": 2.012789258493475,
          "median": 1.8978127675072756,
          "p90": 5.275598337728297,
          "p95": 5.664353420425323,
          "stdev": 1.8603980651395786
        }
      },
      "/c_slam/factor_batch/b": {
        "attempts": 93,
        "drops": 0,
        "published": 93,
        "delivered": 93,
        "delivery_rate": 1.0,
        "bytes_attempted": 1097930,
        "bytes_published": 1097930,
        "bytes_delivered": null,
        "drop_reasons": {},
        "delivery_method": "ack",
        "ack_latency_s": {
          "count": 93,
          "min": 0.007893432979471982,
          "max": 5.9691273589851335,
          "mean": 0.6443240229573641,
          "median": 0.08282698801485822,
          "p90": 1.966382710833568,
          "p95": 2.3171308656106704,
          "stdev": 1.0828450644065644
        }
      },
      "/c_slam/factor_batch/c": {
        "attempts": 188,
        "drops": 0,
        "published": 188,
        "delivered": 188,
        "delivery_rate": 1.0,
        "bytes_attempted": 2217931,
        "bytes_published": 2217931,
        "bytes_delivered": null,
        "drop_reasons": {},
        "delivery_method": "ack",
        "ack_latency_s": {
          "count": 188,
          "min": 0.007875289011280984,
          "max": 5.930207088007592,
          "mean": 2.1289272957111143,
          "median": 2.1077564640145283,
          "p90": 4.558167969505304,
          "p95": 4.985737055077334,
          "stdev": 1.6184547740690292
        }
      },
      "/c_slam/factor_batch/d": {
        "attempts": 87,
        "drops": 0,
        "published": 87,
        "delivered": 87,
        "delivery_rate": 1.0,
        "bytes_attempted": 1020841,
        "bytes_published": 1020841,
        "bytes_delivered": null,
        "drop_reasons": {},
        "delivery_method": "ack",
        "ack_latency_s": {
          "count": 87,
          "min": 0.0048765590181574225,
          "max": 5.929400566034019,
          "mean": 0.7476264415074665,
          "median": 0.3195471730432473,
          "p90": 2.085516580787953,
          "p95": 2.1980978604173287,
          "stdev": 0.9608274413723638
        }
      }
    },
    "generated_by": {
      "component": "ros2_factor_publisher",
      "pid": 472466
    }
  }
}