{
  "stats": {
    "topics": {
      "/c_slam/factor_batch/a": {
        "attempts": 96,
        "drops": 0,
        "published": 96,
        "delivered": 96,
        "delivery_rate": 1.0,
        "bytes_attempted": 1131499,
        "bytes_published": 1131499,
        "bytes_delivered": null,
        "drop_reasons": {},
        "delivery_method": "ack",
        "ack_latency_s": {
          "count": 96,
          "min": 0.002782402967568487,
          "max": 0.0077104109805077314,
          "mean": 0.0062657582069126265,
          "median": 0.0065147075220011175,
          "p90": 0.006771695479983464,
          "p95": 0.006888868258101866,
          "stdev": 0.0009029190905699351
        }
      },
      "/c_slam/factor_batch/c": {
        "attempts": 97,
        "drops": 0,
        "published": 97,
        "delivered": 97,
        "delivery_rate": 1.0,
        "bytes_attempted": 1140600,
        "bytes_published": 1140600,
        "bytes_delivered": null,
        "drop_reasons": {},
        "delivery_method": "ack",
        "ack_latency_s": {
          "count": 97,
          "min": 0.00249738700222224,
          "max": 0.00901406304910779,
          "mean": 0.006027616216613883,
          "median": 0.006494525005109608,
          "p90": 0.006720192800275981,
          "p95": 0.006763415015302599,
          "stdev": 0.0012644663737151553
        }
      },
      "/c_slam/factor_batch/b": {
        "attempts": 171,
        "drops": 0,
        "published": 171,
        "delivered": 171,
        "delivery_rate": 1.0,
        "bytes_attempted": 2024307,
        "bytes_published": 2024307,
        "bytes_delivered": null,
        "drop_reasons": {},
        "delivery_method": "ack",
        "ack_latency_s": {
          "count": 171,
          "min": 0.0025170239969156682,
          "max": 0.04041923600016162,
          "mean": 0.006517919649135823,
          "median": 0.006526142999064177,
          "p90": 0.006796843023039401,
          "p95": 0.0070334124902728945,
          "stdev": 0.002720934306696499
        }
      }
    },
    "generated_by": {
      "component": "ros2_factor_publisher",
      "pid": 453206
    }
  }
}