{
  "a": {
    "ate": {
      "matches": 1355,
      "rmse": 2.2430267844765255,
      "R": [
        [
          0.9998846847679828,
          0.013011892087587143,
          0.00782993171952565
        ],
        [
          -0.012980009628950557,
          0.9999073134211357,
          -0.004109004375612617
        ],
        [
          -0.007882671911464717,
          0.004006897955706197,
          0.999960903361881
        ]
      ],
      "t": [
        -1.1871327463182837,
        2.20825874496024,
        0.24350384543189874
      ],
      "s": 1.0
    },
    "rpe": {
      "1": {
        "count": 1354.0,
        "rmse": 0.13006893095555977,
        "mean": 0.09790967352663132,
        "pstd": 0.08562489491865481,
        "mean_dt": 1.0
      },
      "10": {
        "count": 1345.0,
        "rmse": 0.7656603549152594,
        "mean": 0.6833270315359795,
        "pstd": 0.3453982441489639,
        "mean_dt": 10.0
      },
      "50": {
        "count": 1305.0,
        "rmse": 2.5567940325576077,
        "mean": 2.2792510177965792,
        "pstd": 1.1585380972568158,
        "mean_dt": 50.0
      }
    }
  },
  "b": {
    "ate": {
      "matches": 607,
      "rmse": 1.8535233988567896,
      "R": [
        [
          0.9999771133156202,
          0.0014449529083146715,
          0.0066094595886184125
        ],
        [
          -0.0014713425664421881,
          0.9999909591121727,
          0.003989592080589334
        ],
        [
          -0.006603635060555828,
          -0.003999225551288461,
          0.9999701986554284
        ]
      ],
      "t": [
        -0.6113125656414411,
        0.4870283994831226,
        0.09670978993428214
      ],
      "s": 1.0
    },
    "rpe": {
      "1": {
        "count": 606.0,
        "rmse": 0.11311115330881921,
        "mean": 0.09150861398356477,
        "pstd": 0.06648538613603852,
        "mean_dt": 1.0
      },
      "10": {
        "count": 597.0,
        "rmse": 0.7191138115464755,
        "mean": 0.6293807172389053,
        "pstd": 0.347857135509307,
        "mean_dt": 10.0
      },
      "50": {
        "count": 557.0,
        "rmse": 2.3560972421646187,
        "mean": 2.0944640256848537,
        "pstd": 1.0790804694960046,
        "mean_dt": 50.0
      }
    }
  },
  "c": {
    "ate": {
      "matches": 1062,
      "rmse": 2.313201189197341,
      "R": [
        [
          0.9999573333966135,
          0.008073209639875633,
          0.00448939555441285
        ],
        [
          -0.008058906646201786,
          0.999962422400607,
          -0.0031949664126548205
        ],
        [
          -0.004515020487346904,
          0.0031586504746191554,
          0.9999848186433522
        ]
      ],
      "t": [
        -0.7469312346602948,
        1.3800606743467796,
        0.1304239420404274
      ],
      "s": 1.0
    },
    "rpe": {
      "1": {
        "count": 1061.0,
        "rmse": 0.4961264477194957,
        "mean": 0.17622150330396502,
        "pstd": 0.46377519759044483,
        "mean_dt": 1.0
      },
      "10": {
        "count": 1052.0,
        "rmse": 0.8422365773088427,
        "mean": 0.6640210916082661,
        "pstd": 0.5181104535292447,
        "mean_dt": 10.0
      },
      "50": {
        "count": 1012.0,
        "rmse": 2.249116658262865,
        "mean": 1.9345353624642385,
        "pstd": 1.1472134386638215,
        "mean_dt": 50.0
      }
    }
  },
  "d": {
    "ate": {
      "matches": 531,
      "rmse": 4.360492827005843,
      "R": [
        [
          0.9994854194660694,
          -0.02789969563330921,
          0.01582729472472826
        ],
        [
          0.027959954072654693,
          0.9996025658686889,
          -0.003598788266638727
        ],
        [
          -0.015720599320310398,
          0.0040394668338487386,
          0.9998682640551747
        ]
      ],
      "t": [
        1.6106908232911792,
        -1.575652514849505,
        0.9955572029467188
      ],
      "s": 1.0
    },
    "rpe": {
      "1": {
        "count": 530.0,
        "rmse": 0.6319499375878789,
        "mean": 0.20605099659983472,
        "pstd": 0.5974141866557396,
        "mean_dt": 1.0
      },
      "10": {
        "count": 521.0,
        "rmse": 1.163593840364872,
        "mean": 0.9970240104833755,
        "pstd": 0.5999114500113466,
        "mean_dt": 10.0
      },
      "50": {
        "count": 481.0,
        "rmse": 3.9524320969846585,
        "mean": 3.5808599367334906,
        "pstd": 1.6730695128330977,
        "mean_dt": 50.0
      }
    }
  }
}