{
  "stats": {
    "topics": {
      "/c_slam/factor_batch/a": {
        "attempts": 228,
        "drops": 0,
        "published": 228,
        "delivered": 228,
        "delivery_rate": 1.0,
        "bytes_attempted": 2698461,
        "bytes_published": 2698461,
        "bytes_delivered": null,
        "drop_reasons": {},
        "delivery_method": "ack",
        "ack_latency_s": {
          "count": 228,
          "min": 0.002765669021755457,
          "max": 0.09619192604441196,
          "mean": 0.03051219686759603,
          "median": 0.030063895013881847,
          "p90": 0.0625634151219856,
          "p95": 0.06620233505091161,
          "stdev": 0.023276203785419634
        }
      },
      "/c_slam/factor_batch/b": {
        "attempts": 89,
        "drops": 0,
        "published": 89,
        "delivered": 89,
        "delivery_rate": 1.0,
        "bytes_attempted": 1046969,
        "bytes_published": 1046969,
        "bytes_delivered": null,
        "drop_reasons": {},
        "delivery_method": "ack",
        "ack_latency_s": {
          "count": 89,
          "min": 0.003912585030775517,
          "max": 0.09553399798460305,
          "mean": 0.01605495760737908,
          "median": 0.006794513028580695,
          "p90": 0.043861167796421796,
          "p95": 0.04734974979655816,
          "stdev": 0.01700573331264626
        }
      },
      "/c_slam/factor_batch/c": {
        "attempts": 180,
        "drops": 0,
        "published": 180,
        "delivered": 180,
        "delivery_rate": 1.0,
        "bytes_attempted": 2129904,
        "bytes_published": 2129904,
        "bytes_delivered": null,
        "drop_reasons": {},
        "delivery_method": "ack",
        "ack_latency_s": {
          "count": 180,
          "min": 0.005071252991911024,
          "max": 0.10220480896532536,
          "mean": 0.02761503851054133,
          "median": 0.012002352508716285,
          "p90": 0.06381498839473351,
          "p95": 0.07054051206796429,
          "stdev": 0.02466135173630022
        }
      },
      "/c_slam/factor_batch/d": {
        "attempts": 87,
        "drops": 0,
        "published": 87,
        "delivered": 87,
        "delivery_rate": 1.0,
        "bytes_attempted": 1024388,
        "bytes_published": 1024388,
        "bytes_delivered": null,
        "drop_reasons": {},
        "delivery_method": "ack",
        "ack_latency_s": {
          "count": 87,
          "min": 0.004425678984262049,
          "max": 0.09618199802935123,
          "mean": 0.026280157660781782,
          "median": 0.006830859987530857,
          "p90": 0.06076793835964055,
          "p95": 0.06563670989708044,
          "stdev": 0.024381934210720678
        }
      }
    },
    "generated_by": {
      "component": "ros2_factor_publisher",
      "pid": 497656
    }
  }
}