{
  "ate": {
    "matches": 617,
    "rmse": 4.699356613406548,
    "R": [
      [
        0.9998141385052054,
        -0.0031237256159601175,
        -0.01902447853079445
      ],
      [
        0.0031018653759721667,
        0.9999944948180856,
        -0.0011784586163032518
      ],
      [
        0.01902805497894642,
        0.0011192282149726299,
        0.999818323722826
      ]
    ],
    "t": [
      -4.085409837121759,
      -1.6452314923034095,
      -6.2349863078857855
    ],
    "s": 1.0
  },
  "rpe": {
    "1": {
      "count": 616.0,
      "rmse": 0.32345855358835646,
      "mean": 0.1559356779436556,
      "pstd": 0.28338930860871264,
      "mean_dt": 1.0
    },
    "10": {
      "count": 607.0,
      "rmse": 1.3526152445523767,
      "mean": 1.0615788286209897,
      "pstd": 0.8382233535395999,
      "mean_dt": 10.0
    },
    "50": {
      "count": 567.0,
      "rmse": 4.709314348069413,
      "mean": 3.6947214945148783,
      "pstd": 2.920047038474239,
      "mean_dt": 50.0
    }
  }
}