{
  "ate": {
    "matches": 1323,
    "rmse": 2.868206783189575,
    "R": [
      [
        0.9991241442440263,
        0.04045026910488497,
        -0.01071074777895769
      ],
      [
        -0.040540525379086444,
        0.9991430208811202,
        -0.008348031297112785
      ],
      [
        0.01036388877929933,
        0.008774938968011993,
        0.9999077908764781
      ]
    ],
    "t": [
      -3.363936111337466,
      4.657441378660664,
      -3.008947573322786
    ],
    "s": 1.0
  },
  "rpe": {
    "1": {
      "count": 1322.0,
      "rmse": 0.6517447768193704,
      "mean": 0.13084458239520746,
      "pstd": 0.6384754884638512,
      "mean_dt": 1.0
    },
    "10": {
      "count": 1313.0,
      "rmse": 0.9931037736509846,
      "mean": 0.8063050882187092,
      "pstd": 0.5797647884723995,
      "mean_dt": 10.0
    },
    "50": {
      "count": 1273.0,
      "rmse": 3.1059046031426787,
      "mean": 2.7494811181920857,
      "pstd": 1.4446442415100242,
      "mean_dt": 50.0
    }
  }
}