{
  "a": {
    "ate": {
      "matches": 1355,
      "rmse": 2.2067900772314637,
      "R": [
        [
          0.9998709498640835,
          0.014502981272523231,
          0.006909931410981503
        ],
        [
          -0.014479579099397887,
          0.9998893000641684,
          -0.003424822081785635
        ],
        [
          -0.006958836612531577,
          0.0033243272095937887,
          0.9999702612786059
        ]
      ],
      "t": [
        -1.2362021033920882,
        2.097368381493247,
        0.31051025520124886
      ],
      "s": 1.0
    },
    "rpe": {
      "1": {
        "count": 1354.0,
        "rmse": 0.12929648886050202,
        "mean": 0.09899289835234903,
        "pstd": 0.0831744438361653,
        "mean_dt": 1.0
      },
      "10": {
        "count": 1345.0,
        "rmse": 0.7683910284806377,
        "mean": 0.6919969693698562,
        "pstd": 0.3340134234315554,
        "mean_dt": 10.0
      },
      "50": {
        "count": 1305.0,
        "rmse": 2.5427211599880986,
        "mean": 2.288225601530225,
        "pstd": 1.108807690247895,
        "mean_dt": 50.0
      }
    }
  },
  "b": {
    "ate": {
      "matches": 607,
      "rmse": 1.80942211084539,
      "R": [
        [
          0.99997790284253,
          0.0015071723729788674,
          0.006474740002030263
        ],
        [
          -0.0015291652328089384,
          0.9999930742035821,
          0.0033931104549797184
        ],
        [
          -0.006469581156962943,
          -0.0034029364241862717,
          0.999973281914745
        ]
      ],
      "t": [
        -0.7183843902614058,
        0.4675729180046915,
        -0.01386811899158813
      ],
      "s": 1.0
    },
    "rpe": {
      "1": {
        "count": 606.0,
        "rmse": 0.1176284372962372,
        "mean": 0.09010225798338584,
        "pstd": 0.07561767231970432,
        "mean_dt": 1.0
      },
      "10": {
        "count": 597.0,
        "rmse": 0.6511256017692799,
        "mean": 0.5720503474760895,
        "pstd": 0.3110031337975425,
        "mean_dt": 10.0
      },
      "50": {
        "count": 557.0,
        "rmse": 2.1533860438605177,
        "mean": 1.9392564465591726,
        "pstd": 0.936138818964335,
        "mean_dt": 50.0
      }
    }
  },
  "c": {
    "ate": {
      "matches": 1062,
      "rmse": 2.484846413029148,
      "R": [
        [
          0.9999182863132055,
          0.011077779109006635,
          0.006379929974115723
        ],
        [
          -0.011039290447958414,
          0.9999208429187469,
          -0.0060367179052829845
        ],
        [
          -0.006446298384978481,
          0.005965794722784891,
          0.9999614265212723
        ]
      ],
      "t": [
        -0.9465634676859906,
        1.5387042257127561,
        0.3258893085383665
      ],
      "s": 1.0
    },
    "rpe": {
      "1": {
        "count": 1061.0,
        "rmse": 0.5297126543307337,
        "mean": 0.18657941652268611,
        "pstd": 0.4957656880908211,
        "mean_dt": 1.0
      },
      "10": {
        "count": 1052.0,
        "rmse": 0.9301692070058281,
        "mean": 0.7346485076482141,
        "pstd": 0.5705316151381119,
        "mean_dt": 10.0
      },
      "50": {
        "count": 1012.0,
        "rmse": 2.4308947365037765,
        "mean": 2.120296011830917,
        "pstd": 1.1889466103133783,
        "mean_dt": 50.0
      }
    }
  },
  "d": {
    "ate": {
      "matches": 531,
      "rmse": 4.360492827005843,
      "R": [
        [
          0.9994854194660694,
          -0.02789969563330921,
          0.01582729472472826
        ],
        [
          0.027959954072654693,
          0.9996025658686889,
          -0.003598788266638727
        ],
        [
          -0.015720599320310398,
          0.0040394668338487386,
          0.9998682640551747
        ]
      ],
      "t": [
        1.6106908232911792,
        -1.575652514849505,
        0.9955572029467188
      ],
      "s": 1.0
    },
    "rpe": {
      "1": {
        "count": 530.0,
        "rmse": 0.6319499375878789,
        "mean": 0.20605099659983472,
        "pstd": 0.5974141866557396,
        "mean_dt": 1.0
      },
      "10": {
        "count": 521.0,
        "rmse": 1.163593840364872,
        "mean": 0.9970240104833755,
        "pstd": 0.5999114500113466,
        "mean_dt": 10.0
      },
      "50": {
        "count": 481.0,
        "rmse": 3.9524320969846585,
        "mean": 3.5808599367334906,
        "pstd": 1.6730695128330977,
        "mean_dt": 50.0
      }
    }
  }
}