{
  "ate": {
    "matches": 1355,
    "rmse": 2.2067900772314637,
    "R": [
      [
        0.9998709498640835,
        0.014502981272523231,
        0.006909931410981503
      ],
      [
        -0.014479579099397887,
        0.9998893000641684,
        -0.003424822081785635
      ],
      [
        -0.006958836612531577,
        0.0033243272095937887,
        0.9999702612786059
      ]
    ],
    "t": [
      -1.2362021033920882,
      2.097368381493247,
      0.31051025520124886
    ],
    "s": 1.0
  },
  "rpe": {
    "1": {
      "count": 1354.0,
      "rmse": 0.12929648886050202,
      "mean": 0.09899289835234903,
      "pstd": 0.0831744438361653,
      "mean_dt": 1.0
    },
    "10": {
      "count": 1345.0,
      "rmse": 0.7683910284806377,
      "mean": 0.6919969693698562,
      "pstd": 0.3340134234315554,
      "mean_dt": 10.0
    },
    "50": {
      "count": 1305.0,
      "rmse": 2.5427211599880986,
      "mean": 2.288225601530225,
      "pstd": 1.108807690247895,
      "mean_dt": 50.0
    }
  }
}