{
  "stats": {
    "topics": {
      "/c_slam/factor_batch/a": {
        "attempts": 228,
        "drops": 0,
        "published": 228,
        "delivered": 228,
        "delivery_rate": 1.0,
        "bytes_attempted": 2698472,
        "bytes_published": 2698472,
        "bytes_delivered": null,
        "drop_reasons": {},
        "delivery_method": "ack",
        "ack_latency_s": {
          "count": 228,
          "min": 0.002498782007023692,
          "max": 0.00839257799088955,
          "mean": 0.00628055882356293,
          "median": 0.0065133440075442195,
          "p90": 0.0067106120171956714,
          "p95": 0.006899700418580323,
          "stdev": 0.0008580795662655363
        }
      },
      "/c_slam/factor_batch/b": {
        "attempts": 89,
        "drops": 0,
        "published": 89,
        "delivered": 89,
        "delivery_rate": 1.0,
        "bytes_attempted": 1046976,
        "bytes_published": 1046976,
        "bytes_delivered": null,
        "drop_reasons": {},
        "delivery_method": "ack",
        "ack_latency_s": {
          "count": 89,
          "min": 0.002554397040512413,
          "max": 0.007834726013243198,
          "mean": 0.006428290044710961,
          "median": 0.006561044021509588,
          "p90": 0.0067796281655319035,
          "p95": 0.006857639027293771,
          "stdev": 0.0007240280138986552
        }
      },
      "/c_slam/factor_batch/c": {
        "attempts": 180,
        "drops": 0,
        "published": 180,
        "delivered": 180,
        "delivery_rate": 1.0,
        "bytes_attempted": 2129906,
        "bytes_published": 2129906,
        "bytes_delivered": null,
        "drop_reasons": {},
        "delivery_method": "ack",
        "ack_latency_s": {
          "count": 180,
          "min": 0.0029749410459771752,
          "max": 0.009808349015656859,
          "mean": 0.006334709433981011,
          "median": 0.0065968715061899275,
          "p90": 0.006858609727350995,
          "p95": 0.006948690756689756,
          "stdev": 0.0009198775612099271
        }
      },
      "/c_slam/factor_batch/d": {
        "attempts": 87,
        "drops": 0,
        "published": 87,
        "delivered": 87,
        "delivery_rate": 1.0,
        "bytes_attempted": 1024382,
        "bytes_published": 1024382,
        "bytes_delivered": null,
        "drop_reasons": {},
        "delivery_method": "ack",
        "ack_latency_s": {
          "count": 87,
          "min": 0.003675903019029647,
          "max": 0.007725159986875951,
          "mean": 0.006433730330799931,
          "median": 0.006512221007142216,
          "p90": 0.00677337679080665,
          "p95": 0.006896776100620628,
          "stdev": 0.0005683259431305263
        }
      }
    },
    "generated_by": {
      "component": "ros2_factor_publisher",
      "pid": 530292
    }
  }
}