{
  "loop_closure_correction": {
    "count": 709,
    "min": 0.008022282039746642,
    "max": 0.588630223996006,
    "mean": 0.10675414535299085,
    "median": 0.08823327301070094,
    "p90": 0.1807863486465068,
    "p95": 0.29838283121353015,
    "p99": 0.40763546453323213,
    "stdev": 0.07838526415525447
  },
  "interface_correction": {
    "count": 5,
    "min": 0.05497088498668745,
    "max": 0.4291041850228794,
    "mean": 0.17668950121151283,
    "median": 0.16281234502093866,
    "p90": 0.32295616782503206,
    "p95": 0.3760301764239557,
    "p99": 0.41848938330309465,
    "stdev": 0.13392284974045807
  },
  "loop_closure_correction_stabilised": {
    "count": 709,
    "min": 0.41994357109069824,
    "max": 25.388569355010986,
    "mean": 15.055189383551163,
    "median": 16.03545069694519,
    "p90": 24.16675248146057,
    "p95": 24.504047012329103,
    "p99": 25.188955965042112,
    "stdev": 7.680594992500456
  },
  "loop_closure_correction_stabilised_params": {
    "epsilon": 0.001,
    "required": 3
  },
  "interface_correction_stabilised": {
    "count": 5,
    "min": 24.165899515151978,
    "max": 26.667561769485474,
    "mean": 25.059984111785887,
    "median": 24.962751626968384,
    "p90": 25.986006689071655,
    "p95": 26.326784229278566,
    "p99": 26.599406261444095,
    "stdev": 0.857061436386051
  },
  "interface_correction_stabilised_params": {
    "epsilon": 0.001,
    "required": 3
  },
  "time_to_global_convergence_s": 26.475867986679077,
  "time_to_global_convergence_method": "last_map_broadcast",
  "timeline_start_ts": 1770239643.1155694,
  "timeline_end_ts": 1770239669.5914373,
  "optimization_duration_s": {
    "count": 297,
    "min": 0.000792481005191803,
    "max": 0.0848819210077636,
    "mean": 0.012427252924080737,
    "median": 0.0057154800160788,
    "p90": 0.03921827098820366,
    "p95": 0.059322802769020175,
    "p99": 0.07883418651996182,
    "stdev": 0.017916500922052967
  },
  "communication_uplink_messages": 664,
  "communication_uplink_bytes": 7848151,
  "communication_downlink_messages": 297,
  "communication_downlink_bytes": 87492612,
  "communication_uplink_bytes_per_s": 296426.58000669425,
  "communication_downlink_bytes_per_s": 3304617.323368607,
  "delivery_topics": {
    "/c_slam/factor_batch/d": {
      "attempts": 171.0,
      "drops": 0.0,
      "delivered": 171.0,
      "delivery_rate": 1.0
    },
    "/c_slam/factor_batch/b": {
      "attempts": 36.0,
      "drops": 0.0,
      "delivered": 36.0,
      "delivery_rate": 1.0
    },
    "/c_slam/factor_batch/c": {
      "attempts": 126.0,
      "drops": 0.0,
      "delivered": 126.0,
      "delivery_rate": 1.0
    },
    "/c_slam/factor_batch/a": {
      "attempts": 243.0,
      "drops": 0.0,
      "delivered": 243.0,
      "delivery_rate": 1.0
    },
    "/c_slam/factor_batch/e": {
      "attempts": 88.0,
      "drops": 0.0,
      "delivered": 88.0,
      "delivery_rate": 1.0
    }
  },
  "delivery_rate": {
    "count": 5,
    "min": 1.0,
    "max": 1.0,
    "mean": 1.0,
    "median": 1.0,
    "p90": 1.0,
    "p95": 1.0,
    "p99": 1.0,
    "stdev": 0.0
  },
  "estimation_metrics": {
    "ate": {
      "d": {
        "matches": 1063,
        "rmse": 2.499499613677749,
        "R": [
          [
            0.9999701010667293,
            0.007371726135975203,
            0.0023355141556676683
          ],
          [
            -0.007352710413646643,
            0.9999405774419635,
            -0.008048554814788104
          ],
          [
            -0.002394707115327223,
            0.008031141812331208,
            0.9999648824528897
          ]
        ],
        "t": [
          -0.7042723492442065,
          0.04776890637450748,
          -0.1891344704029727
        ],
        "s": 1.0
      },
      "b": {
        "matches": 188,
        "rmse": 0.9231586477904306,
        "R": [
          [
            0.9999803501487716,
            0.0059622452298839735,
            -0.001936736471249128
          ],
          [
            -0.005963000241076372,
            0.9999821473127687,
            -0.00038429659122685145
          ],
          [
            0.0019344106247807542,
            0.0003958377999009888,
            0.9999980506820855
          ]
        ],
        "t": [
          -0.6805164038809224,
          0.4256265059219735,
          -0.20670347815616363
        ],
        "s": 1.0
      },
      "c": {
        "matches": 703,
        "rmse": 1.7200590985720607,
        "R": [
          [
            0.9999882460461448,
            0.00467640718044533,
            0.0012802286662509854
          ],
          [
            -0.0046655655824585475,
            0.9999543007735963,
            -0.008344391061301255
          ],
          [
            -0.0013191919310668408,
            0.008338319990910822,
            0.9999643654412783
          ]
        ],
        "t": [
          0.07066844032397057,
          0.16945264604621002,
          -0.20346391492897364
        ],
        "s": 1.0
      },
      "e": {
        "matches": 533,
        "rmse": 2.389809570843015,
        "R": [
          [
            0.9999823576579058,
            0.004892605327017302,
            0.0033684990797798577
          ],
          [
            -0.004880574533151338,
            0.9999817153678602,
            -0.0035705632858862753
          ],
          [
            -0.0033859068449662976,
            0.0035540600819635934,
            0.9999879520733091
          ]
        ],
        "t": [
          0.35044740951667563,
          0.3904473450167423,
          0.2606985966767432
        ],
        "s": 1.0
      },
      "a": {
        "matches": 1350,
        "rmse": 1.8660317116418046,
        "R": [
          [
            0.9999887220559861,
            0.004674438023980291,
            0.000839874988241369
          ],
          [
            -0.0046683303702494475,
            0.9999636659548934,
            -0.00713256346652906
          ],
          [
            -0.000873185198062064,
            0.007128562211962772,
            0.9999742102416442
          ]
        ],
        "t": [
          -0.06985967840104479,
          0.1348622656130729,
          -0.18126240096582702
        ],
        "s": 1.0
      }
    },
    "rpe": {
      "d": {
        "1": {
          "count": 1062.0,
          "rmse": 0.7441624862035011,
          "mean": 0.2063897703042613,
          "pstd": 0.7149692780716737,
          "mean_dt": 1.0
        },
        "10": {
          "count": 1053.0,
          "rmse": 1.2047210024715695,
          "mean": 0.7244717763116786,
          "pstd": 0.9625452400401268,
          "mean_dt": 10.0
        },
        "50": {
          "count": 1013.0,
          "rmse": 2.6203408712820226,
          "mean": 2.0351619681424236,
          "pstd": 1.650545983951276,
          "mean_dt": 50.0
        }
      },
      "b": {
        "1": {
          "count": 187.0,
          "rmse": 0.37519910492545966,
          "mean": 0.18748084473606427,
          "pstd": 0.3250004633749278,
          "mean_dt": 1.0
        },
        "10": {
          "count": 178.0,
          "rmse": 0.6629733930838416,
          "mean": 0.5711818565628246,
          "pstd": 0.33657838116930044,
          "mean_dt": 10.0
        },
        "50": {
          "count": 138.0,
          "rmse": 1.647085300377291,
          "mean": 1.51496175389401,
          "pstd": 0.6463597070960847,
          "mean_dt": 50.0
        }
      },
      "c": {
        "1": {
          "count": 702.0,
          "rmse": 1.6324314726240057,
          "mean": 0.7467326243838298,
          "pstd": 1.4516276728191067,
          "mean_dt": 1.0
        },
        "10": {
          "count": 693.0,
          "rmse": 1.6217243364907428,
          "mean": 0.9996348293222882,
          "pstd": 1.276996488472908,
          "mean_dt": 10.0
        },
        "50": {
          "count": 653.0,
          "rmse": 1.9754644817834897,
          "mean": 1.7019214494546526,