{
  "ate": {
    "d": {
      "matches": 1063,
      "rmse": 2.499499613677749,
      "R": [
        [
          0.9999701010667293,
          0.007371726135975203,
          0.0023355141556676683
        ],
        [
          -0.007352710413646643,
          0.9999405774419635,
          -0.008048554814788104
        ],
        [
          -0.002394707115327223,
          0.008031141812331208,
          0.9999648824528897
        ]
      ],
      "t": [
        -0.7042723492442065,
        0.04776890637450748,
        -0.1891344704029727
      ],
      "s": 1.0
    },
    "b": {
      "matches": 188,
      "rmse": 0.9231586477904306,
      "R": [
        [
          0.9999803501487716,
          0.0059622452298839735,
          -0.001936736471249128
        ],
        [
          -0.005963000241076372,
          0.9999821473127687,
          -0.00038429659122685145
        ],
        [
          0.0019344106247807542,
          0.0003958377999009888,
          0.9999980506820855
        ]
      ],
      "t": [
        -0.6805164038809224,
        0.4256265059219735,
        -0.20670347815616363
      ],
      "s": 1.0
    },
    "c": {
      "matches": 703,
      "rmse": 1.7200590985720607,
      "R": [
        [
          0.9999882460461448,
          0.00467640718044533,
          0.0012802286662509854
        ],
        [
          -0.0046655655824585475,
          0.9999543007735963,
          -0.008344391061301255
        ],
        [
          -0.0013191919310668408,
          0.008338319990910822,
          0.9999643654412783
        ]
      ],
      "t": [
        0.07066844032397057,
        0.16945264604621002,
        -0.20346391492897364
      ],
      "s": 1.0
    },
    "e": {
      "matches": 533,
      "rmse": 2.389809570843015,
      "R": [
        [
          0.9999823576579058,
          0.004892605327017302,
          0.0033684990797798577
        ],
        [
          -0.004880574533151338,
          0.9999817153678602,
          -0.0035705632858862753
        ],
        [
          -0.0033859068449662976,
          0.0035540600819635934,
          0.9999879520733091
        ]
      ],
      "t": [
        0.35044740951667563,
        0.3904473450167423,
        0.2606985966767432
      ],
      "s": 1.0
    },
    "a": {
      "matches": 1350,
      "rmse": 1.8660317116418046,
      "R": [
        [
          0.9999887220559861,
          0.004674438023980291,
          0.000839874988241369
        ],
        [
          -0.0046683303702494475,
          0.9999636659548934,
          -0.00713256346652906
        ],
        [
          -0.000873185198062064,
          0.007128562211962772,
          0.9999742102416442
        ]
      ],
      "t": [
        -0.06985967840104479,
        0.1348622656130729,
        -0.18126240096582702
      ],
      "s": 1.0
    }
  },
  "rpe": {
    "d": {
      "1": {
        "count": 1062.0,
        "rmse": 0.7441624862035011,
        "mean": 0.2063897703042613,
        "pstd": 0.7149692780716737,
        "mean_dt": 1.0
      },
      "10": {
        "count": 1053.0,
        "rmse": 1.2047210024715695,
        "mean": 0.7244717763116786,
        "pstd": 0.9625452400401268,
        "mean_dt": 10.0
      },
      "50": {
        "count": 1013.0,
        "rmse": 2.6203408712820226,
        "mean": 2.0351619681424236,
        "pstd": 1.650545983951276,
        "mean_dt": 50.0
      }
    },
    "b": {
      "1": {
        "count": 187.0,
        "rmse": 0.37519910492545966,
        "mean": 0.18748084473606427,
        "pstd": 0.3250004633749278,
        "mean_dt": 1.0
      },
      "10": {
        "count": 178.0,
        "rmse": 0.6629733930838416,
        "mean": 0.5711818565628246,
        "pstd": 0.33657838116930044,
        "mean_dt": 10.0
      },
      "50": {
        "count": 138.0,
        "rmse": 1.647085300377291,
        "mean": 1.51496175389401,
        "pstd": 0.6463597070960847,
        "mean_dt": 50.0
      }
    },
    "c": {
      "1": {
        "count": 702.0,
        "rmse": 1.6324314726240057,
        "mean": 0.7467326243838298,
        "pstd": 1.4516276728191067,
        "mean_dt": 1.0
      },
      "10": {
        "count": 693.0,
        "rmse": 1.6217243364907428,
        "mean": 0.9996348293222882,
        "pstd": 1.276996488472908,
        "mean_dt": 10.0
      },
      "50": {
        "count": 653.0,
        "rmse": 1.9754644817834897,
        "mean": 1.7019214494546526,
        "pstd": 1.0029572765947148,
        "mean_dt": 50.0
      }
    },
    "e": {
      "1": {
        "count": 532.0,
        "rmse": 0.3335970996461614,
        "mean": 0.14826757477619196,
        "pstd": 0.2988373322768046,
        "mean_dt": 1.0
      },
      "10": {
        "count": 523.0,
        "rmse": 0.7489781661779177,
        "mean": 0.6207162040689527,
        "pstd": 0.4191416078337566,
        "mean_dt": 10.0
      },
      "50": {
        "count": 483.0,
        "rmse": 2.4613870790043437,
        "mean": 2.1428810628489896,
        "pstd": 1.2109860045321417,
        "mean_dt": 50.0
      }
    },
    "a": {
      "1": {
        "count": 1349.0,
        "rmse": 0.1142905669730755,
        "mean": 0.08154483646578013,
        "pstd": 0.08007979361109913,
        "mean_dt": 1.0
      },
      "10": {
        "count": 1340.0,
        "rmse": 0.5002716281387161,
        "mean": 0.4533166110580854,
        "pstd": 0.21160281675671153,
        "mean_dt": 10.0
      },
      "50": {
        "count": 1300.0,
        "rmse": 1.7392919450941027,
        "mean": 1.5643049123643484,
        "pstd": 0.7603200716948086,
        "mean_dt": 50.0
      }
    }
  }
}