{
  "loop_closure_correction": {
    "count": 0
  },
  "interface_correction": {
    "count": 0
  },
  "loop_closure_correction_stabilised": {
    "count": 0
  },
  "loop_closure_correction_stabilised_params": {
    "epsilon": 0.001,
    "required": 3
  },
  "interface_correction_stabilised": {
    "count": 21368,
    "min": 0.37124133110046387,
    "max": 127.74272799491882,
    "mean": 9.81301586408599,
    "median": 8.335078358650208,
    "p90": 20.534605026245117,
    "p95": 21.82188215255737,
    "p99": 22.900133247375486,
    "stdev": 7.827039105847937
  },
  "interface_correction_stabilised_params": {
    "epsilon": 0.001,
    "required": 3
  },
  "time_to_global_convergence_s": 0.3305239677429199,
  "time_to_global_convergence_method": "delta_threshold",
  "timeline_start_ts": 1770246332.8893127,
  "timeline_end_ts": 1770246333.2198367,
  "optimization_duration_s": {
    "count": 303,
    "min": 0.0008162340382114053,
    "max": 0.024496778030879796,
    "mean": 0.004210620718583981,
    "median": 0.0016478679608553648,
    "p90": 0.00999553179135546,
    "p95": 0.019625520380213847,
    "p99": 0.02176798132015393,
    "stdev": 0.004907502325893289
  },
  "communication_uplink_messages": 21944,
  "communication_uplink_bytes": 29324854,
  "communication_downlink_messages": 0,
  "communication_downlink_bytes": 0,
  "communication_uplink_bytes_per_s": 88722322.31826752,
  "communication_downlink_bytes_per_s": 0.0,
  "delivery_topics": {
    "/c_slam/factor_batch/a": {
      "attempts": 96.0,
      "drops": 0.0,
      "delivered": 95.0,
      "delivery_rate": 0.9895833333333334
    },
    "/c_slam/factor_batch/c": {
      "attempts": 97.0,
      "drops": 0.0,
      "delivered": 96.0,
      "delivery_rate": 0.9896907216494846
    },
    "/c_slam/factor_batch/b": {
      "attempts": 171.0,
      "drops": 0.0,
      "delivered": 171.0,
      "delivery_rate": 1.0
    },
    "/c_slam/iface/run_ad6e0618/c": {
      "attempts": 23432.0,
      "drops": 0.0,
      "delivered": 1583.0,
      "delivery_rate": 0.06755718675315807
    },
    "/c_slam/iface/run_ad6e0618/b": {
      "attempts": 8888.0,
      "drops": 0.0,
      "delivered": 1773.0,
      "delivery_rate": 0.19948244824482447
    },
    "/c_slam/iface/run_ad6e0618/a": {
      "attempts": 1717.0,
      "drops": 0.0,
      "delivered": 1717.0,
      "delivery_rate": 0.0
    }
  },
  "delivery_rate": {
    "count": 6,
    "min": 0.0,
    "max": 1.0,
    "mean": 0.5410522816634667,
    "median": 0.5945328907890789,
    "p90": 0.9948453608247423,
    "p95": 0.9974226804123711,
    "p99": 0.9994845360824742,
    "stdev": 0.45583160081519847
  },
  "estimation_metrics": {
    "a": {
      "ate": {
        "matches": 590,
        "rmse": 4.287593492032797,
        "R": [
          [
            0.999828350769192,
            0.002901706035460416,
            0.018298882486131696
          ],
          [
            -0.0031231253601004608,
            0.9999221180336636,
            0.012083209633918332
          ],
          [
            -0.018262395410859427,
            -0.012138285264232919,
            0.9997595445629421
          ]
        ],
        "t": [
          -2.5080326877158114,
          2.181864515471844,
          2.8060157598572255
        ],
        "s": 1.0
      },
      "rpe": {
        "1": {
          "count": 589.0,
          "rmse": 1.281483000843628,
          "mean": 0.19223140078904546,
          "pstd": 1.2669829399016668,
          "mean_dt": 1.0
        },
        "10": {
          "count": 580.0,
          "rmse": 1.694403260503933,
          "mean": 0.9715964092855606,
          "pstd": 1.388165273542659,
          "mean_dt": 10.0
        },
        "50": {
          "count": 540.0,
          "rmse": 4.149678223395831,
          "mean": 3.3443803479985155,
          "pstd": 2.456613409889092,
          "mean_dt": 50.0
        }
      }
    },
    "b": {
      "ate": {
        "matches": 1020,
        "rmse": 3.096192148867626,
        "R": [
          [
            0.9995838460881574,
            -0.017968021425695476,
            0.022567340243207158
          ],
          [
            0.018127492845380833,
            0.9998119992338335,
            -0.006881874104204315
          ],
          [
            -0.02243944390459781,
            0.007288099484173041,
            0.9997216387390848
          ]
        ],
        "t": [
          0.7160953066406819,
          -1.5704633497172864,
          2.5772792934501467
        ],
        "s": 1.0
      },
      "rpe": {
        "1": {
          "count": 1019.0,
          "rmse": 0.7062175343521562,
          "mean": 0.17742362260076153,
          "pstd": 0.6835671612721472,
          "mean_dt": 1.0
        },
        "10": {
          "count": 1010.0,
          "rmse": 1.229524730753081,
          "mean": 0.846770984264583,
          "pstd": 0.8914650659117416,
          "mean_dt": 10.0
        },
        "50": {
          "count": 970.0,
          "rmse": 3.164459249225575,
          "mean": 2.562131619927112,
          "pstd": 1.8572247850432553,
          "mean_dt": 50.0
        }
      }
    },
    "c": {
      "ate": {
        "matches": 559,
        "rmse": 5.483525536709213,
        "R": [
          [
            0.9987106806772976,
            -0.047570053478309525,
            0.017721916181958102
          ],
          [
            0.04767339985502472,
            0.9988480802787435,
            -0.005455224077030391
          ],
          [
            -0.017441996656129152,
            0.006293054547557925,
            0.9998280723289921
          ]
        ],
        "t": [
          1.5320167618142193,
          -3.436724973337192,
          1.3849768514746827
        ],
        "s": 1.0
      },
      "rpe": {
        "1": {
          "count": 558.0,
          "rmse": 1.6552510857408311,
          "mean": 0.4919608779761204,
          "pstd": 1.5804526729349297,
          "mean_dt": 1.0
        },
        "10": {
          "count": 549.0,
          "rmse": 2.103321160112208,
          "mean": 1.4140058443815398,
          "pstd": 1.5570958142100995,
          "mean_dt": 10.0
        },
        "50": {
          "count": 509.0,
          "rmse": 5.623686373403463,
          "mean": 4.590735901783827,
          "pstd": 3.248229103138635,
          "mean_dt": 50.0
        }
      }
    }
  },
  "input_end_team_ts": 1770246346.7396436,
  "input_end_method": "input_end_event",
  "input_end_per_robot_ts": {
    "a": 1770246332.8893127,
    "c": 1770246345.8051383,
    "b": 1770246346.7396436
  },
  "time_from_input_end_to_team_convergence_s": 20.49001932144165,
  "time_from_input_end_to_team_convergence_method": "censored_end",
  "time_from_input_end_to_team_convergence_per_robot_s": {
    "a": 20.49001932144165,
    "c": 0.19533658027648926,
    "b": 9.28925347328186
  },
  "time_from_input_end_to_team_convergence_params": {
    "epsilon": 0.001,
    "required": 3
  },
  "time_from_input_end_to_ddf_stop_team_s": 20.49001932144165,
  "time_from_input_end_to_ddf_stop_method": "ddf_stop_event",
  "time_from_input_end_to_ddf_stop_per_robot_s": {
    "a": 0.0,
    "b": 20.49001932144165,
    "c": 8.631448030471802
  },
  "stable_team_convergence_s": 20.49001932144165,
  "stable_team_convergence_method": "censored_end",
  "stable_team_convergence_per_robot_s": {
    "a": 20.49001932144165,
    "c": 0.19533658027648926,
    "b": 9.28925347328186
  },
  "stable_team_convergence_params": {
    "epsilon": 0.001,
    "required": 3
  },
  "stable_loop_closure_correction": {
    "count": 0
  },
  "stable_loop_closure_correction_params": {
    "epsilon": 0.001,
    "required": 3
  },
  "stable_interface_correction": {
    "count": 21368,
    "min": 0.37124133110046387,
    "max": 127.74272799491882,
    "mean": 9.81301586408599,
    "median": 8.335078358650208,
    "p90": 20.534605026245117,
    "p95": 21.82188215255737,
    "p99": 22.900133247375486,
    "stdev": 7.827039105847937
  },