{
  "ate": {
    "matches": 1020,
    "rmse": 3.096192148867626,
    "R": [
      [
        0.9995838460881574,
        -0.017968021425695476,
        0.022567340243207158
      ],
      [
        0.018127492845380833,
        0.9998119992338335,
        -0.006881874104204315
      ],
      [
        -0.02243944390459781,
        0.007288099484173041,
        0.9997216387390848
      ]
    ],
    "t": [
      0.7160953066406819,
      -1.5704633497172864,
      2.5772792934501467
    ],
    "s": 1.0
  },
  "rpe": {
    "1": {
      "count": 1019.0,
      "rmse": 0.7062175343521562,
      "mean": 0.17742362260076153,
      "pstd": 0.6835671612721472,
      "mean_dt": 1.0
    },
    "10": {
      "count": 1010.0,
      "rmse": 1.229524730753081,
      "mean": 0.846770984264583,
      "pstd": 0.8914650659117416,
      "mean_dt": 10.0
    },
    "50": {
      "count": 970.0,
      "rmse": 3.164459249225575,
      "mean": 2.562131619927112,
      "pstd": 1.8572247850432553,
      "mean_dt": 50.0
    }
  }
}