{
  "loop_closure_correction": {
    "count": 363,
    "min": 0.006402205035556108,
    "max": 0.2530218040337786,
    "mean": 0.06823995190264642,
    "median": 0.06421639799373224,
    "p90": 0.09493978222599253,
    "p95": 0.13430848512216456,
    "p99": 0.18409802105510595,
    "stdev": 0.03541528855197398
  },
  "interface_correction": {
    "count": 4,
    "min": 0.01024926599347964,
    "max": 0.08172001095954329,
    "mean": 0.0375863764929818,
    "median": 0.029188114509452134,
    "p90": 0.06753045077202843,
    "p95": 0.07462523086578583,
    "p99": 0.08030105494079179,
    "stdev": 0.026883698947118922
  },
  "loop_closure_correction_stabilised": {
    "count": 363,
    "min": 0.2562263011932373,
    "max": 18.44714379310608,
    "mean": 10.274498144128763,
    "median": 10.735329151153564,
    "p90": 16.91978120803833,
    "p95": 17.445572566986083,
    "p99": 17.886842575073242,
    "stdev": 5.388495794440955
  },
  "loop_closure_correction_stabilised_params": {
    "epsilon": 0.001,
    "required": 3
  },
  "interface_correction_stabilised": {
    "count": 4,
    "min": 16.298734188079834,
    "max": 18.62393307685852,
    "mean": 17.510377645492554,
    "median": 17.55942165851593,
    "p90": 18.457461810112,
    "p95": 18.54069744348526,
    "p99": 18.60728595018387,
    "stdev": 0.8989292498822284
  },
  "interface_correction_stabilised_params": {
    "epsilon": 0.001,
    "required": 3
  },
  "time_to_global_convergence_s": 18.569846630096436,
  "time_to_global_convergence_method": "last_map_broadcast",
  "timeline_start_ts": 1770252224.2963774,
  "timeline_end_ts": 1770252242.866224,
  "optimization_duration_s": {
    "count": 254,
    "min": 0.0005915730143897235,
    "max": 0.06726833403808996,
    "mean": 0.009109614974742124,
    "median": 0.00389004749013111,
    "p90": 0.027095194818684835,
    "p95": 0.04928293582343028,
    "p99": 0.0630736408586381,
    "stdev": 0.01433677245460181
  },
  "communication_uplink_messages": 536,
  "communication_uplink_bytes": 6336415,
  "communication_downlink_messages": 254,
  "communication_downlink_bytes": 60903991,
  "communication_uplink_bytes_per_s": 341220.64259434835,
  "communication_downlink_bytes_per_s": 3279725.0409861743,
  "delivery_topics": {
    "/c_slam/factor_batch/a": {
      "attempts": 228.0,
      "drops": 0.0,
      "delivered": 228.0,
      "delivery_rate": 1.0
    },
    "/c_slam/factor_batch/b": {
      "attempts": 89.0,
      "drops": 0.0,
      "delivered": 89.0,
      "delivery_rate": 1.0
    },
    "/c_slam/factor_batch/c": {
      "attempts": 180.0,
      "drops": 0.0,
      "delivered": 180.0,
      "delivery_rate": 1.0
    },
    "/c_slam/factor_batch/d": {
      "attempts": 87.0,
      "drops": 48.0,
      "delivered": 39.0,
      "delivery_rate": 0.4482758620689655
    }
  },
  "delivery_rate": {
    "count": 4,
    "min": 0.4482758620689655,
    "max": 1.0,
    "mean": 0.8620689655172413,
    "median": 1.0,
    "p90": 1.0,
    "p95": 1.0,
    "p99": 1.0,
    "stdev": 0.23890355966467272
  },
  "estimation_metrics": {
    "ate": {
      "a": {
        "matches": 1355,
        "rmse": 1.51514255571338,
        "R": [
          [
            0.999996760733389,
            0.0019698297264906448,
            -0.0016119223238123342
          ],
          [
            -0.0019745172670057316,
            0.9999938118038407,
            -0.002911637956010363
          ],
          [
            0.0016061769179222776,
            0.0029148112929001796,
            0.9999944620200829
          ]
        ],
        "t": [
          -1.0778297362694076,
          0.5340391220053178,
          -0.4890776058688342
        ],
        "s": 1.0
      },
      "c": {
        "matches": 1062,
        "rmse": 1.8413099084128626,
        "R": [
          [
            0.9999940121935436,
            0.0034204337975630955,
            -0.000525556557043992
          ],
          [
            -0.0034240853891217135,
            0.9999688486639832,
            -0.007111774804860575
          ],
          [
            0.0005012148303518932,
            0.007113531771457585,
            0.9999745729014466
          ]
        ],
        "t": [
          -1.0572573331823634,
          0.4357756724893065,
          -0.4401666069254153
        ],
        "s": 1.0
      },
      "b": {
        "matches": 607,
        "rmse": 1.7048049290111398,
        "R": [
          [
            0.9999942260587865,
            0.0028692714429856166,
            -0.0018207499758543808
          ],
          [
            -0.0028792468706993236,
            0.9999807298753041,
            -0.00549998322822131
          ],
          [
            0.0018049339449616674,
            0.005505193860311737,
            0.9999832173861792
          ]
        ],
        "t": [
          -0.928458523032262,
          0.4841342611307198,
          -0.5593247504446399
        ],
        "s": 1.0
      },
      "d": {
        "matches": 284,
        "rmse": 2.964197508544909,
        "R": [
          [
            0.9997834029258358,
            0.01985529538061179,
            0.00623814711144224
          ],
          [
            -0.01986467512377401,
            0.9998016332786642,
            0.0014452596798593433
          ],
          [
            -0.006208213612807241,
            -0.0015688654065844007,
            0.9999794981623745
          ]
        ],
        "t": [
          -0.2241823595105359,
          2.0788603581555467,
          0.5262665357994116
        ],
        "s": 1.0
      }
    },
    "rpe": {
      "a": {
        "1": {
          "count": 1354.0,
          "rmse": 0.1730776432917818,
          "mean": 0.08690904644625463,
          "pstd": 0.1496752760252675,
          "mean_dt": 1.0
        },
        "10": {
          "count": 1345.0,
          "rmse": 0.6149309841914755,
          "mean": 0.4973739276773968,
          "pstd": 0.36160654223265454,
          "mean_dt": 10.0
        },
        "50": {
          "count": 1305.0,
          "rmse": 1.6732900577897676,
          "mean": 1.5168868783396887,
          "pstd": 0.7063666298877355,
          "mean_dt": 50.0
        }
      },
      "c": {
        "1": {
          "count": 1061.0,
          "rmse": 0.551554033319409,
          "mean": 0.20214019181336143,
          "pstd": 0.5131775467852864,
          "mean_dt": 1.0
        },
        "10": {
          "count": 1052.0,
          "rmse": 0.8264570008760208,
          "mean": 0.6155628897242079,
          "pstd": 0.5514648702241775,
          "mean_dt": 10.0
        },
        "50": {
          "count": 1012.0,
          "rmse": 1.8867409831425552,
          "mean": 1.6356588642968137,
          "pstd": 0.9404316121425297,
          "mean_dt": 50.0
        }
      },
      "b": {
        "1": {
          "count": 606.0,
          "rmse": 0.10360053919956451,
          "mean": 0.08543885613878549,
          "pstd": 0.058594142916646844,
          "mean_dt": 1.0
        },
        "10": {
          "count": 597.0,
          "rmse": 0.6233324032152068,
          "mean": 0.5525134981578199,
          "pstd": 0.2885690892168699,
          "mean_dt": 10.0
        },
        "50": {
          "count": 557.0,
          "rmse": 1.9982422753182145,
          "mean": 1.8637516599330572,
          "pstd": 0.7206954564624962,
          "mean_dt": 50.0
        }
      },
      "d": {
        "1": {
          "count": 283.0,
          "rmse": 0.87688085626483,
          "mean": 0.29048695843751937,
          "pstd": 0.827367731460117,
          "mean_dt": 1.0
        },
        "10": {
          "count": 274.0,
          "rmse": 1.4267228761129966,
          "mean": 1.0438683443275631,
          "pstd": 0.9725621033820787,
          "mean_dt": 10.0
        },
        "50": {
          "count": 234.0,
          "rmse": 3.4754752186358635,
          "mean": 3.1901411832215527,
          "pstd": 1.379103776539605,
          "mean_dt": 50.0
        }
      }
    }
  },