{
  "ate": {
    "a": {
      "matches": 1355,
      "rmse": 1.51514255571338,
      "R": [
        [
          0.999996760733389,
          0.0019698297264906448,
          -0.0016119223238123342
        ],
        [
          -0.0019745172670057316,
          0.9999938118038407,
          -0.002911637956010363
        ],
        [
          0.0016061769179222776,
          0.0029148112929001796,
          0.9999944620200829
        ]
      ],
      "t": [
        -1.0778297362694076,
        0.5340391220053178,
        -0.4890776058688342
      ],
      "s": 1.0
    },
    "c": {
      "matches": 1062,
      "rmse": 1.8413099084128626,
      "R": [
        [
          0.9999940121935436,
          0.0034204337975630955,
          -0.000525556557043992
        ],
        [
          -0.0034240853891217135,
          0.9999688486639832,
          -0.007111774804860575
        ],
        [
          0.0005012148303518932,
          0.007113531771457585,
          0.9999745729014466
        ]
      ],
      "t": [
        -1.0572573331823634,
        0.4357756724893065,
        -0.4401666069254153
      ],
      "s": 1.0
    },
    "b": {
      "matches": 607,
      "rmse": 1.7048049290111398,
      "R": [
        [
          0.9999942260587865,
          0.0028692714429856166,
          -0.0018207499758543808
        ],
        [
          -0.0028792468706993236,
          0.9999807298753041,
          -0.00549998322822131
        ],
        [
          0.0018049339449616674,
          0.005505193860311737,
          0.9999832173861792
        ]
      ],
      "t": [
        -0.928458523032262,
        0.4841342611307198,
        -0.5593247504446399
      ],
      "s": 1.0
    },
    "d": {
      "matches": 284,
      "rmse": 2.964197508544909,
      "R": [
        [
          0.9997834029258358,
          0.01985529538061179,
          0.00623814711144224
        ],
        [
          -0.01986467512377401,
          0.9998016332786642,
          0.0014452596798593433
        ],
        [
          -0.006208213612807241,
          -0.0015688654065844007,
          0.9999794981623745
        ]
      ],
      "t": [
        -0.2241823595105359,
        2.0788603581555467,
        0.5262665357994116
      ],
      "s": 1.0
    }
  },
  "rpe": {
    "a": {
      "1": {
        "count": 1354.0,
        "rmse": 0.1730776432917818,
        "mean": 0.08690904644625463,
        "pstd": 0.1496752760252675,
        "mean_dt": 1.0
      },
      "10": {
        "count": 1345.0,
        "rmse": 0.6149309841914755,
        "mean": 0.4973739276773968,
        "pstd": 0.36160654223265454,
        "mean_dt": 10.0
      },
      "50": {
        "count": 1305.0,
        "rmse": 1.6732900577897676,
        "mean": 1.5168868783396887,
        "pstd": 0.7063666298877355,
        "mean_dt": 50.0
      }
    },
    "c": {
      "1": {
        "count": 1061.0,
        "rmse": 0.551554033319409,
        "mean": 0.20214019181336143,
        "pstd": 0.5131775467852864,
        "mean_dt": 1.0
      },
      "10": {
        "count": 1052.0,
        "rmse": 0.8264570008760208,
        "mean": 0.6155628897242079,
        "pstd": 0.5514648702241775,
        "mean_dt": 10.0
      },
      "50": {
        "count": 1012.0,
        "rmse": 1.8867409831425552,
        "mean": 1.6356588642968137,
        "pstd": 0.9404316121425297,
        "mean_dt": 50.0
      }
    },
    "b": {
      "1": {
        "count": 606.0,
        "rmse": 0.10360053919956451,
        "mean": 0.08543885613878549,
        "pstd": 0.058594142916646844,
        "mean_dt": 1.0
      },
      "10": {
        "count": 597.0,
        "rmse": 0.6233324032152068,
        "mean": 0.5525134981578199,
        "pstd": 0.2885690892168699,
        "mean_dt": 10.0
      },
      "50": {
        "count": 557.0,
        "rmse": 1.9982422753182145,
        "mean": 1.8637516599330572,
        "pstd": 0.7206954564624962,
        "mean_dt": 50.0
      }
    },
    "d": {
      "1": {
        "count": 283.0,
        "rmse": 0.87688085626483,
        "mean": 0.29048695843751937,
        "pstd": 0.827367731460117,
        "mean_dt": 1.0
      },
      "10": {
        "count": 274.0,
        "rmse": 1.4267228761129966,
        "mean": 1.0438683443275631,
        "pstd": 0.9725621033820787,
        "mean_dt": 10.0
      },
      "50": {
        "count": 234.0,
        "rmse": 3.4754752186358635,
        "mean": 3.1901411832215527,
        "pstd": 1.379103776539605,
        "mean_dt": 50.0
      }
    }
  }
}