{
  "stats": {
    "topics": {
      "/c_slam/factor_batch/a": {
        "attempts": 228,
        "drops": 0,
        "published": 228,
        "delivered": 228,
        "delivery_rate": 1.0,
        "bytes_attempted": 2698464,
        "bytes_published": 2698464,
        "bytes_delivered": null,
        "drop_reasons": {},
        "delivery_method": "ack",
        "ack_latency_s": {
          "count": 228,
          "min": 0.004952188988681883,
          "max": 4.156932428013533,
          "mean": 1.0872424123379842,
          "median": 0.5376670029945672,
          "p90": 3.5764817278773986,
          "p95": 3.9518686049646923,
          "stdev": 1.2902548723601854
        }
      },
      "/c_slam/factor_batch/b": {
        "attempts": 89,
        "drops": 0,
        "published": 89,
        "delivered": 89,
        "delivery_rate": 1.0,
        "bytes_attempted": 1046977,
        "bytes_published": 1046977,
        "bytes_delivered": null,
        "drop_reasons": {},
        "delivery_method": "ack",
        "ack_latency_s": {
          "count": 89,
          "min": 0.0061605210066773,
          "max": 4.262027872027829,
          "mean": 0.21920978345220196,
          "median": 0.06670368398772553,
          "p90": 0.5452778925886378,
          "p95": 0.5895124628092161,
          "stdev": 0.47298103375968087
        }
      },
      "/c_slam/factor_batch/c": {
        "attempts": 180,
        "drops": 0,
        "published": 180,
        "delivered": 180,
        "delivery_rate": 1.0,
        "bytes_attempted": 2129901,
        "bytes_published": 2129901,
        "bytes_delivered": null,
        "drop_reasons": {},
        "delivery_method": "ack",
        "ack_latency_s": {
          "count": 180,
          "min": 0.006834266998339444,
          "max": 4.059333726996556,
          "mean": 1.1019062634185603,
          "median": 0.5813463634694926,
          "p90": 3.12642112969188,
          "p95": 3.4720758368959643,
          "stdev": 1.1611404774800733
        }
      },
      "/c_slam/factor_batch/d": {
        "attempts": 87,
        "drops": 48,
        "published": 39,
        "delivered": 39,
        "delivery_rate": 0.4482758620689655,
        "bytes_attempted": 1024377,
        "bytes_published": 461073,
        "bytes_delivered": null,
        "drop_reasons": {
          "blackout": 48
        },
        "delivery_method": "ack",
        "ack_latency_s": {
          "count": 39,
          "min": 0.007790525036398321,
          "max": 0.19904414302436635,
          "mean": 0.03795223536256414,
          "median": 0.02535418199840933,
          "p90": 0.09800561220617965,
          "p95": 0.10419802002143115,
          "stdev": 0.03870965899940792
        }
      }
    },
    "generated_by": {
      "component": "ros2_factor_publisher",
      "pid": 498590
    }
  }
}