{
  "a": {
    "ate": {
      "matches": 1341,
      "rmse": 2.0697171158787593,
      "R": [
        [
          0.9999276726044054,
          0.011744009798781277,
          -0.002593799102286009
        ],
        [
          -0.011743381236304891,
          0.9999310109835982,
          0.0002574304894850596
        ],
        [
          0.0025966434248282056,
          -0.00022695189849970127,
          0.9999966029621099
        ]
      ],
      "t": [
        -0.8906740140249809,
        3.078585667625525,
        -0.8709860555510165
      ],
      "s": 1.0
    },
    "rpe": {
      "1": {
        "count": 1340.0,
        "rmse": 0.15302046513207995,
        "mean": 0.09293337237121553,
        "pstd": 0.12156747529232918,
        "mean_dt": 1.0
      },
      "10": {
        "count": 1331.0,
        "rmse": 0.6853400147238008,
        "mean": 0.5889792440218075,
        "pstd": 0.35042029891705684,
        "mean_dt": 10.0
      },
      "50": {
        "count": 1291.0,
        "rmse": 2.199964210916669,
        "mean": 1.9750737437387405,
        "pstd": 0.9689820618092183,
        "mean_dt": 50.0
      }
    }
  },
  "b": {
    "ate": {
      "matches": 620,
      "rmse": 2.993871664748198,
      "R": [
        [
          0.9999769171636704,
          0.006724142083637755,
          0.0009752195036623122
        ],
        [
          -0.006724775938470097,
          0.9999771783878733,
          0.0006481450485120097
        ],
        [
          -0.000970839028184063,
          -0.0006546882201389215,
          0.9999993144272228
        ]
      ],
      "t": [
        -2.1161948855994552,
        1.534815638447995,
        -0.2451088036568958
      ],
      "s": 1.0
    },
    "rpe": {
      "1": {
        "count": 619.0,
        "rmse": 0.46784994565839894,
        "mean": 0.16223892342496785,
        "pstd": 0.43881898703050026,
        "mean_dt": 1.0
      },
      "10": {
        "count": 610.0,
        "rmse": 1.1132649110574384,
        "mean": 0.8558151673492417,
        "pstd": 0.7119966021876204,
        "mean_dt": 10.0
      },
      "50": {
        "count": 570.0,
        "rmse": 3.362303300962017,
        "mean": 2.721526366351257,
        "pstd": 1.9744309876303587,
        "mean_dt": 50.0
      }
    }
  },
  "c": {
    "ate": {
      "matches": 1064,
      "rmse": 3.191976134943506,
      "R": [
        [
          0.9998479717785398,
          0.016680716082335827,
          0.005078094260755425
        ],
        [
          -0.01668332868681866,
          0.9998607119159761,
          0.0004725577263208422
        ],
        [
          -0.005069504341470075,
          -0.0005572053998650073,
          0.9999869947393688
        ]
      ],
      "t": [
        -0.45302622216149757,
        2.823432132553563,
        0.08513743935174745
      ],
      "s": 1.0
    },
    "rpe": {
      "1": {
        "count": 1063.0,
        "rmse": 0.9651563094727351,
        "mean": 0.202339362215423,
        "pstd": 0.9437083682013663,
        "mean_dt": 1.0
      },
      "10": {
        "count": 1054.0,
        "rmse": 2.803643696800948,
        "mean": 0.9665359662987876,
        "pstd": 2.631772445418212,
        "mean_dt": 10.0
      },
      "50": {
        "count": 1014.0,
        "rmse": 3.701863305708848,
        "mean": 2.2774406686772224,
        "pstd": 2.918399550234459,
        "mean_dt": 50.0
      }
    }
  },
  "d": {
    "ate": {
      "matches": 529,
      "rmse": 4.887230111931965,
      "R": [
        [
          0.9989979424906182,
          -0.04456847618069849,
          0.004094121449173778
        ],
        [
          0.04453644621960492,
          0.9989787967371236,
          0.007607143207257763
        ],
        [
          -0.004428979299827114,
          -0.007417182792544354,
          0.9999626840746526
        ]
      ],
      "t": [
        1.4002988275711346,
        -2.7895252000637356,
        0.20226637705941908
      ],
      "s": 1.0
    },
    "rpe": {
      "1": {
        "count": 528.0,
        "rmse": 0.7176141724745412,
        "mean": 0.21559855209994486,
        "pstd": 0.6844613684268295,
        "mean_dt": 1.0
      },
      "10": {
        "count": 519.0,
        "rmse": 1.4182575239651272,
        "mean": 1.1050353253023226,
        "pstd": 0.8890170606448916,
        "mean_dt": 10.0
      },
      "50": {
        "count": 479.0,
        "rmse": 4.539825617574905,
        "mean": 3.8889036140241333,
        "pstd": 2.3423162294659106,
        "mean_dt": 50.0
      }
    }
  }
}