{
  "stats": {
    "topics": {
      "/c_slam/factor_batch/a": {
        "attempts": 230,
        "drops": 0,
        "published": 230,
        "delivered": 230,
        "delivery_rate": 1.0,
        "bytes_attempted": 2716276,
        "bytes_published": 2716276,
        "bytes_delivered": null,
        "drop_reasons": {},
        "delivery_method": "ack",
        "ack_latency_s": {
          "count": 230,
          "min": 0.003019933996256441,
          "max": 0.00838928297162056,
          "mean": 0.006507902972035758,
          "median": 0.006606729002669454,
          "p90": 0.006808573077432811,
          "p95": 0.006902109924703836,
          "stdev": 0.000547509243007962
        }
      },
      "/c_slam/factor_batch/b": {
        "attempts": 93,
        "drops": 0,
        "published": 93,
        "delivered": 93,
        "delivery_rate": 1.0,
        "bytes_attempted": 1097942,
        "bytes_published": 1097942,
        "bytes_delivered": null,
        "drop_reasons": {},
        "delivery_method": "ack",
        "ack_latency_s": {
          "count": 93,
          "min": 0.0038782870396971703,
          "max": 0.007781660999171436,
          "mean": 0.0065010486894177015,
          "median": 0.006598117004614323,
          "p90": 0.006778869568370283,
          "p95": 0.006837222806643694,
          "stdev": 0.0004194613978890357
        }
      },
      "/c_slam/factor_batch/c": {
        "attempts": 188,
        "drops": 0,
        "published": 188,
        "delivered": 188,
        "delivery_rate": 1.0,
        "bytes_attempted": 2217939,
        "bytes_published": 2217939,
        "bytes_delivered": null,
        "drop_reasons": {},
        "delivery_method": "ack",
        "ack_latency_s": {
          "count": 188,
          "min": 0.003547886968590319,
          "max": 0.0080312310019508,
          "mean": 0.006518415430501262,
          "median": 0.006620193977141753,
          "p90": 0.006804245302919299,
          "p95": 0.006902898891712539,
          "stdev": 0.0004841471893754173
        }
      },
      "/c_slam/factor_batch/d": {
        "attempts": 87,
        "drops": 0,
        "published": 87,
        "delivered": 87,
        "delivery_rate": 1.0,
        "bytes_attempted": 1020836,
        "bytes_published": 1020836,
        "bytes_delivered": null,
        "drop_reasons": {},
        "delivery_method": "ack",
        "ack_latency_s": {
          "count": 87,
          "min": 0.003289269981905818,
          "max": 0.0077501009800471365,
          "mean": 0.006439400193195833,
          "median": 0.006553342973347753,
          "p90": 0.006794880598317832,
          "p95": 0.0068612188857514415,
          "stdev": 0.0006567597047979119
        }
      }
    },
    "generated_by": {
      "component": "ros2_factor_publisher",
      "pid": 448973
    }
  }
}