{
  "ate": {
    "matches": 1062,
    "rmse": 6.472775221067612,
    "R": [
      [
        0.9916065805051361,
        0.12875503453987916,
        -0.01176990142456243
      ],
      [
        -0.1286895978323625,
        0.9916657871497669,
        0.0061606822979361625
      ],
      [
        0.01246502742292389,
        -0.004594309226181585,
        0.9999117538133451
      ]
    ],
    "t": [
      -4.962978302932342,
      16.058890444697482,
      -2.730506518671155
    ],
    "s": 1.0
  },
  "rpe": {
    "1": {
      "count": 1061.0,
      "rmse": 1.8885936412066684,
      "mean": 0.3799315795583239,
      "pstd": 1.849983225994382,
      "mean_dt": 1.0
    },
    "10": {
      "count": 1052.0,
      "rmse": 3.949940300067804,
      "mean": 1.8307267041971185,
      "pstd": 3.500066872023917,
      "mean_dt": 10.0
    },
    "50": {
      "count": 1012.0,
      "rmse": 7.1050663674759225,
      "mean": 5.1694760408955425,
      "pstd": 4.874267693597113,
      "mean_dt": 50.0
    }
  }
}