{
  "stats": {
    "topics": {
      "/c_slam/factor_batch/d": {
        "attempts": 171,
        "drops": 0,
        "published": 171,
        "delivered": 171,
        "delivery_rate": 1.0,
        "bytes_attempted": 2024092,
        "bytes_published": 2024092,
        "bytes_delivered": null,
        "drop_reasons": {},
        "delivery_method": "ack",
        "ack_latency_s": {
          "count": 171,
          "min": 0.0025069249677471817,
          "max": 0.007921215961687267,
          "mean": 0.006442128070657365,
          "median": 0.0065837709698826075,
          "p90": 0.0067534600384533405,
          "p95": 0.006866807496408001,
          "stdev": 0.0006898611638836023
        }
      },
      "/c_slam/factor_batch/b": {
        "attempts": 36,
        "drops": 0,
        "published": 36,
        "delivered": 36,
        "delivery_rate": 1.0,
        "bytes_attempted": 420748,
        "bytes_published": 420748,
        "bytes_delivered": null,
        "drop_reasons": {},
        "delivery_method": "ack",
        "ack_latency_s": {
          "count": 36,
          "min": 0.003999711014330387,
          "max": 0.007012166024651378,
          "mean": 0.006400414335075766,
          "median": 0.006489783991128206,
          "p90": 0.006666330504231155,
          "p95": 0.006711441004881635,
          "stdev": 0.00045663388071125524
        }
      },
      "/c_slam/factor_batch/c": {
        "attempts": 126,
        "drops": 0,
        "published": 126,
        "delivered": 126,
        "delivery_rate": 1.0,
        "bytes_attempted": 1489182,
        "bytes_published": 1489182,
        "bytes_delivered": null,
        "drop_reasons": {},
        "delivery_method": "ack",
        "ack_latency_s": {
          "count": 126,
          "min": 0.002606441034004092,
          "max": 0.007785080000758171,
          "mean": 0.006335435873581215,
          "median": 0.006492032523965463,
          "p90": 0.006697123491903767,
          "p95": 0.006811791507061571,
          "stdev": 0.0007141870754514451
        }
      },
      "/c_slam/factor_batch/a": {
        "attempts": 243,
        "drops": 0,
        "published": 243,
        "delivered": 243,
        "delivery_rate": 1.0,
        "bytes_attempted": 2877832,
        "bytes_published": 2877832,
        "bytes_delivered": null,
        "drop_reasons": {},
        "delivery_method": "ack",
        "ack_latency_s": {
          "count": 243,
          "min": 0.003194365999661386,
          "max": 0.007804155990015715,
          "mean": 0.006462493551120836,
          "median": 0.006577518011908978,
          "p90": 0.006788652390241623,
          "p95": 0.006843129446497187,
          "stdev": 0.0006209756127053438
        }
      },
      "/c_slam/factor_batch/e": {
        "attempts": 88,
        "drops": 0,
        "published": 88,
        "delivered": 88,
        "delivery_rate": 1.0,
        "bytes_attempted": 1036263,
        "bytes_published": 1036263,
        "bytes_delivered": null,
        "drop_reasons": {},
        "delivery_method": "ack",
        "ack_latency_s": {
          "count": 88,
          "min": 0.003184148052241653,
          "max": 0.0083537989994511,
          "mean": 0.006336038491016635,
          "median": 0.006512451538583264,
          "p90": 0.006723081890959293,
          "p95": 0.006763339330791496,
          "stdev": 0.0007268585881677888
        }
      }
    },
    "generated_by": {
      "component": "ros2_factor_publisher",
      "pid": 451319
    }
  }
}