{
  "ate": {
    "a": {
      "matches": 935,
      "rmse": 3.1333099405228717,
      "R": [
        [
          0.9999738506035067,
          0.0019662443307154774,
          -0.00695930976655945
        ],
        [
          -0.002013491478517539,
          0.9999749302431703,
          -0.0067885740204904135
        ],
        [
          0.006945787303174447,
          0.006802409014288045,
          0.9999527405184412
        ]
      ],
      "t": [
        -0.990238380479397,
        0.5472487520518854,
        -1.2154149174029847
      ],
      "s": 1.0
    },
    "c": {
      "matches": 584,
      "rmse": 2.4552889725739013,
      "R": [
        [
          0.9998595956586259,
          0.015300053134118056,
          -0.006833545453247481
        ],
        [
          -0.015376109046126112,
          0.9998188327242302,
          -0.011219491992033107
        ],
        [
          0.006660648614817969,
          0.011322990066710212,
          0.9999137091049302
        ]
      ],
      "t": [
        -1.8032487558329606,
        0.7654412114312663,
        -1.253493064465121
      ],
      "s": 1.0
    },
    "b": {
      "matches": 615,
      "rmse": 4.266352221950591,
      "R": [
        [
          0.9999340304219322,
          0.007908767243925242,
          -0.00832983822358243
        ],
        [
          -0.007991677031095842,
          0.9999183872438473,
          -0.009967544827707203
        ],
        [
          0.008250327410490964,
          0.01003345664978466,
          0.9999156273632672
        ]
      ],
      "t": [
        -3.542639284428901,
        0.30070705376301987,
        -2.115393193159092
      ],
      "s": 1.0
    }
  },
  "rpe": {
    "a": {
      "1": {
        "count": 934.0,
        "rmse": 0.3600957984408656,
        "mean": 0.11745226377273207,
        "pstd": 0.3404026289402376,
        "mean_dt": 1.0
      },
      "10": {
        "count": 925.0,
        "rmse": 1.3861222786889154,
        "mean": 0.918495275921917,
        "pstd": 1.0381239808360425,
        "mean_dt": 10.0
      },
      "50": {
        "count": 885.0,
        "rmse": 3.712491141717013,
        "mean": 3.1400209992112234,
        "pstd": 1.9806207617410831,
        "mean_dt": 50.0
      }
    },
    "c": {
      "1": {
        "count": 583.0,
        "rmse": 1.2570847156621763,
        "mean": 0.37868852632003674,
        "pstd": 1.1986896939512803,
        "mean_dt": 1.0
      },
      "10": {
        "count": 574.0,
        "rmse": 1.614746856914217,
        "mean": 0.960527098587618,
        "pstd": 1.2979965734905434,
        "mean_dt": 10.0
      },
      "50": {
        "count": 534.0,
        "rmse": 3.096498111940993,
        "mean": 2.435311196657907,
        "pstd": 1.9124748188373002,
        "mean_dt": 50.0
      }
    },
    "b": {
      "1": {
        "count": 614.0,
        "rmse": 0.3957960349896854,
        "mean": 0.1562131352151551,
        "pstd": 0.3636646225573887,
        "mean_dt": 1.0
      },
      "10": {
        "count": 605.0,
        "rmse": 1.2293941251066922,
        "mean": 0.979234787307279,
        "pstd": 0.7433095897229605,
        "mean_dt": 10.0
      },
      "50": {
        "count": 565.0,
        "rmse": 4.352084273144197,
        "mean": 3.553355147348669,
        "pstd": 2.512828031792026,
        "mean_dt": 50.0
      }
    }
  }
}