{
  "stats": {
    "topics": {
      "/c_slam/factor_batch/a": {
        "attempts": 230,
        "drops": 0,
        "published": 230,
        "delivered": 230,
        "delivery_rate": 1.0,
        "bytes_attempted": 2716271,
        "bytes_published": 2716271,
        "bytes_delivered": null,
        "drop_reasons": {},
        "delivery_method": "ack",
        "ack_latency_s": {
          "count": 230,
          "min": 0.2837231740122661,
          "max": 16.089103388017975,
          "mean": 1.3541882749854426,
          "median": 0.5813728379725944,
          "p90": 1.5648588888114294,
          "p95": 9.088744857828704,
          "stdev": 2.9207878054395335
        }
      },
      "/c_slam/factor_batch/b": {
        "attempts": 93,
        "drops": 0,
        "published": 93,
        "delivered": 93,
        "delivery_rate": 1.0,
        "bytes_attempted": 1097940,
        "bytes_published": 1097940,
        "bytes_delivered": null,
        "drop_reasons": {},
        "delivery_method": "ack",
        "ack_latency_s": {
          "count": 93,
          "min": 0.2822204980184324,
          "max": 3.2042648369679227,
          "mean": 0.5591720770612629,
          "median": 0.5720527010271326,
          "p90": 0.6860975091811269,
          "p95": 1.3295314157963698,
          "stdev": 0.466120066435418
        }
      },
      "/c_slam/factor_batch/c": {
        "attempts": 188,
        "drops": 0,
        "published": 188,
        "delivered": 188,
        "delivery_rate": 1.0,
        "bytes_attempted": 2217940,
        "bytes_published": 2217940,
        "bytes_delivered": null,
        "drop_reasons": {},
        "delivery_method": "ack",
        "ack_latency_s": {
          "count": 188,
          "min": 0.10772663401439786,
          "max": 15.79345573601313,
          "mean": 1.483402341000483,
          "median": 0.5791623705008533,
          "p90": 3.789215136796709,
          "p95": 9.65776760851441,
          "stdev": 3.0693251335410965
        }
      },
      "/c_slam/factor_batch/d": {
        "attempts": 87,
        "drops": 0,
        "published": 87,
        "delivered": 87,
        "delivery_rate": 1.0,
        "bytes_attempted": 1020837,
        "bytes_published": 1020837,
        "bytes_delivered": null,
        "drop_reasons": {},
        "delivery_method": "ack",
        "ack_latency_s": {
          "count": 87,
          "min": 0.10658695799065754,
          "max": 1.2516224730061367,
          "mean": 0.4558365781578749,
          "median": 0.5678514169994742,
          "p90": 0.602804158825893,
          "p95": 0.643745229986962,
          "stdev": 0.18675461638842844
        }
      }
    },
    "generated_by": {
      "component": "ros2_factor_publisher",
      "pid": 469113
    }
  }
}