{
  "loop_closure_correction": {
    "count": 709,
    "min": 0.012348829011898488,
    "max": 0.49497649900149554,
    "mean": 0.10212381054024634,
    "median": 0.0880013249698095,
    "p90": 0.1808511934010312,
    "p95": 0.23933692856226124,
    "p99": 0.35470305121038104,
    "stdev": 0.06628854477556882
  },
  "interface_correction": {
    "count": 5,
    "min": 0.047672072949353606,
    "max": 0.37614604498958215,
    "mean": 0.16416921658674255,
    "median": 0.16192155197495595,
    "p90": 0.2908064453979023,
    "p95": 0.33347624519374214,
    "p99": 0.36761208503041415,
    "stdev": 0.1157159687061902
  },
  "loop_closure_correction_stabilised": {
    "count": 709,
    "min": 0.4177262783050537,
    "max": 25.455729722976685,
    "mean": 15.23331690540771,
    "median": 16.203697681427002,
    "p90": 24.4185471534729,
    "p95": 24.71030373573303,
    "p99": 25.303271150588987,
    "stdev": 7.792254013915293
  },
  "loop_closure_correction_stabilised_params": {
    "epsilon": 0.001,
    "required": 3
  },
  "interface_correction_stabilised": {
    "count": 5,
    "min": 24.417697429656982,
    "max": 26.73349404335022,
    "mean": 25.228717803955078,
    "median": 25.122674703598022,
    "p90": 26.08951668739319,
    "p95": 26.411505365371703,
    "p99": 26.669096307754515,
    "stdev": 0.7971525721813383
  },
  "interface_correction_stabilised_params": {
    "epsilon": 0.001,
    "required": 3
  },
  "time_to_global_convergence_s": 26.540141820907593,
  "time_to_global_convergence_method": "last_map_broadcast",
  "timeline_start_ts": 1770278763.8121538,
  "timeline_end_ts": 1770278790.3522956,
  "optimization_duration_s": {
    "count": 298,
    "min": 0.0007980159716680646,
    "max": 0.08580115699442104,
    "mean": 0.012642044130823694,
    "median": 0.005902195494854823,
    "p90": 0.04049829439027236,
    "p95": 0.06283724759705361,
    "p99": 0.0790492344967788,
    "stdev": 0.01827736765020995
  },
  "communication_uplink_messages": 664,
  "communication_uplink_bytes": 7848136,
  "communication_downlink_messages": 298,
  "communication_downlink_bytes": 87701033,
  "communication_uplink_bytes_per_s": 295708.14100991184,
  "communication_downlink_bytes_per_s": 3304467.383475379,
  "delivery_topics": {
    "/c_slam/factor_batch/d": {
      "attempts": 171.0,
      "drops": 0.0,
      "delivered": 171.0,
      "delivery_rate": 1.0
    },
    "/c_slam/factor_batch/b": {
      "attempts": 36.0,
      "drops": 0.0,
      "delivered": 36.0,
      "delivery_rate": 1.0
    },
    "/c_slam/factor_batch/c": {
      "attempts": 126.0,
      "drops": 0.0,
      "delivered": 126.0,
      "delivery_rate": 1.0
    },
    "/c_slam/factor_batch/a": {
      "attempts": 243.0,
      "drops": 0.0,
      "delivered": 243.0,
      "delivery_rate": 1.0
    },
    "/c_slam/factor_batch/e": {
      "attempts": 88.0,
      "drops": 0.0,
      "delivered": 88.0,
      "delivery_rate": 1.0
    }
  },
  "delivery_rate": {
    "count": 5,
    "min": 1.0,
    "max": 1.0,
    "mean": 1.0,
    "median": 1.0,
    "p90": 1.0,
    "p95": 1.0,
    "p99": 1.0,
    "stdev": 0.0
  },
  "estimation_metrics": {
    "ate": {
      "d": {
        "matches": 1063,
        "rmse": 2.4994448630512367,
        "R": [
          [
            0.9999700949302205,
            0.007373024128755336,
            0.002334043796351312
          ],
          [
            -0.007354015131550871,
            0.9999405508773143,
            -0.00805066286822801
          ],
          [
            -0.002393262771075227,
            0.008033257519197111,
            0.9999648689163728
          ]
        ],
        "t": [
          -0.7043662004466569,
          0.047873246007263504,
          -0.18931251272357486
        ],
        "s": 1.0
      },
      "b": {
        "matches": 188,
        "rmse": 0.9231677725076205,
        "R": [
          [
            0.9999803475557041,
            0.005962197493135094,
            -0.0019382217174874518
          ],
          [
            -0.005962953654821585,
            0.9999821474788294,
            -0.0003845872335971473
          ],
          [
            0.001935894130303142,
            0.00039613720179213635,
            0.9999980476927111
          ]
        ],
        "t": [
          -0.6805413683061943,
          0.4256388306025367,
          -0.20686064663271253
        ],
        "s": 1.0
      },
      "c": {
        "matches": 703,
        "rmse": 1.7200224419731878,
        "R": [
          [
            0.9999882422661225,
            0.004677803879891887,
            0.0012780768256842176
          ],
          [
            -0.004666976754978829,
            0.9999542725024471,
            -0.008346989401573253
          ],
          [
            -0.001317063961837399,
            0.00834092650505664,
            0.9999643465081931
          ]
        ],
        "t": [
          0.07060743613340037,
          0.16954839773307384,
          -0.2037031414290471
        ],
        "s": 1.0
      },
      "e": {
        "matches": 533,
        "rmse": 2.389681870491744,
        "R": [
          [
            0.9999823530406977,
            0.004894282758360438,
            0.0033674327713846455
          ],
          [
            -0.004882257426546401,
            0.9999817089178734,
            -0.0035700689221445474
          ],
          [
            -0.0033848441041670896,
            0.0035535652476270593,
            0.999987957429699
          ]
        ],
        "t": [
          0.3503139809033087,
          0.3905583007572915,
          0.26059429399915235
        ],
        "s": 1.0
      },
      "a": {
        "matches": 1350,
        "rmse": 1.8659663579319845,
        "R": [
          [
            0.9999887170376408,
            0.004675844658687889,
            0.0008380179835113803
          ],
          [
            -0.004669748059991317,
            0.9999636417533047,
            -0.007135027997477915
          ],
          [
            -0.0008713497971984123,
            0.007131034160372855,
            0.999974194217698
          ]
        ],
        "t": [
          -0.06995827133408739,
          0.13494429822948462,
          -0.181490773679978
        ],
        "s": 1.0
      }
    },
    "rpe": {
      "d": {
        "1": {
          "count": 1062.0,
          "rmse": 0.7441360510568406,
          "mean": 0.20638401204184337,
          "pstd": 0.7149434257729632,
          "mean_dt": 1.0
        },
        "10": {
          "count": 1053.0,
          "rmse": 1.2047017685303898,
          "mean": 0.7244470812296805,
          "pstd": 0.9625397537754194,
          "mean_dt": 10.0
        },
        "50": {
          "count": 1013.0,
          "rmse": 2.6202723569293638,
          "mean": 2.0351228102540344,
          "pstd": 1.6504854957472006,
          "mean_dt": 50.0
        }
      },
      "b": {
        "1": {
          "count": 187.0,
          "rmse": 0.37520618604993733,
          "mean": 0.18748364615499083,
          "pstd": 0.32500702219270644,
          "mean_dt": 1.0
        },
        "10": {
          "count": 178.0,
          "rmse": 0.6629817280316858,
          "mean": 0.57119025400307,
          "pstd": 0.336580548213631,
          "mean_dt": 10.0
        },
        "50": {
          "count": 138.0,
          "rmse": 1.6471006803421662,
          "mean": 1.5149825711043634,
          "pstd": 0.6463501067019631,
          "mean_dt": 50.0
        }
      },
      "c": {
        "1": {
          "count": 702.0,
          "rmse": 1.63237068000973,
          "mean": 0.7467140500794187,
          "pstd": 1.4515688631165315,
          "mean_dt": 1.0
        },
        "10": {
          "count": 693.0,
          "rmse": 1.621672503813232,
          "mean": 0.9996225410926802,
          "pstd": 1.2769402824577547,
          "mean_dt": 10.0
        },
        "50": {
          "count": 653.0,
          "rmse": 1.9754116651942222,
          "mean": 1.7019200179197238,