{
  "loop_closure_correction": {
    "count": 0
  },
  "interface_correction": {
    "count": 0
  },
  "loop_closure_correction_stabilised": {
    "count": 0
  },
  "loop_closure_correction_stabilised_params": {
    "epsilon": 0.001,
    "required": 3
  },
  "interface_correction_stabilised": {
    "count": 15206,
    "min": 0.14830565452575684,
    "max": 118.72120380401611,
    "mean": 1.5774378909823865,
    "median": 0.8801311254501343,
    "p90": 2.962349534034729,
    "p95": 3.5992578864097595,
    "p99": 32.263354456424715,
    "stdev": 3.667948110819985
  },
  "interface_correction_stabilised_params": {
    "epsilon": 0.001,
    "required": 3
  },
  "time_to_global_convergence_s": 0.31247830390930176,
  "time_to_global_convergence_method": "delta_threshold",
  "timeline_start_ts": 1770231572.958951,
  "timeline_end_ts": 1770231573.2714293,
  "optimization_duration_s": {
    "count": 303,
    "min": 0.0007992979953996837,
    "max": 0.03307426895480603,
    "mean": 0.005495099796492471,
    "median": 0.0018315829802304506,
    "p90": 0.019787247967906298,
    "p95": 0.025757514679571603,
    "p99": 0.02989012984675356,
    "stdev": 0.007434676580033824
  },
  "communication_uplink_messages": 20589,
  "communication_uplink_bytes": 29173568,
  "communication_downlink_messages": 0,
  "communication_downlink_bytes": 0,
  "communication_uplink_bytes_per_s": 93361899.48236458,
  "communication_downlink_bytes_per_s": 0.0,
  "delivery_topics": {
    "/c_slam/factor_batch/a": {
      "attempts": 221.0,
      "drops": 0.0,
      "delivered": 221.0,
      "delivery_rate": 1.0
    },
    "/c_slam/factor_batch/c": {
      "attempts": 182.0,
      "drops": 0.0,
      "delivered": 182.0,
      "delivery_rate": 1.0
    },
    "/c_slam/factor_batch/b": {
      "attempts": 94.0,
      "drops": 0.0,
      "delivered": 93.0,
      "delivery_rate": 0.9893617021276596
    },
    "/c_slam/iface/run_bdd8f37c/a": {
      "attempts": 2424.0,
      "drops": 0.0,
      "delivered": 2048.0,
      "delivery_rate": 0.8448844884488449
    },
    "/c_slam/iface/run_bdd8f37c/c": {
      "attempts": 12423.0,
      "drops": 0.0,
      "delivered": 2761.0,
      "delivery_rate": 0.22224905417371005
    },
    "/c_slam/iface/run_bdd8f37c/b": {
      "attempts": 11312.0,
      "drops": 0.0,
      "delivered": 11312.0,
      "delivery_rate": 0.0
    }
  },
  "delivery_rate": {
    "count": 6,
    "min": 0.0,
    "max": 1.0,
    "mean": 0.6760825407917024,
    "median": 0.9171230952882523,
    "p90": 1.0,
    "p95": 1.0,
    "p99": 1.0,
    "stdev": 0.4081534447482815
  },
  "estimation_metrics": {
    "a": {
      "ate": {
        "matches": 1347,
        "rmse": 2.6787660366458277,
        "R": [
          [
            0.9989915179480298,
            0.04409946457480041,
            -0.008437078410635235
          ],
          [
            -0.044186423700439556,
            0.9989690231948484,
            -0.010413964552256162
          ],
          [
            0.007969129717635184,
            0.010776266577361512,
            0.9999101784911468
          ]
        ],
        "t": [
          -3.6328921475674463,
          4.83229553146348,
          -2.4359034591688484
        ],
        "s": 1.0
      },
      "rpe": {
        "1": {
          "count": 1346.0,
          "rmse": 0.15285672944465528,
          "mean": 0.1073513787129673,
          "pstd": 0.10881572140523454,
          "mean_dt": 1.0
        },
        "10": {
          "count": 1337.0,
          "rmse": 0.8876944169157814,
          "mean": 0.7805880444355504,
          "pstd": 0.4227099273825152,
          "mean_dt": 10.0
        },
        "50": {
          "count": 1297.0,
          "rmse": 2.9279391178328775,
          "mean": 2.6024227722784885,
          "pstd": 1.3417239626921469,
          "mean_dt": 50.0
        }
      }
    },
    "b": {
      "ate": {
        "matches": 611,
        "rmse": 4.367287687701197,
        "R": [
          [
            0.9997099842847265,
            0.018615731621184607,
            -0.015277495136288594
          ],
          [
            -0.01846213720433621,
            0.9997782027139158,
            0.010133847639442188
          ],
          [
            0.015462755617275028,
            -0.00984885345302583,
            0.9998319375146908
          ]
        ],
        "t": [
          0.8488615414021581,
          3.8297342667542438,
          -7.083030617158366
        ],
        "s": 1.0
      },
      "rpe": {
        "1": {
          "count": 610.0,
          "rmse": 0.23816120298669805,
          "mean": 0.14090746460728,
          "pstd": 0.19200480469514125,
          "mean_dt": 1.0
        },
        "10": {
          "count": 601.0,
          "rmse": 1.305904734563382,
          "mean": 1.0479242812498928,
          "pstd": 0.7792572595247045,
          "mean_dt": 10.0
        },
        "50": {
          "count": 561.0,
          "rmse": 4.642835921017119,
          "mean": 3.699943594681447,
          "pstd": 2.8047001240172893,
          "mean_dt": 50.0
        }
      }
    },
    "c": {
      "ate": {
        "matches": 1070,
        "rmse": 3.2852108867152725,
        "R": [
          [
            0.9992292125564235,
            0.0388114166324326,
            -0.00588682536297367
          ],
          [
            -0.03887878027510727,
            0.9991743028140969,
            -0.011796314690758317
          ],
          [
            0.005424132943647245,
            0.012016094829319188,
            0.9999130923469611
          ]
        ],
        "t": [
          -3.4439510526504478,
          5.138103136755177,
          -2.1214249308483604
        ],
        "s": 1.0
      },
      "rpe": {
        "1": {
          "count": 1069.0,
          "rmse": 0.8695658407972512,
          "mean": 0.2452490981623694,
          "pstd": 0.8342647249716215,
          "mean_dt": 1.0
        },
        "10": {
          "count": 1060.0,
          "rmse": 1.2990582996537718,
          "mean": 0.9272727908822388,
          "pstd": 0.9097898862862854,
          "mean_dt": 10.0
        },
        "50": {
          "count": 1020.0,
          "rmse": 3.0091096618590787,
          "mean": 2.667781348819027,
          "pstd": 1.3920070517015994,
          "mean_dt": 50.0
        }
      }
    }
  },
  "input_end_team_ts": 1770231613.6096084,
  "input_end_method": "input_end_event",
  "input_end_per_robot_ts": {
    "b": 1770231572.958951,
    "c": 1770231613.6031866,
    "a": 1770231613.6096084
  },
  "time_from_input_end_to_team_convergence_s": 26.0512912273407,
  "time_from_input_end_to_team_convergence_method": "censored_end",
  "time_from_input_end_to_team_convergence_per_robot_s": {
    "b": 26.0512912273407,
    "c": 2.040682792663574,
    "a": 14.277514219284058
  },
  "time_from_input_end_to_team_convergence_params": {
    "epsilon": 0.001,
    "required": 3
  },
  "time_from_input_end_to_ddf_stop_team_s": 26.0512912273407,
  "time_from_input_end_to_ddf_stop_method": "ddf_stop_event",
  "time_from_input_end_to_ddf_stop_per_robot_s": {
    "a": 26.0512912273407,
    "b": 0.0,
    "c": 16.673129081726074
  },
  "stable_team_convergence_s": 26.0512912273407,
  "stable_team_convergence_method": "censored_end",
  "stable_team_convergence_per_robot_s": {
    "b": 26.0512912273407,
    "c": 2.040682792663574,
    "a": 14.277514219284058
  },
  "stable_team_convergence_params": {
    "epsilon": 0.001,
    "required": 3
  },
  "stable_loop_closure_correction": {
    "count": 0
  },
  "stable_loop_closure_correction_params": {
    "epsilon": 0.001,
    "required": 3
  },
  "stable_interface_correction": {
    "count": 15206,
    "min": 0.14830565452575684,
    "max": 118.72120380401611,
    "mean": 1.5774378909823865,
    "median": 0.8801311254501343,
    "p90": 2.962349534034729,
    "p95": 3.5992578864097595,
    "p99": 32.263354456424715,
    "stdev": 3.667948110819985
  },
  "stable_interface_correction_params": {
    "epsilon": 0.001,