{
  "ate": {
    "d": {
      "matches": 1062,
      "rmse": 2.3926873743896184,
      "R": [
        [
          0.9999508937872241,
          0.009907380591992506,
          -0.00023199986654564805
        ],
        [
          -0.009909055126274411,
          0.999911174935166,
          -0.00891363373046443
        ],
        [
          0.0001436684973171237,
          0.008915494915136768,
          0.9999602458646949
        ]
      ],
      "t": [
        -0.5208524114540865,
        1.336165421320544,
        -0.08571003455814274
      ],
      "s": 1.0
    },
    "e": {
      "matches": 529,
      "rmse": 2.530749979982244,
      "R": [
        [
          0.9999938004206139,
          0.0034662885307282626,
          -0.0006196484151704002
        ],
        [
          -0.0034668281978878584,
          0.9999936103538765,
          -0.0008719826055416137
        ],
        [
          0.0006166219125317111,
          0.0008741254142146902,
          0.999999427840925
        ]
      ],
      "t": [
        0.6109390648617818,
        0.5435460813292927,
        -0.0610577843815987
      ],
      "s": 1.0
    },
    "b": {
      "matches": 265,
      "rmse": 1.3529565547859748,
      "R": [
        [
          0.9999582038205241,
          0.00905244026529389,
          -0.001282161173457464
        ],
        [
          -0.00905427001660603,
          0.9999579888489024,
          -0.0014285418176892828
        ],
        [
          0.001269175518919561,
          0.001440091143568377,
          0.9999981576638031
        ]
      ],
      "t": [
        -0.8338156228646483,
        1.4669422087609636,
        -0.12237191315082452
      ],
      "s": 1.0
    },
    "c": {
      "matches": 624,
      "rmse": 1.6056382809101344,
      "R": [
        [
          0.9999831230538434,
          0.005307196757003057,
          -0.002363740693235566
        ],
        [
          -0.005319969422347694,
          0.9999711035039611,
          -0.0054304771812195216
        ],
        [
          0.002334851778526838,
          0.005442960559558889,
          0.9999824611699545
        ]
      ],
      "t": [
        -0.6917683017689313,
        1.1150482658335505,
        -0.6385130418561271
      ],
      "s": 1.0
    },
    "a": {
      "matches": 1357,
      "rmse": 2.070167291824452,
      "R": [
        [
          0.9999478658436763,
          0.00914476438199567,
          0.004543003309904746
        ],
        [
          -0.00911525924448737,
          0.9999375014161398,
          -0.006473431126739933
        ],
        [
          -0.004601917381028531,
          0.006431682986951258,
          0.9999687274161994
        ]
      ],
      "t": [
        -0.44079148258131795,
        1.4052077280482749,
        0.09649009098170325
      ],
      "s": 1.0
    }
  },
  "rpe": {
    "d": {
      "1": {
        "count": 1061.0,
        "rmse": 0.7132769211280993,
        "mean": 0.22817780806039614,
        "pstd": 0.675794979355968,
        "mean_dt": 1.0
      },
      "10": {
        "count": 1052.0,
        "rmse": 1.1087461296466297,
        "mean": 0.7722986916458034,
        "pstd": 0.7955329728481149,
        "mean_dt": 10.0
      },
      "50": {
        "count": 1012.0,
        "rmse": 2.4840951550789017,
        "mean": 2.0966585684394863,
        "pstd": 1.3321980284010955,
        "mean_dt": 50.0
      }
    },
    "e": {
      "1": {
        "count": 528.0,
        "rmse": 0.49491144662727654,
        "mean": 0.15445914642305236,
        "pstd": 0.4701911442051686,
        "mean_dt": 1.0
      },
      "10": {
        "count": 519.0,
        "rmse": 0.8282559905880991,
        "mean": 0.6250852235253561,
        "pstd": 0.5433934571517486,
        "mean_dt": 10.0
      },
      "50": {
        "count": 479.0,
        "rmse": 2.3816278989183863,
        "mean": 2.0881716760058073,
        "pstd": 1.145290574672429,
        "mean_dt": 50.0
      }
    },
    "b": {
      "1": {
        "count": 264.0,
        "rmse": 0.40552068013133163,
        "mean": 0.15549028304189202,
        "pstd": 0.374526092407098,
        "mean_dt": 1.0
      },
      "10": {
        "count": 255.0,
        "rmse": 0.7446197362617548,
        "mean": 0.6218996534505215,
        "pstd": 0.4095111386380675,
        "mean_dt": 10.0
      },
      "50": {
        "count": 215.0,
        "rmse": 2.2384078963432517,
        "mean": 2.104207985359559,
        "pstd": 0.7633994136498179,
        "mean_dt": 50.0
      }
    },
    "c": {
      "1": {
        "count": 623.0,
        "rmse": 0.21324508596507682,
        "mean": 0.10618411179208527,
        "pstd": 0.18492809708418817,
        "mean_dt": 1.0
      },
      "10": {
        "count": 614.0,
        "rmse": 0.6003954084846137,
        "mean": 0.5234475973173209,
        "pstd": 0.2940701606626045,
        "mean_dt": 10.0
      },
      "50": {
        "count": 574.0,
        "rmse": 1.916409299954203,
        "mean": 1.7411998677475937,
        "pstd": 0.8005295906502908,
        "mean_dt": 50.0
      }
    },
    "a": {
      "1": {
        "count": 1356.0,
        "rmse": 0.12014564012910967,
        "mean": 0.08534892714490157,
        "pstd": 0.08456083891050167,
        "mean_dt": 1.0
      },
      "10": {
        "count": 1347.0,
        "rmse": 0.6194569802159752,
        "mean": 0.5504134669036848,
        "pstd": 0.28420409178856154,
        "mean_dt": 10.0
      },
      "50": {
        "count": 1307.0,
        "rmse": 2.217028267872887,
        "mean": 1.9404176308282866,
        "pstd": 1.0723776193665169,
        "mean_dt": 50.0
      }
    }
  }
}