{
  "ate": {
    "matches": 1020,
    "rmse": 3.02816645867151,
    "R": [
      [
        0.9998148884906815,
        0.013190833355909495,
        0.014006807906973692
      ],
      [
        -0.013063813481729362,
        0.9998730590718752,
        -0.009121541512573154
      ],
      [
        -0.014125350603819265,
        0.008936870684285357,
        0.9998602936474134
      ]
    ],
    "t": [
      -1.8686219320010764,
      1.8011987488234809,
      1.425398218546949
    ],
    "s": 1.0
  },
  "rpe": {
    "1": {
      "count": 1019.0,
      "rmse": 0.6077428378080497,
      "mean": 0.17125791210205035,
      "pstd": 0.5831141264361785,
      "mean_dt": 1.0
    },
    "10": {
      "count": 1010.0,
      "rmse": 1.053512226462226,
      "mean": 0.8487295420421759,
      "pstd": 0.6241363438947255,
      "mean_dt": 10.0
    },
    "50": {
      "count": 970.0,
      "rmse": 2.834039012781686,
      "mean": 2.4890994683064576,
      "pstd": 1.3550501698627644,
      "mean_dt": 50.0
    }
  }
}