{
  "ate": {
    "matches": 596,
    "rmse": 2.9054319897915173,
    "R": [
      [
        0.9999659370934032,
        -0.00042812223991433305,
        0.008242655170553033
      ],
      [
        0.00039273078693007854,
        0.9999907000315275,
        0.004294835617921336
      ],
      [
        -0.008244417228764622,
        -0.004291452178885262,
        0.999956805578498
      ]
    ],
    "t": [
      -2.525837592282002,
      0.3328441166746501,
      0.917434660004713
    ],
    "s": 1.0
  },
  "rpe": {
    "1": {
      "count": 595.0,
      "rmse": 1.3115165779046463,
      "mean": 0.1763386856203906,
      "pstd": 1.2996077877853707,
      "mean_dt": 1.0
    },
    "10": {
      "count": 586.0,
      "rmse": 1.5547401825243463,
      "mean": 0.7887066737746036,
      "pstd": 1.3398353697000382,
      "mean_dt": 10.0
    },
    "50": {
      "count": 546.0,
      "rmse": 2.984204346600186,
      "mean": 2.5153116730614493,
      "pstd": 1.6058277521665418,
      "mean_dt": 50.0
    }
  }
}