{
  "stats": {
    "topics": {
      "/c_slam/factor_batch/a": {
        "attempts": 96,
        "drops": 0,
        "published": 96,
        "delivered": 96,
        "delivery_rate": 1.0,
        "bytes_attempted": 1131503,
        "bytes_published": 1131503,
        "bytes_delivered": null,
        "drop_reasons": {},
        "delivery_method": "ack",
        "ack_latency_s": {
          "count": 96,
          "min": 0.0026885420083999634,
          "max": 0.007751983997877687,
          "mean": 0.006533458591851134,
          "median": 0.006605725997360423,
          "p90": 0.006947396002942696,
          "p95": 0.007231752286315896,
          "stdev": 0.0006040757364324053
        }
      },
      "/c_slam/factor_batch/c": {
        "attempts": 97,
        "drops": 0,
        "published": 97,
        "delivered": 97,
        "delivery_rate": 1.0,
        "bytes_attempted": 1140592,
        "bytes_published": 1140592,
        "bytes_delivered": null,
        "drop_reasons": {},
        "delivery_method": "ack",
        "ack_latency_s": {
          "count": 97,
          "min": 0.0030305469990707934,
          "max": 0.008610863995272666,
          "mean": 0.0064546444642924,
          "median": 0.006535538996104151,
          "p90": 0.0068305769702419646,
          "p95": 0.007181850401684641,
          "stdev": 0.0006951485838822902
        }
      },
      "/c_slam/factor_batch/b": {
        "attempts": 171,
        "drops": 0,
        "published": 171,
        "delivered": 171,
        "delivery_rate": 1.0,
        "bytes_attempted": 2024328,
        "bytes_published": 2024328,
        "bytes_delivered": null,
        "drop_reasons": {},
        "delivery_method": "ack",
        "ack_latency_s": {
          "count": 171,
          "min": 0.002916010969784111,
          "max": 0.04414508800255135,
          "mean": 0.006626378923888748,
          "median": 0.006524337979499251,
          "p90": 0.007099993992596865,
          "p95": 0.007307535008294508,
          "stdev": 0.0029813890047147677
        }
      }
    },
    "generated_by": {
      "component": "ros2_factor_publisher",
      "pid": 527534
    }
  }
}