{
  "ate": {
    "matches": 1064,
    "rmse": 3.1485115057557294,
    "R": [
      [
        0.9998477504603956,
        0.01580946741151367,
        0.007384892649870498
      ],
      [
        -0.01580491957203745,
        0.9998748674344518,
        -0.000673787991695457
      ],
      [
        -0.007394620788603904,
        0.000556967773404568,
        0.9999725043071392
      ]
    ],
    "t": [
      -0.36837898271046754,
      2.745207705145461,
      0.4598875456496092
    ],
    "s": 1.0
  },
  "rpe": {
    "1": {
      "count": 1063.0,
      "rmse": 0.9493067499871068,
      "mean": 0.20126608134752916,
      "pstd": 0.9277258593302736,
      "mean_dt": 1.0
    },
    "10": {
      "count": 1054.0,
      "rmse": 2.766510159404168,
      "mean": 0.9675827432980507,
      "pstd": 2.5917874328266763,
      "mean_dt": 10.0
    },
    "50": {
      "count": 1014.0,
      "rmse": 3.689705274848585,
      "mean": 2.2876654514150685,
      "pstd": 2.894911362658167,
      "mean_dt": 50.0
    }
  }
}