{
  "ate": {
    "matches": 620,
    "rmse": 2.530266636339126,
    "R": [
      [
        0.9999819137667766,
        0.006012061272261165,
        0.0001651017685905488
      ],
      [
        -0.006012034334435797,
        0.9999819142452563,
        -0.00016317338808498338
      ],
      [
        -0.00016607979100763002,
        0.00016217783939159736,
        0.9999999730579253
      ]
    ],
    "t": [
      -1.8892985166067007,
      1.507265742259932,
      -0.2521627441845724
    ],
    "s": 1.0
  },
  "rpe": {
    "1": {
      "count": 619.0,
      "rmse": 0.43080042166819277,
      "mean": 0.15045169495614702,
      "pstd": 0.40367473390629144,
      "mean_dt": 1.0
    },
    "10": {
      "count": 610.0,
      "rmse": 0.9892142006570873,
      "mean": 0.7703297374621156,
      "pstd": 0.6205939335533246,
      "mean_dt": 10.0
    },
    "50": {
      "count": 570.0,
      "rmse": 2.8834080875477635,
      "mean": 2.4070312856180824,
      "pstd": 1.5875271932762638,
      "mean_dt": 50.0
    }
  }
}