{
  "a": {
    "ate": {
      "matches": 1341,
      "rmse": 2.1045608678206404,
      "R": [
        [
          0.9999244839347057,
          0.012220901713862687,
          -0.0012946000202200005
        ],
        [
          -0.01221907524580941,
          0.9999243509306059,
          0.0014094737118040337
        ],
        [
          0.0013117271246334584,
          -0.0013935484588348673,
          0.999998168695645
        ]
      ],
      "t": [
        -0.8778815007299556,
        3.130355645603032,
        -0.6110435141362158
      ],
      "s": 1.0
    },
    "rpe": {
      "1": {
        "count": 1340.0,
        "rmse": 0.14127114176521557,
        "mean": 0.09139140714932945,
        "pstd": 0.10772718410370322,
        "mean_dt": 1.0
      },
      "10": {
        "count": 1331.0,
        "rmse": 0.6800915826738865,
        "mean": 0.5902337910748714,
        "pstd": 0.3378588946546431,
        "mean_dt": 10.0
      },
      "50": {
        "count": 1291.0,
        "rmse": 2.2511313394546164,
        "mean": 2.0057200057881355,
        "pstd": 1.0220956735335345,
        "mean_dt": 50.0
      }
    }
  },
  "b": {
    "ate": {
      "matches": 620,
      "rmse": 2.530266636339126,
      "R": [
        [
          0.9999819137667766,
          0.006012061272261165,
          0.0001651017685905488
        ],
        [
          -0.006012034334435797,
          0.9999819142452563,
          -0.00016317338808498338
        ],
        [
          -0.00016607979100763002,
          0.00016217783939159736,
          0.9999999730579253
        ]
      ],
      "t": [
        -1.8892985166067007,
        1.507265742259932,
        -0.2521627441845724
      ],
      "s": 1.0
    },
    "rpe": {
      "1": {
        "count": 619.0,
        "rmse": 0.43080042166819277,
        "mean": 0.15045169495614702,
        "pstd": 0.40367473390629144,
        "mean_dt": 1.0
      },
      "10": {
        "count": 610.0,
        "rmse": 0.9892142006570873,
        "mean": 0.7703297374621156,
        "pstd": 0.6205939335533246,
        "mean_dt": 10.0
      },
      "50": {
        "count": 570.0,
        "rmse": 2.8834080875477635,
        "mean": 2.4070312856180824,
        "pstd": 1.5875271932762638,
        "mean_dt": 50.0
      }
    }
  },
  "c": {
    "ate": {
      "matches": 1064,
      "rmse": 3.1485115057557294,
      "R": [
        [
          0.9998477504603956,
          0.01580946741151367,
          0.007384892649870498
        ],
        [
          -0.01580491957203745,
          0.9998748674344518,
          -0.000673787991695457
        ],
        [
          -0.007394620788603904,
          0.000556967773404568,
          0.9999725043071392
        ]
      ],
      "t": [
        -0.36837898271046754,
        2.745207705145461,
        0.4598875456496092
      ],
      "s": 1.0
    },
    "rpe": {
      "1": {
        "count": 1063.0,
        "rmse": 0.9493067499871068,
        "mean": 0.20126608134752916,
        "pstd": 0.9277258593302736,
        "mean_dt": 1.0
      },
      "10": {
        "count": 1054.0,
        "rmse": 2.766510159404168,
        "mean": 0.9675827432980507,
        "pstd": 2.5917874328266763,
        "mean_dt": 10.0
      },
      "50": {
        "count": 1014.0,
        "rmse": 3.689705274848585,
        "mean": 2.2876654514150685,
        "pstd": 2.894911362658167,
        "mean_dt": 50.0
      }
    }
  },
  "d": {
    "ate": {
      "matches": 529,
      "rmse": 4.887230111931965,
      "R": [
        [
          0.9989979424906182,
          -0.04456847618069849,
          0.004094121449173778
        ],
        [
          0.04453644621960492,
          0.9989787967371236,
          0.007607143207257763
        ],
        [
          -0.004428979299827114,
          -0.007417182792544354,
          0.9999626840746526
        ]
      ],
      "t": [
        1.4002988275711346,
        -2.7895252000637356,
        0.20226637705941908
      ],
      "s": 1.0
    },
    "rpe": {
      "1": {
        "count": 528.0,
        "rmse": 0.7176141724745412,
        "mean": 0.21559855209994486,
        "pstd": 0.6844613684268295,
        "mean_dt": 1.0
      },
      "10": {
        "count": 519.0,
        "rmse": 1.4182575239651272,
        "mean": 1.1050353253023226,
        "pstd": 0.8890170606448916,
        "mean_dt": 10.0
      },
      "50": {
        "count": 479.0,
        "rmse": 4.539825617574905,
        "mean": 3.8889036140241333,
        "pstd": 2.3423162294659106,
        "mean_dt": 50.0
      }
    }
  }
}