{
  "ate": {
    "matches": 1062,
    "rmse": 6.384941808487514,
    "R": [
      [
        0.9922454187841031,
        0.12388993488236778,
        -0.010015634618078058
      ],
      [
        -0.12392019681932077,
        0.9922891449446598,
        -0.0024571620331283947
      ],
      [
        0.009633987866971104,
        0.003679247183724539,
        0.999946823295089
      ]
    ],
    "t": [
      -4.854218926399568,
      15.337694249406049,
      -2.564507253943959
    ],
    "s": 1.0
  },
  "rpe": {
    "1": {
      "count": 1061.0,
      "rmse": 1.8555938238303311,
      "mean": 0.37575480264317773,
      "pstd": 1.8171507277405077,
      "mean_dt": 1.0
    },
    "10": {
      "count": 1052.0,
      "rmse": 3.8536489315583418,
      "mean": 1.7979977976246153,
      "pstd": 3.408491456265923,
      "mean_dt": 10.0
    },
    "50": {
      "count": 1012.0,
      "rmse": 6.961651918881753,
      "mean": 5.102468300340184,
      "pstd": 4.735970300127903,
      "mean_dt": 50.0
    }
  }
}