{
  "ate": {
    "matches": 187,
    "rmse": 15.695662383864414,
    "R": [
      [
        0.9997145304303171,
        0.020934427714415487,
        0.011515527897579033
      ],
      [
        -0.02108620216239884,
        0.9996902490927473,
        0.013220361086117793
      ],
      [
        -0.011235200258849448,
        -0.013459405824582563,
        0.999846295522463
      ]
    ],
    "t": [
      3.246862629384445,
      4.120240946221163,
      -0.6118133238132435
    ],
    "s": 1.0
  },
  "rpe": {
    "1": {
      "count": 186.0,
      "rmse": 16.056856706233336,
      "mean": 4.345692891659306,
      "pstd": 15.4576065603926,
      "mean_dt": 1.0
    },
    "10": {
      "count": 177.0,
      "rmse": 21.00202843487015,
      "mean": 9.228976920189234,
      "pstd": 18.865608481724333,
      "mean_dt": 10.0
    },
    "50": {
      "count": 137.0,
      "rmse": 19.91082160113496,
      "mean": 9.837379989501747,
      "pstd": 17.31088593268331,
      "mean_dt": 50.0
    }
  }
}