{
  "ate": {
    "matches": 1020,
    "rmse": 3.0711450203357757,
    "R": [
      [
        0.9998210352802924,
        0.012455001746382638,
        0.014239745171255905
      ],
      [
        -0.012311310926830337,
        0.9998728552321854,
        -0.010134347196585923
      ],
      [
        -0.014364157974194297,
        0.009957223575658307,
        0.9998472506659989
      ]
    ],
    "t": [
      -1.919798327897496,
      1.5987792369553517,
      1.2850613441258592
    ],
    "s": 1.0
  },
  "rpe": {
    "1": {
      "count": 1019.0,
      "rmse": 0.6263646774622512,
      "mean": 0.17374905455013387,
      "pstd": 0.6017839938178186,
      "mean_dt": 1.0
    },
    "10": {
      "count": 1010.0,
      "rmse": 1.0691831648542407,
      "mean": 0.8552299160044864,
      "pstd": 0.6416653573153923,
      "mean_dt": 10.0
    },
    "50": {
      "count": 970.0,
      "rmse": 2.8586206719273024,
      "mean": 2.5072235748578318,
      "pstd": 1.3731504257171638,
      "mean_dt": 50.0
    }
  }
}