{
  "a": {
    "ate": {
      "matches": 596,
      "rmse": 3.0802084851348477,
      "R": [
        [
          0.9999678079804067,
          0.0006047599027195051,
          0.00800107919729916
        ],
        [
          -0.0006436825198245348,
          0.9999879684258769,
          0.0048629904690239215
        ],
        [
          -0.007998041990078749,
          -0.004867984074358456,
          0.9999561660669815
        ]
      ],
      "t": [
        -2.4799870535631783,
        0.5677605223327049,
        0.8706393889110742
      ],
      "s": 1.0
    },
    "rpe": {
      "1": {
        "count": 595.0,
        "rmse": 1.3188165414713124,
        "mean": 0.18071384036717936,
        "pstd": 1.3063765069680693,
        "mean_dt": 1.0
      },
      "10": {
        "count": 586.0,
        "rmse": 1.5963902674842463,
        "mean": 0.8236633323569861,
        "pstd": 1.3674942782509214,
        "mean_dt": 10.0
      },
      "50": {
        "count": 546.0,
        "rmse": 3.1298879229548833,
        "mean": 2.5832636351499776,
        "pstd": 1.7671862950947061,
        "mean_dt": 50.0
      }
    }
  },
  "b": {
    "ate": {
      "matches": 1020,
      "rmse": 3.0711450203357757,
      "R": [
        [
          0.9998210352802924,
          0.012455001746382638,
          0.014239745171255905
        ],
        [
          -0.012311310926830337,
          0.9998728552321854,
          -0.010134347196585923
        ],
        [
          -0.014364157974194297,
          0.009957223575658307,
          0.9998472506659989
        ]
      ],
      "t": [
        -1.919798327897496,
        1.5987792369553517,
        1.2850613441258592
      ],
      "s": 1.0
    },
    "rpe": {
      "1": {
        "count": 1019.0,
        "rmse": 0.6263646774622512,
        "mean": 0.17374905455013387,
        "pstd": 0.6017839938178186,
        "mean_dt": 1.0
      },
      "10": {
        "count": 1010.0,
        "rmse": 1.0691831648542407,
        "mean": 0.8552299160044864,
        "pstd": 0.6416653573153923,
        "mean_dt": 10.0
      },
      "50": {
        "count": 970.0,
        "rmse": 2.8586206719273024,
        "mean": 2.5072235748578318,
        "pstd": 1.3731504257171638,
        "mean_dt": 50.0
      }
    }
  },
  "c": {
    "ate": {
      "matches": 561,
      "rmse": 5.511593461046726,
      "R": [
        [
          0.9987190530564749,
          -0.04739831803424246,
          0.017710237420820226
        ],
        [
          0.04750204794869376,
          0.9988560929441712,
          -0.005482793903131597
        ],
        [
          -0.017430103346137336,
          0.006317043282185941,
          0.999828128460844
        ]
      ],
      "t": [
        1.5296630095029684,
        -3.4004399834816077,
        1.3827483214700287
      ],
      "s": 1.0
    },
    "rpe": {
      "1": {
        "count": 560.0,
        "rmse": 1.9141266842788958,
        "mean": 0.5378041672114656,
        "pstd": 1.8370214046653082,
        "mean_dt": 1.0
      },
      "10": {
        "count": 551.0,
        "rmse": 2.3177772353257993,
        "mean": 1.474122444020121,
        "pstd": 1.7885900404035155,
        "mean_dt": 10.0
      },
      "50": {
        "count": 511.0,
        "rmse": 5.66497057456795,
        "mean": 4.616586142447658,
        "pstd": 3.2831423971678366,
        "mean_dt": 50.0
      }
    }
  }
}