{
  "stats": {
    "topics": {
      "/c_slam/factor_batch/a": {
        "attempts": 96,
        "drops": 0,
        "published": 96,
        "delivered": 96,
        "delivery_rate": 1.0,
        "bytes_attempted": 1131498,
        "bytes_published": 1131498,
        "bytes_delivered": null,
        "drop_reasons": {},
        "delivery_method": "ack",
        "ack_latency_s": {
          "count": 96,
          "min": 0.003816631971858442,
          "max": 0.036787556018680334,
          "mean": 0.0068875181162487325,
          "median": 0.0067192065180279315,
          "p90": 0.00694789452245459,
          "p95": 0.006989036744926125,
          "stdev": 0.003138450401085894
        }
      },
      "/c_slam/factor_batch/c": {
        "attempts": 97,
        "drops": 0,
        "published": 97,
        "delivered": 97,
        "delivery_rate": 1.0,
        "bytes_attempted": 1140591,
        "bytes_published": 1140591,
        "bytes_delivered": null,
        "drop_reasons": {},
        "delivery_method": "ack",
        "ack_latency_s": {
          "count": 97,
          "min": 0.0043308360036462545,
          "max": 0.03706164000323042,
          "mean": 0.006991508051383395,
          "median": 0.006690868001896888,
          "p90": 0.006918222387321293,
          "p95": 0.007133102964144195,
          "stdev": 0.0030959021736328
        }
      },
      "/c_slam/factor_batch/b": {
        "attempts": 171,
        "drops": 0,
        "published": 171,
        "delivered": 171,
        "delivery_rate": 1.0,
        "bytes_attempted": 2024302,
        "bytes_published": 2024302,
        "bytes_delivered": null,
        "drop_reasons": {},
        "delivery_method": "ack",
        "ack_latency_s": {
          "count": 171,
          "min": 0.004213435982819647,
          "max": 0.04113652603700757,
          "mean": 0.007056914265158624,
          "median": 0.006742995989043266,
          "p90": 0.006992162030655891,
          "p95": 0.007191085489466786,
          "stdev": 0.003515314745953103
        }
      }
    },
    "generated_by": {
      "component": "ros2_factor_publisher",
      "pid": 487224
    }
  }
}