{
  "a": {
    "ate": {
      "matches": 1355,
      "rmse": 2.2440007691433883,
      "R": [
        [
          0.9998942870298305,
          0.013552179174094238,
          0.00526813104801759
        ],
        [
          -0.013540131882248488,
          0.9999056464868481,
          -0.0023158048986241034
        ],
        [
          -0.005299018184263871,
          0.0022442288988467757,
          0.9999834417843788
        ]
      ],
      "t": [
        -0.9730134902436447,
        1.8246960434426143,
        0.1631626488575546
      ],
      "s": 1.0
    },
    "rpe": {
      "1": {
        "count": 1354.0,
        "rmse": 0.1273335918680748,
        "mean": 0.09752667319866186,
        "pstd": 0.08186813563790776,
        "mean_dt": 1.0
      },
      "10": {
        "count": 1345.0,
        "rmse": 0.7544853506907518,
        "mean": 0.6779147160837324,
        "pstd": 0.331179380584087,
        "mean_dt": 10.0
      },
      "50": {
        "count": 1305.0,
        "rmse": 2.5039696176051693,
        "mean": 2.246181810762402,
        "pstd": 1.1065853418918599,
        "mean_dt": 50.0
      }
    }
  },
  "b": {
    "ate": {
      "matches": 607,
      "rmse": 1.8767894043958964,
      "R": [
        [
          0.9999760536649157,
          0.0014576880708521592,
          0.006765149091442298
        ],
        [
          -0.0014847514613073062,
          0.999990909245942,
          0.003997116281859017
        ],
        [
          -0.006759261042413887,
          -0.004007065130572675,
          0.9999691274330421
        ]
      ],
      "t": [
        -0.6552018911985726,
        0.521995473321553,
        0.14415687952353196
      ],
      "s": 1.0
    },
    "rpe": {
      "1": {
        "count": 606.0,
        "rmse": 0.11675464149301651,
        "mean": 0.09269359108022063,
        "pstd": 0.07098974913898244,
        "mean_dt": 1.0
      },
      "10": {
        "count": 597.0,
        "rmse": 0.7375229636247129,
        "mean": 0.6418582775749746,
        "pstd": 0.36326033830060017,
        "mean_dt": 10.0
      },
      "50": {
        "count": 557.0,
        "rmse": 2.40523940856785,
        "mean": 2.126278413961019,
        "pstd": 1.12432945298575,
        "mean_dt": 50.0
      }
    }
  },
  "c": {
    "ate": {
      "matches": 1062,
      "rmse": 2.333883646843815,
      "R": [
        [
          0.9999678725898397,
          0.006841882156926654,
          0.004176414335471593
        ],
        [
          -0.006826690237848778,
          0.999970069144102,
          -0.00364103231742869
        ],
        [
          -0.004201200845861362,
          0.003612404253516839,
          0.9999846501056714
        ]
      ],
      "t": [
        -0.5667983648519481,
        1.0662343345396366,
        0.13037543755451253
      ],
      "s": 1.0
    },
    "rpe": {
      "1": {
        "count": 1061.0,
        "rmse": 0.508979449303958,
        "mean": 0.1804655728171338,
        "pstd": 0.4759120263678403,
        "mean_dt": 1.0
      },
      "10": {
        "count": 1052.0,
        "rmse": 0.8665930026845344,
        "mean": 0.6914578962278408,
        "pstd": 0.5223690362626462,
        "mean_dt": 10.0
      },
      "50": {
        "count": 1012.0,
        "rmse": 2.3066679116631525,
        "mean": 1.9981738186611553,
        "pstd": 1.1523967394580514,
        "mean_dt": 50.0
      }
    }
  },
  "d": {
    "ate": {
      "matches": 531,
      "rmse": 4.360492827005843,
      "R": [
        [
          0.9994854194660694,
          -0.02789969563330921,
          0.01582729472472826
        ],
        [
          0.027959954072654693,
          0.9996025658686889,
          -0.003598788266638727
        ],
        [
          -0.015720599320310398,
          0.0040394668338487386,
          0.9998682640551747
        ]
      ],
      "t": [
        1.6106908232911792,
        -1.575652514849505,
        0.9955572029467188
      ],
      "s": 1.0
    },
    "rpe": {
      "1": {
        "count": 530.0,
        "rmse": 0.6319499375878789,
        "mean": 0.20605099659983472,
        "pstd": 0.5974141866557396,
        "mean_dt": 1.0
      },
      "10": {
        "count": 521.0,
        "rmse": 1.163593840364872,
        "mean": 0.9970240104833755,
        "pstd": 0.5999114500113466,
        "mean_dt": 10.0
      },
      "50": {
        "count": 481.0,
        "rmse": 3.9524320969846585,
        "mean": 3.5808599367334906,
        "pstd": 1.6730695128330977,
        "mean_dt": 50.0
      }
    }
  }
}