{
  "stats": {
    "topics": {
      "/c_slam/factor_batch/a": {
        "attempts": 228,
        "drops": 0,
        "published": 228,
        "delivered": 228,
        "delivery_rate": 1.0,
        "bytes_attempted": 2698465,
        "bytes_published": 2698465,
        "bytes_delivered": null,
        "drop_reasons": {},
        "delivery_method": "ack",
        "ack_latency_s": {
          "count": 228,
          "min": 0.0032862979569472373,
          "max": 0.03702715499093756,
          "mean": 0.006719495315848147,
          "median": 0.0066161369904875755,
          "p90": 0.006876840017503128,
          "p95": 0.006996144982986152,
          "stdev": 0.00206209511228546
        }
      },
      "/c_slam/factor_batch/b": {
        "attempts": 89,
        "drops": 0,
        "published": 89,
        "delivered": 89,
        "delivery_rate": 1.0,
        "bytes_attempted": 1046969,
        "bytes_published": 1046969,
        "bytes_delivered": null,
        "drop_reasons": {},
        "delivery_method": "ack",
        "ack_latency_s": {
          "count": 89,
          "min": 0.002853193029295653,
          "max": 0.036922218976542354,
          "mean": 0.0068658130790180205,
          "median": 0.006642917986027896,
          "p90": 0.0068579260259866714,
          "p95": 0.006965932389721274,
          "stdev": 0.0032740380580498535
        }
      },
      "/c_slam/factor_batch/c": {
        "attempts": 180,
        "drops": 0,
        "published": 180,
        "delivered": 180,
        "delivery_rate": 1.0,
        "bytes_attempted": 2129887,
        "bytes_published": 2129887,
        "bytes_delivered": null,
        "drop_reasons": {},
        "delivery_method": "ack",
        "ack_latency_s": {
          "count": 180,
          "min": 0.0027320360532030463,
          "max": 0.038835585000924766,
          "mean": 0.006700327600507687,
          "median": 0.006673179974313825,
          "p90": 0.006883441103855148,
          "p95": 0.006985876854741946,
          "stdev": 0.002479641349322188
        }
      },
      "/c_slam/factor_batch/d": {
        "attempts": 87,
        "drops": 0,
        "published": 87,
        "delivered": 87,
        "delivery_rate": 1.0,
        "bytes_attempted": 1024370,
        "bytes_published": 1024370,
        "bytes_delivered": null,
        "drop_reasons": {},
        "delivery_method": "ack",
        "ack_latency_s": {
          "count": 87,
          "min": 0.0025306270108558238,
          "max": 0.036954879004042596,
          "mean": 0.006922039931945117,
          "median": 0.0066744969808496535,
          "p90": 0.006909743009600788,
          "p95": 0.007130429323296994,
          "stdev": 0.0032916524796793327
        }
      }
    },
    "generated_by": {
      "component": "ros2_factor_publisher",
      "pid": 497286
    }
  }
}