{
  "loop_closure_correction": {
    "count": 0
  },
  "interface_correction": {
    "count": 0
  },
  "loop_closure_correction_stabilised": {
    "count": 0
  },
  "loop_closure_correction_stabilised_params": {
    "epsilon": 0.001,
    "required": 3
  },
  "interface_correction_stabilised": {
    "count": 25050,
    "min": 0.07775759696960449,
    "max": 7.861694574356079,
    "mean": 1.3184717461972417,
    "median": 0.7744138240814209,
    "p90": 2.3787745952606203,
    "p95": 6.906362903118133,
    "p99": 7.734097006320953,
    "stdev": 1.7267446982462065
  },
  "interface_correction_stabilised_params": {
    "epsilon": 0.001,
    "required": 3
  },
  "time_to_global_convergence_s": 0.17151546478271484,
  "time_to_global_convergence_method": "delta_threshold",
  "timeline_start_ts": 1770282135.3913457,
  "timeline_end_ts": 1770282135.5628612,
  "optimization_duration_s": {
    "count": 404,
    "min": 0.0006088790250942111,
    "max": 0.0429006060003303,
    "mean": 0.005596063153398693,
    "median": 0.002343955507967621,
    "p90": 0.014490986987948408,
    "p95": 0.024421311769401623,
    "p99": 0.03258238310576415,
    "stdev": 0.007473344936881946
  },
  "communication_uplink_messages": 32484,
  "communication_uplink_bytes": 44217668,
  "communication_downlink_messages": 0,
  "communication_downlink_bytes": 0,
  "communication_uplink_bytes_per_s": 257805720.64459234,
  "communication_downlink_bytes_per_s": 0.0,
  "delivery_topics": {
    "/c_slam/factor_batch/a": {
      "attempts": 228.0,
      "drops": 0.0,
      "delivered": 228.0,
      "delivery_rate": 1.0
    },
    "/c_slam/factor_batch/b": {
      "attempts": 89.0,
      "drops": 0.0,
      "delivered": 89.0,
      "delivery_rate": 1.0
    },
    "/c_slam/factor_batch/c": {
      "attempts": 180.0,
      "drops": 0.0,
      "delivered": 180.0,
      "delivery_rate": 1.0
    },
    "/c_slam/factor_batch/d": {
      "attempts": 87.0,
      "drops": 0.0,
      "delivered": 87.0,
      "delivery_rate": 1.0
    },
    "/c_slam/iface/run_a02cf22e/a": {
      "attempts": 2121.0,
      "drops": 0.0,
      "delivered": 2121.0,
      "delivery_rate": 1.0
    },
    "/c_slam/iface/run_a02cf22e/c": {
      "attempts": 17170.0,
      "drops": 0.0,
      "delivered": 8804.0,
      "delivery_rate": 0.5127548048922539
    },
    "/c_slam/iface/run_a02cf22e/d": {
      "attempts": 6969.0,
      "drops": 0.0,
      "delivered": 2516.0,
      "delivery_rate": 0.3610274070885349
    },
    "/c_slam/iface/run_a02cf22e/b": {
      "attempts": 8181.0,
      "drops": 0.0,
      "delivered": 2623.0,
      "delivery_rate": 0.3206209509839873
    }
  },
  "delivery_rate": {
    "count": 8,
    "min": 0.3206209509839873,
    "max": 1.0,
    "mean": 0.774300395370597,
    "median": 1.0,
    "p90": 1.0,
    "p95": 1.0,
    "p99": 1.0,
    "stdev": 0.29574635556726175
  },
  "estimation_metrics": {
    "a": {
      "ate": {
        "matches": 1355,
        "rmse": 2.2715965804491156,
        "R": [
          [
            0.9998623532502697,
            0.014701279537434532,
            0.007690704310715512
          ],
          [
            -0.014666166178652445,
            0.9998818540530713,
            -0.004602336907724949
          ],
          [
            -0.007757455926578104,
            0.004488910263556592,
            0.9999598349744818
          ]
        ],
        "t": [
          -1.207907727267198,
          2.2341012875597954,
          0.3117804490643934
        ],
        "s": 1.0
      },
      "rpe": {
        "1": {
          "count": 1354.0,
          "rmse": 0.12777121516198567,
          "mean": 0.09774296736031932,
          "pstd": 0.08229092146506775,
          "mean_dt": 1.0
        },
        "10": {
          "count": 1345.0,
          "rmse": 0.7624945871491046,
          "mean": 0.6833734601515647,
          "pstd": 0.33822878261934236,
          "mean_dt": 10.0
        },
        "50": {
          "count": 1305.0,
          "rmse": 2.5569528097979166,
          "mean": 2.2937075819249912,
          "pstd": 1.1300058407606908,
          "mean_dt": 50.0
        }
      }
    },
    "b": {
      "ate": {
        "matches": 607,
        "rmse": 1.8770537429776195,
        "R": [
          [
            0.9999793431926539,
            0.0013060633709087767,
            0.006293439954407131
          ],
          [
            -0.0013273926082465937,
            0.9999933860274265,
            0.003386137957318347
          ],
          [
            -0.006288975819012986,
            -0.0033944218761948405,
            0.9999744630155681
          ]
        ],
        "t": [
          -0.7411156346910275,
          0.4010928031499077,
          0.008229357721198927
        ],
        "s": 1.0
      },
      "rpe": {
        "1": {
          "count": 606.0,
          "rmse": 0.11412703807248838,
          "mean": 0.09123785354426807,
          "pstd": 0.0685611763305875,
          "mean_dt": 1.0
        },
        "10": {
          "count": 597.0,
          "rmse": 0.710701846902206,
          "mean": 0.6222582068916374,
          "pstd": 0.3433538104437031,
          "mean_dt": 10.0
        },
        "50": {
          "count": 557.0,
          "rmse": 2.3535337729004815,
          "mean": 2.0957826223154603,
          "pstd": 1.0708951490149305,
          "mean_dt": 50.0
        }
      }
    },
    "c": {
      "ate": {
        "matches": 1062,
        "rmse": 2.517698988359439,
        "R": [
          [
            0.9999043604838088,
            0.012191624106442015,
            0.006529485976244066
          ],
          [
            -0.012148895645629675,
            0.9999047850705728,
            -0.0065440910418815695
          ],
          [
            -0.006608647369798585,
            0.006464139124435463,
            0.99995726942971
          ]
        ],
        "t": [
          -0.9473785760239224,
          1.736702622274855,
          0.3179429963878624
        ],
        "s": 1.0
      },
      "rpe": {
        "1": {
          "count": 1061.0,
          "rmse": 0.5379926991967566,
          "mean": 0.18875449755171786,
          "pstd": 0.5037934934504519,
          "mean_dt": 1.0
        },
        "10": {
          "count": 1052.0,
          "rmse": 0.9298640701294378,
          "mean": 0.7327764505014039,
          "pstd": 0.5724385229072609,
          "mean_dt": 10.0
        },
        "50": {
          "count": 1012.0,
          "rmse": 2.4375078985395406,
          "mean": 2.119603512694499,
          "pstd": 1.2036302191353403,
          "mean_dt": 50.0
        }
      }
    },
    "d": {
      "ate": {
        "matches": 531,
        "rmse": 4.360492827005843,
        "R": [
          [
            0.9994854194660694,
            -0.02789969563330921,
            0.01582729472472826
          ],
          [
            0.027959954072654693,
            0.9996025658686889,
            -0.003598788266638727
          ],
          [
            -0.015720599320310398,
            0.0040394668338487386,
            0.9998682640551747
          ]
        ],
        "t": [
          1.6106908232911792,
          -1.575652514849505,
          0.9955572029467188
        ],
        "s": 1.0
      },
      "rpe": {
        "1": {
          "count": 530.0,
          "rmse": 0.6319499375878789,
          "mean": 0.20605099659983472,
          "pstd": 0.5974141866557396,
          "mean_dt": 1.0
        },
        "10": {
          "count": 521.0,
          "rmse": 1.163593840364872,
          "mean": 0.9970240104833755,
          "pstd": 0.5999114500113466,
          "mean_dt": 10.0
        },
        "50": {
          "count": 481.0,
          "rmse": 3.9524320969846585,
          "mean": 3.5808599367334906,
          "pstd": 1.6730695128330977,
          "mean_dt": 50.0
        }
      }
    }
  },
  "input_end_team_ts": 1770282135.400427,
  "input_end_method": "input_end_event",
  "input_end_per_robot_ts": {
    "a": 1770282135.3913457,