{
  "ate": {
    "matches": 620,
    "rmse": 2.5048506641194592,
    "R": [
      [
        0.9999821904418429,
        0.005958638851948759,
        0.00033678207516264986
      ],
      [
        -0.0059585866898592054,
        0.9999822353471001,
        -0.00015567554907173348
      ],
      [
        -0.0003377037067209699,
        0.00015366603136855034,
        0.9999999311714762
      ]
    ],
    "t": [
      -1.7712784152105598,
      1.3366748650805675,
      -0.2915932068117799
    ],
    "s": 1.0
  },
  "rpe": {
    "1": {
      "count": 619.0,
      "rmse": 0.4329892614423385,
      "mean": 0.15208457114557633,
      "pstd": 0.4054010159630189,
      "mean_dt": 1.0
    },
    "10": {
      "count": 610.0,
      "rmse": 0.9904239113066191,
      "mean": 0.7782635272688035,
      "pstd": 0.6125727762568481,
      "mean_dt": 10.0
    },
    "50": {
      "count": 570.0,
      "rmse": 2.8379661412018478,
      "mean": 2.41224547401913,
      "pstd": 1.49503297344317,
      "mean_dt": 50.0
    }
  }
}