{
  "ate": {
    "matches": 1341,
    "rmse": 2.1044432244327793,
    "R": [
      [
        0.9999088430593265,
        0.013415507298542007,
        -0.001526347169500091
      ],
      [
        -0.01341279540435882,
        0.9999084719777325,
        0.0017732982257921137
      ],
      [
        0.0015499971612529717,
        -0.0017526639950503978,
        0.9999972628351141
      ]
    ],
    "t": [
      -0.733700963241148,
      3.324465808930128,
      -0.7759294057049626
    ],
    "s": 1.0
  },
  "rpe": {
    "1": {
      "count": 1340.0,
      "rmse": 0.151098914067688,
      "mean": 0.09139716190765054,
      "pstd": 0.12032223663006472,
      "mean_dt": 1.0
    },
    "10": {
      "count": 1331.0,
      "rmse": 0.6798998731645186,
      "mean": 0.5843438887389419,
      "pstd": 0.3475716576802252,
      "mean_dt": 10.0
    },
    "50": {
      "count": 1291.0,
      "rmse": 2.2317442403242755,
      "mean": 1.9809548634872574,
      "pstd": 1.0278619474651047,
      "mean_dt": 50.0
    }
  }
}