{
  "stats": {
    "topics": {
      "/c_slam/factor_batch/a": {
        "attempts": 230,
        "drops": 0,
        "published": 230,
        "delivered": 230,
        "delivery_rate": 1.0,
        "bytes_attempted": 2716293,
        "bytes_published": 2716293,
        "bytes_delivered": null,
        "drop_reasons": {},
        "delivery_method": "ack",
        "ack_latency_s": {
          "count": 230,
          "min": 0.0026058299699798226,
          "max": 0.008133692026603967,
          "mean": 0.00643880497284598,
          "median": 0.006582561007235199,
          "p90": 0.006742672686232254,
          "p95": 0.00686411740607582,
          "stdev": 0.0006653859594708406
        }
      },
      "/c_slam/factor_batch/b": {
        "attempts": 93,
        "drops": 0,
        "published": 93,
        "delivered": 93,
        "delivery_rate": 1.0,
        "bytes_attempted": 1097945,
        "bytes_published": 1097945,
        "bytes_delivered": null,
        "drop_reasons": {},
        "delivery_method": "ack",
        "ack_latency_s": {
          "count": 93,
          "min": 0.0032027679844759405,
          "max": 0.008251314982771873,
          "mean": 0.006444740986641777,
          "median": 0.006545607000589371,
          "p90": 0.006780997395981103,
          "p95": 0.006883277208544314,
          "stdev": 0.0006645892448320923
        }
      },
      "/c_slam/factor_batch/c": {
        "attempts": 188,
        "drops": 0,
        "published": 188,
        "delivered": 188,
        "delivery_rate": 1.0,
        "bytes_attempted": 2217927,
        "bytes_published": 2217927,
        "bytes_delivered": null,
        "drop_reasons": {},
        "delivery_method": "ack",
        "ack_latency_s": {
          "count": 188,
          "min": 0.002514323976356536,
          "max": 0.008765266975387931,
          "mean": 0.0065037383765423114,
          "median": 0.006580537010449916,
          "p90": 0.006846210680669173,
          "p95": 0.006923372345045209,
          "stdev": 0.0005714030565665226
        }
      },
      "/c_slam/factor_batch/d": {
        "attempts": 87,
        "drops": 0,
        "published": 87,
        "delivered": 87,
        "delivery_rate": 1.0,
        "bytes_attempted": 1020834,
        "bytes_published": 1020834,
        "bytes_delivered": null,
        "drop_reasons": {},
        "delivery_method": "ack",
        "ack_latency_s": {
          "count": 87,
          "min": 0.0031089329859241843,
          "max": 0.007868474000133574,
          "mean": 0.00633510644882168,
          "median": 0.006526142009533942,
          "p90": 0.006732400599867105,
          "p95": 0.006770684610819444,
          "stdev": 0.0007581159963894411
        }
      }
    },
    "generated_by": {
      "component": "ros2_factor_publisher",
      "pid": 518772
    }
  }
}