{
  "loop_closure_correction": {
    "count": 0
  },
  "interface_correction": {
    "count": 0
  },
  "loop_closure_correction_stabilised": {
    "count": 0
  },
  "loop_closure_correction_stabilised_params": {
    "epsilon": 0.001,
    "required": 3
  },
  "interface_correction_stabilised": {
    "count": 35473,
    "min": 0.11044836044311523,
    "max": 5.570605754852295,
    "mean": 1.9906527839998636,
    "median": 1.428607702255249,
    "p90": 4.548065567016602,
    "p95": 4.953257322311401,
    "p99": 5.361524782180786,
    "stdev": 1.496599764722299
  },
  "interface_correction_stabilised_params": {
    "epsilon": 0.001,
    "required": 3
  },
  "time_to_global_convergence_s": 0.17158961296081543,
  "time_to_global_convergence_method": "delta_threshold",
  "timeline_start_ts": 1770244081.8809695,
  "timeline_end_ts": 1770244082.0525591,
  "optimization_duration_s": {
    "count": 405,
    "min": 0.00026806199457496405,
    "max": 0.0411981149809435,
    "mean": 0.006225391652975461,
    "median": 0.0030938780400902033,
    "p90": 0.018712584616150708,
    "p95": 0.02753748223185539,
    "p99": 0.03898550161626184,
    "stdev": 0.007813933415295031
  },
  "communication_uplink_messages": 52329,
  "communication_uplink_bytes": 67141859,
  "communication_downlink_messages": 0,
  "communication_downlink_bytes": 0,
  "communication_uplink_bytes_per_s": 391293259.781014,
  "communication_downlink_bytes_per_s": 0.0,
  "delivery_topics": {
    "/c_slam/factor_batch/d": {
      "attempts": 171.0,
      "drops": 0.0,
      "delivered": 171.0,
      "delivery_rate": 1.0
    },
    "/c_slam/factor_batch/b": {
      "attempts": 36.0,
      "drops": 0.0,
      "delivered": 36.0,
      "delivery_rate": 1.0
    },
    "/c_slam/factor_batch/c": {
      "attempts": 126.0,
      "drops": 0.0,
      "delivered": 126.0,
      "delivery_rate": 1.0
    },
    "/c_slam/factor_batch/a": {
      "attempts": 243.0,
      "drops": 0.0,
      "delivered": 243.0,
      "delivery_rate": 1.0
    },
    "/c_slam/factor_batch/e": {
      "attempts": 88.0,
      "drops": 52.0,
      "delivered": 36.0,
      "delivery_rate": 0.4090909090909091
    },
    "/c_slam/iface/run_1482c23d/a": {
      "attempts": 1623.0,
      "drops": 0.0,
      "delivered": 1611.0,
      "delivery_rate": 0.9926062846580407
    },
    "/c_slam/iface/run_1482c23d/e": {
      "attempts": 16362.0,
      "drops": 0.0,
      "delivered": 5.0,
      "delivery_rate": 0.00030558611416697226
    },
    "/c_slam/iface/run_1482c23d/b": {
      "attempts": 13234.0,
      "drops": 0.0,
      "delivered": 2967.0,
      "delivery_rate": 0.22419525464712106
    },
    "/c_slam/iface/run_1482c23d/c": {
      "attempts": 21413.0,
      "drops": 0.0,
      "delivered": 7373.0,
      "delivery_rate": 0.3443235417736889
    },
    "/c_slam/iface/run_1482c23d/d": {
      "attempts": 11111.0,
      "drops": 0.0,
      "delivered": 7600.0,
      "delivery_rate": 0.6840068400684007
    }
  },
  "delivery_rate": {
    "count": 10,
    "min": 0.00030558611416697226,
    "max": 1.0,
    "mean": 0.6654528416352328,
    "median": 0.8383065623632207,
    "p90": 1.0,
    "p95": 1.0,
    "p99": 1.0,
    "stdev": 0.3689221365150783
  },
  "estimation_metrics": {
    "a": {
      "ate": {
        "matches": 1350,
        "rmse": 2.372938424370278,
        "R": [
          [
            0.9994204010000973,
            0.033315614150405,
            -0.006995135351489736
          ],
          [
            -0.03334062345760648,
            0.9994379549282456,
            -0.003489566778675464
          ],
          [
            0.006874946709788758,
            0.0037207664030494275,
            0.9999694450357527
          ]
        ],
        "t": [
          -2.005556043863578,
          5.705197162828888,
          -2.2546202432374125
        ],
        "s": 1.0
      },
      "rpe": {
        "1": {
          "count": 1349.0,
          "rmse": 0.1858096761745929,
          "mean": 0.09772151990358142,
          "pstd": 0.15803714850578937,
          "mean_dt": 1.0
        },
        "10": {
          "count": 1340.0,
          "rmse": 0.7303029849334499,
          "mean": 0.6407885493452665,
          "pstd": 0.35033196375822706,
          "mean_dt": 10.0
        },
        "50": {
          "count": 1300.0,
          "rmse": 2.4925727065391645,
          "mean": 2.204993599266643,
          "pstd": 1.1622916693227712,
          "mean_dt": 50.0
        }
      }
    },
    "b": {
      "ate": {
        "matches": 187,
        "rmse": 16.026170789108733,
        "R": [
          [
            0.9979626076852102,
            0.06282599474424853,
            -0.011114317186849267
          ],
          [
            -0.06281822808824676,
            0.9980244357149228,
            0.001046869506252615
          ],
          [
            0.011158130756859662,
            -0.00034655491027733853,
            0.99993768606734
          ]
        ],
        "t": [
          2.4193377425121483,
          9.311736536402394,
          -4.140432274678914
        ],
        "s": 1.0
      },
      "rpe": {
        "1": {
          "count": 186.0,
          "rmse": 15.792871821717362,
          "mean": 4.3352740643586,
          "pstd": 15.186184483407741,
          "mean_dt": 1.0
        },
        "10": {
          "count": 177.0,
          "rmse": 21.28501130586073,
          "mean": 9.72386141482128,
          "pstd": 18.93404936816129,
          "mean_dt": 10.0
        },
        "50": {
          "count": 137.0,
          "rmse": 20.456204083865178,
          "mean": 10.66065971244093,
          "pstd": 17.45871186589324,
          "mean_dt": 50.0
        }
      }
    },
    "c": {
      "ate": {
        "matches": 703,
        "rmse": 2.7429294969182614,
        "R": [
          [
            0.9999129501957373,
            0.012315541086614836,
            -0.004734921182150409
          ],
          [
            -0.012322432515484719,
            0.9999230547924299,
            -0.0014290386547382225
          ],
          [
            0.0047169574683904305,
            0.0014872600039362374,
            0.9999877691101637
          ]
        ],
        "t": [
          -1.054788110610417,
          3.8199643326317343,
          -1.9996491570695487
        ],
        "s": 1.0
      },
      "rpe": {
        "1": {
          "count": 702.0,
          "rmse": 1.2927643818967895,
          "mean": 0.5534673432112495,
          "pstd": 1.1682951883405457,
          "mean_dt": 1.0
        },
        "10": {
          "count": 693.0,
          "rmse": 1.8447342657125818,
          "mean": 1.2689399744672711,
          "pstd": 1.3389682043622773,
          "mean_dt": 10.0
        },
        "50": {
          "count": 653.0,
          "rmse": 3.2786818886212568,
          "mean": 2.8827670895533513,
          "pstd": 1.5618606961445531,
          "mean_dt": 50.0
        }
      }
    },
    "d": {
      "ate": {
        "matches": 1062,
        "rmse": 6.220172465915639,
        "R": [
          [
            0.993256523132686,
            0.11523014963975044,
            -0.012786393876673536
          ],
          [
            -0.11528196734488591,
            0.9933270240275777,
            -0.0033898881412360096
          ],
          [
            0.012310453259783916,
            0.004841069150322355,
            0.9999125045672851
          ]
        ],
        "t": [
          -4.842197604635118,
          14.059272523788664,
          -2.608490770235984
        ],
        "s": 1.0
      },
      "rpe": {
        "1": {
          "count": 1061.0,
          "rmse": 1.8418750852164836,
          "mean": 0.3721101807675155,
          "pstd": 1.8038951862318366,
          "mean_dt": 1.0
        },
        "10": {
          "count": 1052.0,
          "rmse": 3.7829493087606525,
          "mean": 1.7745486968953292,
          "pstd": 3.340910414093706,
          "mean_dt": 10.0
        },
        "50": {
          "count": 1012.0,