{
  "ate": {
    "matches": 187,
    "rmse": 16.026170789108733,
    "R": [
      [
        0.9979626076852102,
        0.06282599474424853,
        -0.011114317186849267
      ],
      [
        -0.06281822808824676,
        0.9980244357149228,
        0.001046869506252615
      ],
      [
        0.011158130756859662,
        -0.00034655491027733853,
        0.99993768606734
      ]
    ],
    "t": [
      2.4193377425121483,
      9.311736536402394,
      -4.140432274678914
    ],
    "s": 1.0
  },
  "rpe": {
    "1": {
      "count": 186.0,
      "rmse": 15.792871821717362,
      "mean": 4.3352740643586,
      "pstd": 15.186184483407741,
      "mean_dt": 1.0
    },
    "10": {
      "count": 177.0,
      "rmse": 21.28501130586073,
      "mean": 9.72386141482128,
      "pstd": 18.93404936816129,
      "mean_dt": 10.0
    },
    "50": {
      "count": 137.0,
      "rmse": 20.456204083865178,
      "mean": 10.66065971244093,
      "pstd": 17.45871186589324,
      "mean_dt": 50.0
    }
  }
}