{
  "ate": {
    "matches": 1062,
    "rmse": 6.220172465915639,
    "R": [
      [
        0.993256523132686,
        0.11523014963975044,
        -0.012786393876673536
      ],
      [
        -0.11528196734488591,
        0.9933270240275777,
        -0.0033898881412360096
      ],
      [
        0.012310453259783916,
        0.004841069150322355,
        0.9999125045672851
      ]
    ],
    "t": [
      -4.842197604635118,
      14.059272523788664,
      -2.608490770235984
    ],
    "s": 1.0
  },
  "rpe": {
    "1": {
      "count": 1061.0,
      "rmse": 1.8418750852164836,
      "mean": 0.3721101807675155,
      "pstd": 1.8038951862318366,
      "mean_dt": 1.0
    },
    "10": {
      "count": 1052.0,
      "rmse": 3.7829493087606525,
      "mean": 1.7745486968953292,
      "pstd": 3.340910414093706,
      "mean_dt": 10.0
    },
    "50": {
      "count": 1012.0,
      "rmse": 6.7507018313469285,
      "mean": 5.017872425300892,
      "pstd": 4.515853356693033,
      "mean_dt": 50.0
    }
  }
}