{
  "ate": {
    "matches": 1350,
    "rmse": 2.308938246942038,
    "R": [
      [
        0.9994952274960162,
        0.03065910877207858,
        -0.008325218434822446
      ],
      [
        -0.030716637725008746,
        0.9995045053685505,
        -0.006872547914689171
      ],
      [
        0.008110387139724578,
        0.007124801560113532,
        0.9999417277137567
      ]
    ],
    "t": [
      -1.7998049112361088,
      5.431481586275403,
      -2.5174438436886595
    ],
    "s": 1.0
  },
  "rpe": {
    "1": {
      "count": 1349.0,
      "rmse": 0.18501242866526532,
      "mean": 0.09638363015770669,
      "pstd": 0.1579233820504183,
      "mean_dt": 1.0
    },
    "10": {
      "count": 1340.0,
      "rmse": 0.7108284367051537,
      "mean": 0.6265505698906013,
      "pstd": 0.33572525939889514,
      "mean_dt": 10.0
    },
    "50": {
      "count": 1300.0,
      "rmse": 2.429371976034594,
      "mean": 2.1475947245184335,
      "pstd": 1.135643032454661,
      "mean_dt": 50.0
    }
  }
}