{
  "a": {
    "ate": {
      "matches": 1350,
      "rmse": 2.308938246942038,
      "R": [
        [
          0.9994952274960162,
          0.03065910877207858,
          -0.008325218434822446
        ],
        [
          -0.030716637725008746,
          0.9995045053685505,
          -0.006872547914689171
        ],
        [
          0.008110387139724578,
          0.007124801560113532,
          0.9999417277137567
        ]
      ],
      "t": [
        -1.7998049112361088,
        5.431481586275403,
        -2.5174438436886595
      ],
      "s": 1.0
    },
    "rpe": {
      "1": {
        "count": 1349.0,
        "rmse": 0.18501242866526532,
        "mean": 0.09638363015770669,
        "pstd": 0.1579233820504183,
        "mean_dt": 1.0
      },
      "10": {
        "count": 1340.0,
        "rmse": 0.7108284367051537,
        "mean": 0.6265505698906013,
        "pstd": 0.33572525939889514,
        "mean_dt": 10.0
      },
      "50": {
        "count": 1300.0,
        "rmse": 2.429371976034594,
        "mean": 2.1475947245184335,
        "pstd": 1.135643032454661,
        "mean_dt": 50.0
      }
    }
  },
  "b": {
    "ate": {
      "matches": 187,
      "rmse": 16.098478901305516,
      "R": [
        [
          0.9978878846623218,
          0.06402491630995064,
          -0.010980880459284543
        ],
        [
          -0.06402764244396122,
          0.9979481200428592,
          0.00010346976283664294
        ],
        [
          0.010964973653664578,
          0.0005998286650033963,
          0.9999397029613072
        ]
      ],
      "t": [
        2.354666628961091,
        9.49924284827965,
        -4.142217373243466
      ],
      "s": 1.0
    },
    "rpe": {
      "1": {
        "count": 186.0,
        "rmse": 15.832460029571559,
        "mean": 4.342095064223183,
        "pstd": 15.225406432710747,
        "mean_dt": 1.0
      },
      "10": {
        "count": 177.0,
        "rmse": 21.387971772697597,
        "mean": 9.753641238094218,
        "pstd": 19.034490251862728,
        "mean_dt": 10.0
      },
      "50": {
        "count": 137.0,
        "rmse": 20.54418609326112,
        "mean": 10.675276190753719,
        "pstd": 17.552836251890195,
        "mean_dt": 50.0
      }
    }
  },
  "c": {
    "ate": {
      "matches": 703,
      "rmse": 2.7429294969753673,
      "R": [
        [
          0.9999129501957632,
          0.012315541085295225,
          -0.004734921180040975
        ],
        [
          -0.01232243251415315,
          0.9999230547924484,
          -0.0014290386528362578
        ],
        [
          0.004716957466306553,
          0.0014872600020021595,
          0.9999877691101764
        ]
      ],
      "t": [
        -1.054788110680775,
        3.8199643322969337,
        -1.9996491568298063
      ],
      "s": 1.0
    },
    "rpe": {
      "1": {
        "count": 702.0,
        "rmse": 1.2927643818624404,
        "mean": 0.5534673432031589,
        "pstd": 1.1682951883063686,
        "mean_dt": 1.0
      },
      "10": {
        "count": 693.0,
        "rmse": 1.8447342656527037,
        "mean": 1.2689399744735832,
        "pstd": 1.3389682042737978,
        "mean_dt": 10.0
      },
      "50": {
        "count": 653.0,
        "rmse": 3.2786818886340705,
        "mean": 2.882767089613121,
        "pstd": 1.5618606960611334,
        "mean_dt": 50.0
      }
    }
  },
  "d": {
    "ate": {
      "matches": 1062,
      "rmse": 6.220172465915639,
      "R": [
        [
          0.993256523132686,
          0.11523014963975044,
          -0.012786393876673536
        ],
        [
          -0.11528196734488591,
          0.9933270240275777,
          -0.0033898881412360096
        ],
        [
          0.012310453259783916,
          0.004841069150322355,
          0.9999125045672851
        ]
      ],
      "t": [
        -4.842197604635118,
        14.059272523788664,
        -2.608490770235984
      ],
      "s": 1.0
    },
    "rpe": {
      "1": {
        "count": 1061.0,
        "rmse": 1.8418750852164836,
        "mean": 0.3721101807675155,
        "pstd": 1.8038951862318366,
        "mean_dt": 1.0
      },
      "10": {
        "count": 1052.0,
        "rmse": 3.7829493087606525,
        "mean": 1.7745486968953292,
        "pstd": 3.340910414093706,
        "mean_dt": 10.0
      },
      "50": {
        "count": 1012.0,
        "rmse": 6.7507018313469285,
        "mean": 5.017872425300892,
        "pstd": 4.515853356693033,
        "mean_dt": 50.0
      }
    }
  }
}