{
  "stats": {
    "topics": {
      "/c_slam/factor_batch/d": {
        "attempts": 176,
        "drops": 0,
        "published": 176,
        "delivered": 176,
        "delivery_rate": 1.0,
        "bytes_attempted": 2081732,
        "bytes_published": 2081732,
        "bytes_delivered": null,
        "drop_reasons": {},
        "delivery_method": "ack",
        "ack_latency_s": {
          "count": 176,
          "min": 0.005278868949972093,
          "max": 7.5352759679662995,
          "mean": 2.7741247531412228,
          "median": 2.1670124609954655,
          "p90": 6.244174508494325,
          "p95": 6.5423215060000075,
          "stdev": 2.607283355076376
        }
      },
      "/c_slam/factor_batch/b": {
        "attempts": 50,
        "drops": 0,
        "published": 50,
        "delivered": 50,
        "delivery_rate": 1.0,
        "bytes_attempted": 583590,
        "bytes_published": 583590,
        "bytes_delivered": null,
        "drop_reasons": {},
        "delivery_method": "ack",
        "ack_latency_s": {
          "count": 50,
          "min": 0.008106538036372513,
          "max": 7.533875733963214,
          "mean": 0.631643342099851,
          "median": 0.30295609901077114,
          "p90": 1.4570712655258833,
          "p95": 1.6597392473253416,
          "stdev": 1.134045906053373
        }
      },
      "/c_slam/factor_batch/c": {
        "attempts": 95,
        "drops": 0,
        "published": 95,
        "delivered": 95,
        "delivery_rate": 1.0,
        "bytes_attempted": 1118206,
        "bytes_published": 1118206,
        "bytes_delivered": null,
        "drop_reasons": {},
        "delivery_method": "ack",
        "ack_latency_s": {
          "count": 95,
          "min": 0.007671415980439633,
          "max": 7.531964975991286,
          "mean": 1.623632532190899,
          "median": 0.4396280030487105,
          "p90": 4.9080019539804205,
          "p95": 5.171408504602732,
          "stdev": 1.9471926648762323
        }
      },
      "/c_slam/factor_batch/a": {
        "attempts": 233,
        "drops": 0,
        "published": 233,
        "delivered": 233,
        "delivery_rate": 1.0,
        "bytes_attempted": 2756199,
        "bytes_published": 2756199,
        "bytes_delivered": null,
        "drop_reasons": {},
        "delivery_method": "ack",
        "ack_latency_s": {
          "count": 233,
          "min": 0.007682447030674666,
          "max": 7.603146056004334,
          "mean": 4.379331210241433,
          "median": 5.613407333032228,
          "p90": 7.085594606609083,
          "p95": 7.239337560383136,
          "stdev": 2.762214339787033
        }
      },
      "/c_slam/factor_batch/e": {
        "attempts": 83,
        "drops": 0,
        "published": 83,
        "delivered": 83,
        "delivery_rate": 1.0,
        "bytes_attempted": 981508,
        "bytes_published": 981508,
        "bytes_delivered": null,
        "drop_reasons": {},
        "delivery_method": "ack",
        "ack_latency_s": {
          "count": 83,
          "min": 0.008093785028904676,
          "max": 7.75719490199117,
          "mean": 1.6039736837117808,
          "median": 0.9789579680073075,
          "p90": 4.258841622178442,
          "p95": 4.567661764402874,
          "stdev": 1.7081809138994726
        }
      }
    },
    "generated_by": {
      "component": "ros2_factor_publisher",
      "pid": 504541
    }
  }
}