{
  "loop_closure_correction": {
    "count": 0
  },
  "interface_correction": {
    "count": 0
  },
  "loop_closure_correction_stabilised": {
    "count": 0
  },
  "loop_closure_correction_stabilised_params": {
    "epsilon": 0.001,
    "required": 3
  },
  "interface_correction_stabilised": {
    "count": 39803,
    "min": 0.16502022743225098,
    "max": 8.203580141067505,
    "mean": 2.1548690372108408,
    "median": 1.2886617183685303,
    "p90": 5.502006578445435,
    "p95": 7.027290081977845,
    "p99": 8.0515775680542,
    "stdev": 2.0952182927448453
  },
  "interface_correction_stabilised_params": {
    "epsilon": 0.001,
    "required": 3
  },
  "time_to_global_convergence_s": 0.1629958152770996,
  "time_to_global_convergence_method": "delta_threshold",
  "timeline_start_ts": 1770243606.6983755,
  "timeline_end_ts": 1770243606.8613713,
  "optimization_duration_s": {
    "count": 505,
    "min": 0.0005950049962848425,
    "max": 0.05870362400310114,
    "mean": 0.006432023457952287,
    "median": 0.003245141007937491,
    "p90": 0.01593447818886489,
    "p95": 0.027419629204086957,
    "p99": 0.037116374163888376,
    "stdev": 0.008124938516798148
  },
  "communication_uplink_messages": 54454,
  "communication_uplink_bytes": 70618787,
  "communication_downlink_messages": 0,
  "communication_downlink_bytes": 0,
  "communication_uplink_bytes_per_s": 433255215.0492033,
  "communication_downlink_bytes_per_s": 0.0,
  "delivery_topics": {
    "/c_slam/factor_batch/d": {
      "attempts": 171.0,
      "drops": 0.0,
      "delivered": 171.0,
      "delivery_rate": 1.0
    },
    "/c_slam/factor_batch/b": {
      "attempts": 36.0,
      "drops": 0.0,
      "delivered": 36.0,
      "delivery_rate": 1.0
    },
    "/c_slam/factor_batch/c": {
      "attempts": 126.0,
      "drops": 0.0,
      "delivered": 126.0,
      "delivery_rate": 1.0
    },
    "/c_slam/factor_batch/a": {
      "attempts": 243.0,
      "drops": 0.0,
      "delivered": 243.0,
      "delivery_rate": 1.0
    },
    "/c_slam/factor_batch/e": {
      "attempts": 88.0,
      "drops": 0.0,
      "delivered": 88.0,
      "delivery_rate": 1.0
    },
    "/c_slam/iface/run_31b3d3f2/a": {
      "attempts": 2323.0,
      "drops": 0.0,
      "delivered": 2315.0,
      "delivery_rate": 0.9965561773568661
    },
    "/c_slam/iface/run_31b3d3f2/e": {
      "attempts": 16362.0,
      "drops": 0.0,
      "delivered": 4143.0,
      "delivery_rate": 0.2532086541987532
    },
    "/c_slam/iface/run_31b3d3f2/b": {
      "attempts": 13534.0,
      "drops": 0.0,
      "delivered": 3172.0,
      "delivery_rate": 0.23437269100044333
    },
    "/c_slam/iface/run_31b3d3f2/c": {
      "attempts": 21614.0,
      "drops": 0.0,
      "delivered": 7656.0,
      "delivery_rate": 0.3542148607384103
    },
    "/c_slam/iface/run_31b3d3f2/d": {
      "attempts": 11413.0,
      "drops": 0.0,
      "delivered": 8125.0,
      "delivery_rate": 0.7119074739332341
    }
  },
  "delivery_rate": {
    "count": 10,
    "min": 0.23437269100044333,
    "max": 1.0,
    "mean": 0.7550259857227707,
    "median": 0.998278088678433,
    "p90": 1.0,
    "p95": 1.0,
    "p99": 1.0,
    "stdev": 0.3230800865605271
  },
  "estimation_metrics": {
    "a": {
      "ate": {
        "matches": 1350,
        "rmse": 2.0991952709202453,
        "R": [
          [
            0.9998772507213434,
            0.014628885461384942,
            0.00561063277049455
          ],
          [
            -0.014640246450864577,
            0.9998908471681575,
            0.0019892041628410684
          ],
          [
            -0.005580920514181716,
            -0.0020711010359703297,
            0.9999822817763888
          ]
        ],
        "t": [
          -1.344867026693123,
          2.2114602050842223,
          -0.04796169441500986
        ],
        "s": 1.0
      },
      "rpe": {
        "1": {
          "count": 1349.0,
          "rmse": 0.1483813803653762,
          "mean": 0.09604241507717359,
          "pstd": 0.11310565213674482,
          "mean_dt": 1.0
        },
        "10": {
          "count": 1340.0,
          "rmse": 0.7063917566353258,
          "mean": 0.6320282796038562,
          "pstd": 0.3154830702642085,
          "mean_dt": 10.0
        },
        "50": {
          "count": 1300.0,
          "rmse": 2.3347700182431756,
          "mean": 2.095982823299826,
          "pstd": 1.0285946930250653,
          "mean_dt": 50.0
        }
      }
    },
    "b": {
      "ate": {
        "matches": 187,
        "rmse": 16.20180989861892,
        "R": [
          [
            0.9996516410787097,
            0.021473434491481137,
            0.015345621518266584
          ],
          [
            -0.021641631768944274,
            0.9997065908033249,
            0.010879893325324276
          ],
          [
            -0.01510749029518877,
            -0.011208207507585645,
            0.9998230542558256
          ]
        ],
        "t": [
          3.598322056197702,
          4.400591092220855,
          -0.48822727519604836
        ],
        "s": 1.0
      },
      "rpe": {
        "1": {
          "count": 186.0,
          "rmse": 15.99545051511184,
          "mean": 4.360421604027304,
          "pstd": 15.389644590325126,
          "mean_dt": 1.0
        },
        "10": {
          "count": 177.0,
          "rmse": 21.421016804238526,
          "mean": 9.735165119151553,
          "pstd": 19.081051360717105,
          "mean_dt": 10.0
        },
        "50": {
          "count": 137.0,
          "rmse": 20.642817240721723,
          "mean": 10.556650135724915,
          "pstd": 17.739307809092697,
          "mean_dt": 50.0
        }
      }
    },
    "c": {
      "ate": {
        "matches": 703,
        "rmse": 1.884375239789128,
        "R": [
          [
            0.9999839829394814,
            0.005202564346836056,
            0.0022287190732147967
          ],
          [
            -0.005201991749421977,
            0.9999864350596466,
            -0.00026263765694653496
          ],
          [
            -0.002230055230083664,
            0.0002510396720326741,
            0.9999974819132065
          ]
        ],
        "t": [
          -0.4014708473569897,
          1.7430557058810479,
          -0.19802564900540887
        ],
        "s": 1.0
      },
      "rpe": {
        "1": {
          "count": 702.0,
          "rmse": 0.8114233911633789,
          "mean": 0.37962090070122806,
          "pstd": 0.7171442612737452,
          "mean_dt": 1.0
        },
        "10": {
          "count": 693.0,
          "rmse": 0.9853398490237848,
          "mean": 0.7711033055101949,
          "pstd": 0.6134283253204611,
          "mean_dt": 10.0
        },
        "50": {
          "count": 653.0,
          "rmse": 2.0521177321969275,
          "mean": 1.865294970749339,
          "pstd": 0.8554892511857087,
          "mean_dt": 50.0
        }
      }
    },
    "d": {
      "ate": {
        "matches": 1062,
        "rmse": 6.395363942653648,
        "R": [
          [
            0.9922101212173422,
            0.12446305476533354,
            -0.005293708751705416
          ],
          [
            -0.12448413845806215,
            0.9922140962542849,
            -0.003858298413320048
          ],
          [
            0.004772276838188738,
            0.004487225509576934,
            0.9999785448603413
          ]
        ],
        "t": [
          -4.998190718656119,
          15.51805925328317,
          -1.7507497884420253
        ],
        "s": 1.0
      },
      "rpe": {
        "1": {
          "count": 1061.0,
          "rmse": 1.8612330446830951,
          "mean": 0.3783594819973862,
          "pstd": 1.8223700362448272,
          "mean_dt": 1.0
        },
        "10": {
          "count": 1052.0,
          "rmse": 3.865928136862508,
          "mean": 1.8071442027073519,
          "pstd": 3.4175473939663843,
          "mean_dt": 10.0
        },
        "50": {
          "count": 1012.0,