{
  "ate": {
    "matches": 1350,
    "rmse": 2.0991952709202453,
    "R": [
      [
        0.9998772507213434,
        0.014628885461384942,
        0.00561063277049455
      ],
      [
        -0.014640246450864577,
        0.9998908471681575,
        0.0019892041628410684
      ],
      [
        -0.005580920514181716,
        -0.0020711010359703297,
        0.9999822817763888
      ]
    ],
    "t": [
      -1.344867026693123,
      2.2114602050842223,
      -0.04796169441500986
    ],
    "s": 1.0
  },
  "rpe": {
    "1": {
      "count": 1349.0,
      "rmse": 0.1483813803653762,
      "mean": 0.09604241507717359,
      "pstd": 0.11310565213674482,
      "mean_dt": 1.0
    },
    "10": {
      "count": 1340.0,
      "rmse": 0.7063917566353258,
      "mean": 0.6320282796038562,
      "pstd": 0.3154830702642085,
      "mean_dt": 10.0
    },
    "50": {
      "count": 1300.0,
      "rmse": 2.3347700182431756,
      "mean": 2.095982823299826,
      "pstd": 1.0285946930250653,
      "mean_dt": 50.0
    }
  }
}