{
  "ate": {
    "matches": 1062,
    "rmse": 6.395363942653648,
    "R": [
      [
        0.9922101212173422,
        0.12446305476533354,
        -0.005293708751705416
      ],
      [
        -0.12448413845806215,
        0.9922140962542849,
        -0.003858298413320048
      ],
      [
        0.004772276838188738,
        0.004487225509576934,
        0.9999785448603413
      ]
    ],
    "t": [
      -4.998190718656119,
      15.51805925328317,
      -1.7507497884420253
    ],
    "s": 1.0
  },
  "rpe": {
    "1": {
      "count": 1061.0,
      "rmse": 1.8612330446830951,
      "mean": 0.3783594819973862,
      "pstd": 1.8223700362448272,
      "mean_dt": 1.0
    },
    "10": {
      "count": 1052.0,
      "rmse": 3.865928136862508,
      "mean": 1.8071442027073519,
      "pstd": 3.4175473939663843,
      "mean_dt": 10.0
    },
    "50": {
      "count": 1012.0,
      "rmse": 6.979432494119587,
      "mean": 5.110687993940189,
      "pstd": 4.753245856103812,
      "mean_dt": 50.0
    }
  }
}