{
  "ate": {
    "matches": 607,
    "rmse": 1.8568599706346867,
    "R": [
      [
        0.9999712045805526,
        0.0013122147101725797,
        0.007474496790586424
      ],
      [
        -0.0013568192598655826,
        0.9999812850106434,
        0.005965624020818627
      ],
      [
        -0.0074665287258630746,
        -0.005975593779375968,
        0.9999542705682943
      ]
    ],
    "t": [
      -0.6653533710749286,
      0.48015163989437326,
      0.1895999335700389
    ],
    "s": 1.0
  },
  "rpe": {
    "1": {
      "count": 606.0,
      "rmse": 0.11475314462824626,
      "mean": 0.09175269575072235,
      "pstd": 0.06891826335991481,
      "mean_dt": 1.0
    },
    "10": {
      "count": 597.0,
      "rmse": 0.7160656747738701,
      "mean": 0.6288866614700563,
      "pstd": 0.3424202354043999,
      "mean_dt": 10.0
    },
    "50": {
      "count": 557.0,
      "rmse": 2.3430460993760795,
      "mean": 2.0828463392051804,
      "pstd": 1.0731337992352319,
      "mean_dt": 50.0
    }
  }
}