{
  "stats": {
    "topics": {
      "/c_slam/factor_batch/a": {
        "attempts": 230,
        "drops": 0,
        "published": 230,
        "delivered": 230,
        "delivery_rate": 1.0,
        "bytes_attempted": 2716262,
        "bytes_published": 2716262,
        "bytes_delivered": null,
        "drop_reasons": {},
        "delivery_method": "ack",
        "ack_latency_s": {
          "count": 230,
          "min": 0.004043407971039414,
          "max": 2.6631291290395893,
          "mean": 0.22628409855027237,
          "median": 0.07346115648397245,
          "p90": 0.2964676579867949,
          "p95": 1.5574406224244721,
          "stdev": 0.4948180467034916
        }
      },
      "/c_slam/factor_batch/b": {
        "attempts": 93,
        "drops": 0,
        "published": 93,
        "delivered": 93,
        "delivery_rate": 1.0,
        "bytes_attempted": 1097926,
        "bytes_published": 1097926,
        "bytes_delivered": null,
        "drop_reasons": {},
        "delivery_method": "ack",
        "ack_latency_s": {
          "count": 93,
          "min": 0.005379562033340335,
          "max": 0.5188920109649189,
          "mean": 0.07649449981506212,
          "median": 0.05594150099204853,
          "p90": 0.1734894324094057,
          "p95": 0.23200513159390532,
          "stdev": 0.08415917379957968
        }
      },
      "/c_slam/factor_batch/c": {
        "attempts": 188,
        "drops": 0,
        "published": 188,
        "delivered": 188,
        "delivery_rate": 1.0,
        "bytes_attempted": 2217943,
        "bytes_published": 2217943,
        "bytes_delivered": null,
        "drop_reasons": {},
        "delivery_method": "ack",
        "ack_latency_s": {
          "count": 188,
          "min": 0.004739401978440583,
          "max": 2.644916657009162,
          "mean": 0.25380935799578164,
          "median": 0.08670528151560575,
          "p90": 0.6686212982225707,
          "p95": 1.6342352628853414,
          "stdev": 0.5166249632233678
        }
      },
      "/c_slam/factor_batch/d": {
        "attempts": 87,
        "drops": 0,
        "published": 87,
        "delivered": 87,
        "delivery_rate": 1.0,
        "bytes_attempted": 1020842,
        "bytes_published": 1020842,
        "bytes_delivered": null,
        "drop_reasons": {},
        "delivery_method": "ack",
        "ack_latency_s": {
          "count": 87,
          "min": 0.004252880986314267,
          "max": 0.22446742100873962,
          "mean": 0.06813243444040204,
          "median": 0.06130676803877577,
          "p90": 0.1287464539986104,
          "p95": 0.17450924235163257,
          "stdev": 0.04947318214201377
        }
      }
    },
    "generated_by": {
      "component": "ros2_factor_publisher",
      "pid": 468974
    }
  }
}