{
  "ate": {
    "matches": 1064,
    "rmse": 3.633334309176563,
    "R": [
      [
        0.9996934811948776,
        0.010658189981650435,
        0.022346065487742203
      ],
      [
        -0.010887270478879505,
        0.9998891653589895,
        0.01015501547134283
      ],
      [
        -0.0222353546854357,
        -0.010395190427238354,
        0.9996987191239141
      ]
    ],
    "t": [
      -1.4507714020278115,
      3.619217042679736,
      2.7931469818196115
    ],
    "s": 1.0
  },
  "rpe": {
    "1": {
      "count": 1063.0,
      "rmse": 1.0467143181739806,
      "mean": 0.24166060341061318,
      "pstd": 1.0184355731363874,
      "mean_dt": 1.0
    },
    "10": {
      "count": 1054.0,
      "rmse": 2.919022101354595,
      "mean": 1.1571797033415658,
      "pstd": 2.679855436841865,
      "mean_dt": 10.0
    },
    "50": {
      "count": 1014.0,
      "rmse": 4.521753189523401,
      "mean": 2.9802410679026243,
      "pstd": 3.400649215098738,
      "mean_dt": 50.0
    }
  }
}