{
  "loop_closure_correction": {
    "count": 0
  },
  "interface_correction": {
    "count": 0
  },
  "loop_closure_correction_stabilised": {
    "count": 0
  },
  "loop_closure_correction_stabilised_params": {
    "epsilon": 0.001,
    "required": 3
  },
  "interface_correction_stabilised": {
    "count": 32774,
    "min": 0.03539681434631348,
    "max": 6.987015962600708,
    "mean": 1.4239879451269721,
    "median": 0.9463698863983154,
    "p90": 3.5033198595046997,
    "p95": 4.729154312610626,
    "p99": 6.626834769248962,
    "stdev": 1.463861289292739
  },
  "interface_correction_stabilised_params": {
    "epsilon": 0.001,
    "required": 3
  },
  "time_to_global_convergence_s": 0.1708531379699707,
  "time_to_global_convergence_method": "delta_threshold",
  "timeline_start_ts": 1770278835.991601,
  "timeline_end_ts": 1770278836.1624541,
  "optimization_duration_s": {
    "count": 505,
    "min": 0.0006168870022520423,
    "max": 0.06784136197529733,
    "mean": 0.0061051044003383285,
    "median": 0.0029128079768270254,
    "p90": 0.015088192012626685,
    "p95": 0.02626734002260489,
    "p99": 0.039843655426520845,
    "stdev": 0.008373520757871247
  },
  "communication_uplink_messages": 48385,
  "communication_uplink_bytes": 63500007,
  "communication_downlink_messages": 0,
  "communication_downlink_bytes": 0,
  "communication_uplink_bytes_per_s": 371664271.1658057,
  "communication_downlink_bytes_per_s": 0.0,
  "delivery_topics": {
    "/c_slam/factor_batch/d": {
      "attempts": 171.0,
      "drops": 0.0,
      "delivered": 171.0,
      "delivery_rate": 1.0
    },
    "/c_slam/factor_batch/b": {
      "attempts": 36.0,
      "drops": 0.0,
      "delivered": 36.0,
      "delivery_rate": 1.0
    },
    "/c_slam/factor_batch/c": {
      "attempts": 126.0,
      "drops": 0.0,
      "delivered": 126.0,
      "delivery_rate": 1.0
    },
    "/c_slam/factor_batch/a": {
      "attempts": 243.0,
      "drops": 0.0,
      "delivered": 243.0,
      "delivery_rate": 1.0
    },
    "/c_slam/factor_batch/e": {
      "attempts": 88.0,
      "drops": 0.0,
      "delivered": 88.0,
      "delivery_rate": 1.0
    },
    "/c_slam/iface/run_8573cd7d/a": {
      "attempts": 2323.0,
      "drops": 0.0,
      "delivered": 2249.0,
      "delivery_rate": 0.9681446405510116
    },
    "/c_slam/iface/run_8573cd7d/e": {
      "attempts": 16362.0,
      "drops": 0.0,
      "delivered": 3442.0,
      "delivery_rate": 0.2103654809925437
    },
    "/c_slam/iface/run_8573cd7d/b": {
      "attempts": 13534.0,
      "drops": 0.0,
      "delivered": 2634.0,
      "delivery_rate": 0.1946209546327767
    },
    "/c_slam/iface/run_8573cd7d/c": {
      "attempts": 21614.0,
      "drops": 0.0,
      "delivered": 6111.0,
      "delivery_rate": 0.2827334135282687
    },
    "/c_slam/iface/run_8573cd7d/d": {
      "attempts": 11413.0,
      "drops": 0.0,
      "delivered": 6090.0,
      "delivery_rate": 0.5336020327696487
    }
  },
  "delivery_rate": {
    "count": 10,
    "min": 0.1946209546327767,
    "max": 1.0,
    "mean": 0.7189466522474249,
    "median": 0.9840723202755057,
    "p90": 1.0,
    "p95": 1.0,
    "p99": 1.0,
    "stdev": 0.34860599841748213
  },
  "estimation_metrics": {
    "a": {
      "ate": {
        "matches": 1350,
        "rmse": 2.091718012998984,
        "R": [
          [
            0.9998906978069966,
            0.014217258150492712,
            0.004057340227130816
          ],
          [
            -0.014230002514440605,
            0.9998938504531839,
            0.0031296732009020653
          ],
          [
            -0.004012414170480541,
            -0.003187067082391852,
            0.9999868714817893
          ]
        ],
        "t": [
          -1.2770138964538091,
          2.119311492475063,
          -0.21311485488787163
        ],
        "s": 1.0
      },
      "rpe": {
        "1": {
          "count": 1349.0,
          "rmse": 0.15271793108015047,
          "mean": 0.09529820923601853,
          "pstd": 0.11933573559420346,
          "mean_dt": 1.0
        },
        "10": {
          "count": 1340.0,
          "rmse": 0.6981462774561592,
          "mean": 0.6255861471963623,
          "pstd": 0.3099196624319008,
          "mean_dt": 10.0
        },
        "50": {
          "count": 1300.0,
          "rmse": 2.3011716424627457,
          "mean": 2.0611786340014606,
          "pstd": 1.0231977163825998,
          "mean_dt": 50.0
        }
      }
    },
    "b": {
      "ate": {
        "matches": 187,
        "rmse": 16.1853268051088,
        "R": [
          [
            0.9997106291514499,
            0.01929932874391125,
            0.014359452344967306
          ],
          [
            -0.019456119956277575,
            0.9997517221786142,
            0.010860635209002129
          ],
          [
            -0.014146284242156587,
            -0.011136871685105985,
            0.9998379132295441
          ]
        ],
        "t": [
          3.593842219393288,
          4.174730827204243,
          -0.5943971585586425
        ],
        "s": 1.0
      },
      "rpe": {
        "1": {
          "count": 186.0,
          "rmse": 16.000299269218818,
          "mean": 4.35802949757733,
          "pstd": 15.395361496334216,
          "mean_dt": 1.0
        },
        "10": {
          "count": 177.0,
          "rmse": 21.425093012602314,
          "mean": 9.71714463909365,
          "pstd": 19.094808474074675,
          "mean_dt": 10.0
        },
        "50": {
          "count": 137.0,
          "rmse": 20.60471732366916,
          "mean": 10.427677868816358,
          "pstd": 17.77126642230399,
          "mean_dt": 50.0
        }
      }
    },
    "c": {
      "ate": {
        "matches": 703,
        "rmse": 1.750298392949412,
        "R": [
          [
            0.99998407654069,
            0.004712243137428255,
            0.0031050651646173004
          ],
          [
            -0.0047201633824400045,
            0.9999856128102216,
            0.002548377956134981
          ],
          [
            -0.003093011914920148,
            -0.0025629937920324114,
            0.9999919321375126
          ]
        ],
        "t": [
          -0.46705403873798446,
          1.54657495752096,
          -0.12636569526612185
        ],
        "s": 1.0
      },
      "rpe": {
        "1": {
          "count": 702.0,
          "rmse": 0.7870825119864304,
          "mean": 0.3677546881149716,
          "pstd": 0.6958845953492071,
          "mean_dt": 1.0
        },
        "10": {
          "count": 693.0,
          "rmse": 0.9310270801900712,
          "mean": 0.7231040945603544,
          "pstd": 0.5864570678892869,
          "mean_dt": 10.0
        },
        "50": {
          "count": 653.0,
          "rmse": 1.9154900090176932,
          "mean": 1.738974191112939,
          "pstd": 0.8031629581160354,
          "mean_dt": 50.0
        }
      }
    },
    "d": {
      "ate": {
        "matches": 1062,
        "rmse": 6.404239907955749,
        "R": [
          [
            0.9920146610513401,
            0.12558754044667111,
            -0.011605255005783955
          ],
          [
            -0.12560689462349606,
            0.992079635473795,
            -0.0009512629622858079
          ],
          [
            0.011393870379967114,
            0.002401366847692911,
            0.9999322042793839
          ]
        ],
        "t": [
          -4.911818925473767,
          15.6653264299026,
          -2.9229118943046926
        ],
        "s": 1.0
      },
      "rpe": {
        "1": {
          "count": 1061.0,
          "rmse": 1.865688332619968,
          "mean": 0.3784239120882363,
          "pstd": 1.8269067565790291,
          "mean_dt": 1.0
        },
        "10": {
          "count": 1052.0,
          "rmse": 3.877371732409402,
          "mean": 1.8082474885730524,
          "pstd": 3.429905621348311,
          "mean_dt": 10.0
        },
        "50": {
          "count": 1012.0,