{
  "ate": {
    "matches": 265,
    "rmse": 1.593293231617855,
    "R": [
      [
        0.9990684696521958,
        0.0429436053241754,
        0.0042473178100932455
      ],
      [
        -0.042940216972740426,
        0.9990772508259432,
        -0.0008858038202384996
      ],
      [
        -0.004281438210742989,
        0.0007025979187801588,
        0.9999905877772107
      ]
    ],
    "t": [
      -2.652404275240386,
      6.456507925023425,
      0.21370726242304894
    ],
    "s": 1.0
  },
  "rpe": {
    "1": {
      "count": 264.0,
      "rmse": 0.44490271263534115,
      "mean": 0.1781499011450378,
      "pstd": 0.40767761335680225,
      "mean_dt": 1.0
    },
    "10": {
      "count": 255.0,
      "rmse": 1.0152259584743537,
      "mean": 0.8701482273735914,
      "pstd": 0.5229969494736715,
      "mean_dt": 10.0
    },
    "50": {
      "count": 215.0,
      "rmse": 2.8540706595091248,
      "mean": 2.7136124883373345,
      "pstd": 0.8843226744862456,
      "mean_dt": 50.0
    }
  }
}