{
  "ate": {
    "matches": 624,
    "rmse": 2.5893118784450584,
    "R": [
      [
        0.9999472562682643,
        0.006969183857044035,
        -0.007544213539997092
      ],
      [
        -0.007012522032297233,
        0.9999589753183703,
        -0.005733429600272899
      ],
      [
        0.007503946716022736,
        0.005786031161465713,
        0.9999551053057739
      ]
    ],
    "t": [
      -0.5796592036705306,
      2.3976818547224497,
      -2.0124018509138724
    ],
    "s": 1.0
  },
  "rpe": {
    "1": {
      "count": 623.0,
      "rmse": 0.2515730984833731,
      "mean": 0.12101987089264132,
      "pstd": 0.22055206806931876,
      "mean_dt": 1.0
    },
    "10": {
      "count": 614.0,
      "rmse": 0.8616788747723335,
      "mean": 0.718146012425865,
      "pstd": 0.4761898655638774,
      "mean_dt": 10.0
    },
    "50": {
      "count": 574.0,
      "rmse": 2.7713297870364872,
      "mean": 2.4464229208206723,
      "pstd": 1.3020305991023984,
      "mean_dt": 50.0
    }
  }
}