{
  "ate": {
    "matches": 1357,
    "rmse": 2.2926849597543297,
    "R": [
      [
        0.9991633122048299,
        0.040875378572907524,
        0.0013707554105722945
      ],
      [
        -0.04087523711739148,
        0.9991642496671411,
        -0.00013106370934468092
      ],
      [
        -0.001374967080018268,
        7.492409750161494e-05,
        0.9999990519255048
      ]
    ],
    "t": [
      -1.96366134870334,
      6.06686576622468,
      -0.5375851225195083
    ],
    "s": 1.0
  },
  "rpe": {
    "1": {
      "count": 1356.0,
      "rmse": 0.1085743137983181,
      "mean": 0.09194381811921523,
      "pstd": 0.057746999285125826,
      "mean_dt": 1.0
    },
    "10": {
      "count": 1347.0,
      "rmse": 0.6993064886222228,
      "mean": 0.6396675150411087,
      "pstd": 0.28258633234867486,
      "mean_dt": 10.0
    },
    "50": {
      "count": 1307.0,
      "rmse": 2.4967674430233586,
      "mean": 2.2043644120920707,
      "pstd": 1.1724441151898775,
      "mean_dt": 50.0
    }
  }
}