{
  "stats": {
    "topics": {
      "/c_slam/factor_batch/a": {
        "attempts": 96,
        "drops": 0,
        "published": 96,
        "delivered": 96,
        "delivery_rate": 1.0,
        "bytes_attempted": 1131500,
        "bytes_published": 1131500,
        "bytes_delivered": null,
        "drop_reasons": {},
        "delivery_method": "ack",
        "ack_latency_s": {
          "count": 96,
          "min": 0.28787919098977,
          "max": 1.869093639019411,
          "mean": 0.4912306483014011,
          "median": 0.5757704894931521,
          "p90": 0.651809178525582,
          "p95": 0.7850109585124301,
          "stdev": 0.2419493221897809
        }
      },
      "/c_slam/factor_batch/c": {
        "attempts": 97,
        "drops": 0,
        "published": 97,
        "delivered": 97,
        "delivery_rate": 1.0,
        "bytes_attempted": 1140607,
        "bytes_published": 1140607,
        "bytes_delivered": null,
        "drop_reasons": {},
        "delivery_method": "ack",
        "ack_latency_s": {
          "count": 97,
          "min": 0.2689588149660267,
          "max": 1.5265291529940441,
          "mean": 0.4887508910614997,
          "median": 0.5818656950141303,
          "p90": 0.6687696706154383,
          "p95": 0.684172729589045,
          "stdev": 0.2223279375270383
        }
      },
      "/c_slam/factor_batch/b": {
        "attempts": 171,
        "drops": 0,
        "published": 171,
        "delivered": 171,
        "delivery_rate": 1.0,
        "bytes_attempted": 2024312,
        "bytes_published": 2024312,
        "bytes_delivered": null,
        "drop_reasons": {},
        "delivery_method": "ack",
        "ack_latency_s": {
          "count": 171,
          "min": 0.2495814230060205,
          "max": 1.1972881950205192,
          "mean": 0.4930514929045471,
          "median": 0.3592611339990981,
          "p90": 0.7242670730338432,
          "p95": 0.7331607939559035,
          "stdev": 0.19370566625854746
        }
      }
    },
    "generated_by": {
      "component": "ros2_factor_publisher",
      "pid": 486951
    }
  }
}