{
  "loop_closure_correction": {
    "count": 0
  },
  "interface_correction": {
    "count": 0
  },
  "loop_closure_correction_stabilised": {
    "count": 0
  },
  "loop_closure_correction_stabilised_params": {
    "epsilon": 0.001,
    "required": 3
  },
  "interface_correction_stabilised": {
    "count": 24759,
    "min": 0.044057607650756836,
    "max": 17.809664011001587,
    "mean": 0.9138674413528575,
    "median": 0.6529791355133057,
    "p90": 2.0455888748168944,
    "p95": 2.4402204275131223,
    "p99": 3.112529163360595,
    "stdev": 0.7457257519522477
  },
  "interface_correction_stabilised_params": {
    "epsilon": 0.001,
    "required": 3
  },
  "time_to_global_convergence_s": 0.175750732421875,
  "time_to_global_convergence_method": "delta_threshold",
  "timeline_start_ts": 1770248891.3513765,
  "timeline_end_ts": 1770248891.5271273,
  "optimization_duration_s": {
    "count": 304,
    "min": 0.00037496502045542,
    "max": 0.041649833030533046,
    "mean": 0.0060456772637400335,
    "median": 0.0029936399951111525,
    "p90": 0.01943373830872587,
    "p95": 0.02788747216109186,
    "p99": 0.03292242711468131,
    "stdev": 0.007733518501720484
  },
  "communication_uplink_messages": 25764,
  "communication_uplink_bytes": 35522030,
  "communication_downlink_messages": 0,
  "communication_downlink_bytes": 0,
  "communication_uplink_bytes_per_s": 202115971.35613823,
  "communication_downlink_bytes_per_s": 0.0,
  "delivery_topics": {
    "/c_slam/factor_batch/a": {
      "attempts": 228.0,
      "drops": 0.0,
      "delivered": 225.0,
      "delivery_rate": 0.9868421052631579
    },
    "/c_slam/factor_batch/b": {
      "attempts": 89.0,
      "drops": 0.0,
      "delivered": 89.0,
      "delivery_rate": 1.0
    },
    "/c_slam/factor_batch/c": {
      "attempts": 180.0,
      "drops": 0.0,
      "delivered": 180.0,
      "delivery_rate": 1.0
    },
    "/c_slam/factor_batch/d": {
      "attempts": 87.0,
      "drops": 55.0,
      "delivered": 32.0,
      "delivery_rate": 0.367816091954023
    },
    "/c_slam/iface/run_5eb02887/a": {
      "attempts": 1820.0,
      "drops": 0.0,
      "delivered": 1820.0,
      "delivery_rate": 1.0
    },
    "/c_slam/iface/run_5eb02887/c": {
      "attempts": 16165.0,
      "drops": 0.0,
      "delivered": 5409.0,
      "delivery_rate": 0.33461181565109804
    },
    "/c_slam/iface/run_5eb02887/d": {
      "attempts": 6969.0,
      "drops": 0.0,
      "delivered": 1.0,
      "delivery_rate": 0.00014349261013057828
    },
    "/c_slam/iface/run_5eb02887/b": {
      "attempts": 8080.0,
      "drops": 0.0,
      "delivered": 1549.0,
      "delivery_rate": 0.1917079207920792
    }
  },
  "delivery_rate": {
    "count": 8,
    "min": 0.00014349261013057828,
    "max": 1.0,
    "mean": 0.6101401782838111,
    "median": 0.6773290986085905,
    "p90": 1.0,
    "p95": 1.0,
    "p99": 1.0,
    "stdev": 0.3999522995978429
  },
  "estimation_metrics": {
    "a": {
      "ate": {
        "matches": 1344,
        "rmse": 2.5929150315117986,
        "R": [
          [
            0.9997079659943173,
            0.02252539381437881,
            0.00875153478039334
          ],
          [
            -0.022538193211511882,
            0.9997450485454039,
            0.0013666585926801061
          ],
          [
            -0.008718519040861206,
            -0.0015635032636746454,
            0.9999607706721694
          ]
        ],
        "t": [
          -1.9194864991925584,
          2.758676359337791,
          0.49370111297317365
        ],
        "s": 1.0
      },
      "rpe": {
        "1": {
          "count": 1343.0,
          "rmse": 0.1719992896799977,
          "mean": 0.09832187725663483,
          "pstd": 0.1411260574917156,
          "mean_dt": 1.0
        },
        "10": {
          "count": 1334.0,
          "rmse": 0.8258149356867923,
          "mean": 0.6734394515306387,
          "pstd": 0.47796402911254177,
          "mean_dt": 10.0
        },
        "50": {
          "count": 1294.0,
          "rmse": 2.7215182882433093,
          "mean": 2.3576797564552963,
          "pstd": 1.3594145648931677,
          "mean_dt": 50.0
        }
      }
    },
    "b": {
      "ate": {
        "matches": 607,
        "rmse": 2.566648889037284,
        "R": [
          [
            0.9999420899701144,
            0.003192094752236728,
            0.01027751124014701
          ],
          [
            -0.0032817231948412263,
            0.999956631534959,
            0.008715809895282277
          ],
          [
            -0.01024924382923187,
            -0.008749033109492807,
            0.9999091995879315
          ]
        ],
        "t": [
          -1.7360399956426846,
          1.040449031244762,
          0.5126792939889389
        ],
        "s": 1.0
      },
      "rpe": {
        "1": {
          "count": 606.0,
          "rmse": 0.13572453102658044,
          "mean": 0.102913988607462,
          "pstd": 0.08848649202724886,
          "mean_dt": 1.0
        },
        "10": {
          "count": 597.0,
          "rmse": 0.8944227258390953,
          "mean": 0.7417032073890761,
          "pstd": 0.4998683473137656,
          "mean_dt": 10.0
        },
        "50": {
          "count": 557.0,
          "rmse": 2.9452090386073317,
          "mean": 2.49380187307127,
          "pstd": 1.5669104948785524,
          "mean_dt": 50.0
        }
      }
    },
    "c": {
      "ate": {
        "matches": 1062,
        "rmse": 2.5737557990842475,
        "R": [
          [
            0.9997354121806294,
            0.019819652253956845,
            0.01167420303744367
          ],
          [
            -0.019802453963495732,
            0.9998026527239057,
            -0.0015869540840535018
          ],
          [
            -0.011703352043362602,
            0.001355356327123497,
            0.9999305948715518
          ]
        ],
        "t": [
          -1.3810002488717572,
          3.3473142231949495,
          1.164788839597385
        ],
        "s": 1.0
      },
      "rpe": {
        "1": {
          "count": 1061.0,
          "rmse": 0.6184264021977403,
          "mean": 0.1897412005424377,
          "pstd": 0.5885996022356416,
          "mean_dt": 1.0
        },
        "10": {
          "count": 1052.0,
          "rmse": 1.0033583601718965,
          "mean": 0.6935083991231125,
          "pstd": 0.7251028197935347,
          "mean_dt": 10.0
        },
        "50": {
          "count": 1012.0,
          "rmse": 2.3887141440271877,
          "mean": 2.024973617785583,
          "pstd": 1.267058447407979,
          "mean_dt": 50.0
        }
      }
    }
  },
  "input_end_team_ts": 1770248891.3600614,
  "input_end_method": "input_end_event",
  "input_end_per_robot_ts": {
    "a": 1770248891.3513765,
    "c": 1770248891.3544998,
    "b": 1770248891.356538,
    "d": 1770248891.3600614
  },
  "time_from_input_end_to_team_convergence_s": 27.281058311462402,
  "time_from_input_end_to_team_convergence_method": "censored_end",
  "time_from_input_end_to_team_convergence_per_robot_s": {
    "b": 0.08648252487182617,
    "c": 2.703280448913574,
    "a": 0.7120084762573242,
    "d": 27.281058311462402
  },
  "time_from_input_end_to_team_convergence_params": {
    "epsilon": 0.001,
    "required": 3
  },
  "time_from_input_end_to_ddf_stop_team_s": 27.281058311462402,
  "time_from_input_end_to_ddf_stop_method": "censored_end",
  "time_from_input_end_to_ddf_stop_per_robot_s": {
    "a": 27.281058311462402,
    "b": 9.164478063583374,
    "c": 19.724875450134277,
    "d": 27.281058311462402
  },
  "stable_team_convergence_s": 27.281058311462402,
  "stable_team_convergence_method": "censored_end",
  "stable_team_convergence_per_robot_s": {
    "b": 0.08648252487182617,
    "c": 2.703280448913574,
    "a": 0.7120084762573242,
    "d": 27.281058311462402
  },
  "stable_team_convergence_params": {
    "epsilon": 0.001,
    "required": 3
  },
  "stable_loop_closure_correction": {
    "count": 0
  },