{
  "loop_closure_correction": {
    "count": 512,
    "min": 0.010221294010989368,
    "max": 0.2210823719506152,
    "mean": 0.07570342594999602,
    "median": 0.070520001987461,
    "p90": 0.11751383180380799,
    "p95": 0.16165497909241805,
    "p99": 0.20625505965261254,
    "stdev": 0.039184903428910664
  },
  "interface_correction": {
    "count": 5,
    "min": 0.023070729977916926,
    "max": 0.1843915890203789,
    "mean": 0.08222757959738373,
    "median": 0.07214794697938487,
    "p90": 0.1413591462187469,
    "p95": 0.1628753676195629,
    "p99": 0.1800883447402157,
    "stdev": 0.0544514193666611
  },
  "loop_closure_correction_stabilised": {
    "count": 512,
    "min": 0.4279043674468994,
    "max": 23.826019048690796,
    "mean": 15.015287267509848,
    "median": 16.80419957637787,
    "p90": 22.39762046337128,
    "p95": 22.97344845533371,
    "p99": 23.47208093881607,
    "stdev": 6.84278867014498
  },
  "loop_closure_correction_stabilised_params": {
    "epsilon": 0.001,
    "required": 3
  },
  "interface_correction_stabilised": {
    "count": 5,
    "min": 22.396501541137695,
    "max": 24.87564730644226,
    "mean": 23.3764808177948,
    "median": 23.138681650161743,
    "p90": 24.315090703964234,
    "p95": 24.595369005203246,
    "p99": 24.81959164619446,
    "stdev": 0.8267687144033653
  },
  "interface_correction_stabilised_params": {
    "epsilon": 0.001,
    "required": 3
  },
  "time_to_global_convergence_s": 24.668827772140503,
  "time_to_global_convergence_method": "last_map_broadcast",
  "timeline_start_ts": 1770254972.1377666,
  "timeline_end_ts": 1770254996.8065944,
  "optimization_duration_s": {
    "count": 304,
    "min": 0.0007604289567098022,
    "max": 0.08156057202722877,
    "mean": 0.010647473618614879,
    "median": 0.0048858200025279075,
    "p90": 0.03208304902072995,
    "p95": 0.05348886435385786,
    "p99": 0.07542966456385325,
    "stdev": 0.016328169651589095
  },
  "communication_uplink_messages": 637,
  "communication_uplink_bytes": 7521207,
  "communication_downlink_messages": 304,
  "communication_downlink_bytes": 83485940,
  "communication_uplink_bytes_per_s": 304887.08541287074,
  "communication_downlink_bytes_per_s": 3384268.6312919995,
  "delivery_topics": {
    "/c_slam/factor_batch/d": {
      "attempts": 176.0,
      "drops": 0.0,
      "delivered": 176.0,
      "delivery_rate": 1.0
    },
    "/c_slam/factor_batch/b": {
      "attempts": 50.0,
      "drops": 0.0,
      "delivered": 50.0,
      "delivery_rate": 1.0
    },
    "/c_slam/factor_batch/c": {
      "attempts": 95.0,
      "drops": 0.0,
      "delivered": 95.0,
      "delivery_rate": 1.0
    },
    "/c_slam/factor_batch/a": {
      "attempts": 233.0,
      "drops": 0.0,
      "delivered": 233.0,
      "delivery_rate": 1.0
    },
    "/c_slam/factor_batch/e": {
      "attempts": 83.0,
      "drops": 0.0,
      "delivered": 83.0,
      "delivery_rate": 1.0
    }
  },
  "delivery_rate": {
    "count": 5,
    "min": 1.0,
    "max": 1.0,
    "mean": 1.0,
    "median": 1.0,
    "p90": 1.0,
    "p95": 1.0,
    "p99": 1.0,
    "stdev": 0.0
  },
  "estimation_metrics": {
    "ate": {
      "d": {
        "matches": 1062,
        "rmse": 2.3926897624292343,
        "R": [
          [
            0.9999508916999429,
            0.009907593193868199,
            -0.00023191721489615176
          ],
          [
            -0.009909266979604318,
            0.9999111730356501,
            -0.008913611299490636
          ],
          [
            0.00014358417975034632,
            0.008915471696791973,
            0.9999602460838165
          ]
        ],
        "t": [
          -0.5208545542010228,
          1.3361790303348755,
          -0.08570584420837157
        ],
        "s": 1.0
      },
      "e": {
        "matches": 529,
        "rmse": 2.530754014271235,
        "R": [
          [
            0.9999937999290873,
            0.003466440992981803,
            -0.0006195887551647293
          ],
          [
            -0.0034669805413026123,
            0.9999936099199814,
            -0.0008718744911135716
          ],
          [
            0.0006165624944662615,
            0.0008740171875876307,
            0.9999994279721593
          ]
        ],
        "t": [
          0.6109451885421322,
          0.5435510185450738,
          -0.06105543796144364
        ],
        "s": 1.0
      },
      "b": {
        "matches": 265,
        "rmse": 1.352954111404073,
        "R": [
          [
            0.9999582019746353,
            0.009052668632262588,
            -0.0012819884120284118
          ],
          [
            -0.009054498059366206,
            0.9999579868688722,
            -0.0014284824275372088
          ],
          [
            0.0012690029736176656,
            0.0014400304813813117,
            0.9999981579701365
          ]
        ],
        "t": [
          -0.8338181438469405,
          1.46695140362419,
          -0.122362626543568
        ],
        "s": 1.0
      },
      "c": {
        "matches": 624,
        "rmse": 1.6056383682967148,
        "R": [
          [
            0.9999831220516622,
            0.005307425644120986,
            -0.0023636507446128966
          ],
          [
            -0.005320197850828372,
            0.9999711022102741,
            -0.0054304916165298645
          ],
          [
            0.002334760509864934,
            0.005442975050584518,
            0.9999824613041772
          ]
        ],
        "t": [
          -0.6917789113278587,
          1.115059678704199,
          -0.6385077347216881
        ],
        "s": 1.0
      },
      "a": {
        "matches": 1357,
        "rmse": 2.0701430061747113,
        "R": [
          [
            0.9999478612563379,
            0.009145174457322476,
            0.004543187539622148
          ],
          [
            -0.009115667783988594,
            0.9999374972042655,
            -0.0064735064471477186
          ],
          [
            -0.004602104923509136,
            0.0064317547383628895,
            0.9999687260916007
          ]
        ],
        "t": [
          -0.44081386128164013,
          1.4052219382407785,
          0.09649953581218407
        ],
        "s": 1.0
      }
    },
    "rpe": {
      "d": {
        "1": {
          "count": 1061.0,
          "rmse": 0.7132778652596807,
          "mean": 0.2281780086469024,
          "pstd": 0.6757959081256267,
          "mean_dt": 1.0
        },
        "10": {
          "count": 1052.0,
          "rmse": 1.1087484597340815,
          "mean": 0.7722993492399807,
          "pstd": 0.7955355819359696,
          "mean_dt": 10.0
        },
        "50": {
          "count": 1012.0,
          "rmse": 2.484097352295823,
          "mean": 2.096661791192338,
          "pstd": 1.332197053381085,
          "mean_dt": 50.0
        }
      },
      "e": {
        "1": {
          "count": 528.0,
          "rmse": 0.4949130011896982,
          "mean": 0.1544591579080361,
          "pstd": 0.470192776725605,
          "mean_dt": 1.0
        },
        "10": {
          "count": 519.0,
          "rmse": 0.8282567568184307,
          "mean": 0.6250850050559148,
          "pstd": 0.5433948763741079,
          "mean_dt": 10.0
        },
        "50": {
          "count": 479.0,
          "rmse": 2.381629443502377,
          "mean": 2.088173299575392,
          "pstd": 1.1452908264270103,
          "mean_dt": 50.0
        }
      },
      "b": {
        "1": {
          "count": 264.0,
          "rmse": 0.40552004174833456,
          "mean": 0.15549016834990087,
          "pstd": 0.3745254488096777,
          "mean_dt": 1.0
        },
        "10": {
          "count": 255.0,
          "rmse": 0.7446186200714335,
          "mean": 0.6218993196743422,
          "pstd": 0.4095096159379852,
          "mean_dt": 10.0
        },
        "50": {
          "count": 215.0,
          "rmse": 2.238405278541185,
          "mean": 2.1042055358211225,