{
  "ate": {
    "d": {
      "matches": 1062,
      "rmse": 2.3926897624292343,
      "R": [
        [
          0.9999508916999429,
          0.009907593193868199,
          -0.00023191721489615176
        ],
        [
          -0.009909266979604318,
          0.9999111730356501,
          -0.008913611299490636
        ],
        [
          0.00014358417975034632,
          0.008915471696791973,
          0.9999602460838165
        ]
      ],
      "t": [
        -0.5208545542010228,
        1.3361790303348755,
        -0.08570584420837157
      ],
      "s": 1.0
    },
    "e": {
      "matches": 529,
      "rmse": 2.530754014271235,
      "R": [
        [
          0.9999937999290873,
          0.003466440992981803,
          -0.0006195887551647293
        ],
        [
          -0.0034669805413026123,
          0.9999936099199814,
          -0.0008718744911135716
        ],
        [
          0.0006165624944662615,
          0.0008740171875876307,
          0.9999994279721593
        ]
      ],
      "t": [
        0.6109451885421322,
        0.5435510185450738,
        -0.06105543796144364
      ],
      "s": 1.0
    },
    "b": {
      "matches": 265,
      "rmse": 1.352954111404073,
      "R": [
        [
          0.9999582019746353,
          0.009052668632262588,
          -0.0012819884120284118
        ],
        [
          -0.009054498059366206,
          0.9999579868688722,
          -0.0014284824275372088
        ],
        [
          0.0012690029736176656,
          0.0014400304813813117,
          0.9999981579701365
        ]
      ],
      "t": [
        -0.8338181438469405,
        1.46695140362419,
        -0.122362626543568
      ],
      "s": 1.0
    },
    "c": {
      "matches": 624,
      "rmse": 1.6056383682967148,
      "R": [
        [
          0.9999831220516622,
          0.005307425644120986,
          -0.0023636507446128966
        ],
        [
          -0.005320197850828372,
          0.9999711022102741,
          -0.0054304916165298645
        ],
        [
          0.002334760509864934,
          0.005442975050584518,
          0.9999824613041772
        ]
      ],
      "t": [
        -0.6917789113278587,
        1.115059678704199,
        -0.6385077347216881
      ],
      "s": 1.0
    },
    "a": {
      "matches": 1357,
      "rmse": 2.0701430061747113,
      "R": [
        [
          0.9999478612563379,
          0.009145174457322476,
          0.004543187539622148
        ],
        [
          -0.009115667783988594,
          0.9999374972042655,
          -0.0064735064471477186
        ],
        [
          -0.004602104923509136,
          0.0064317547383628895,
          0.9999687260916007
        ]
      ],
      "t": [
        -0.44081386128164013,
        1.4052219382407785,
        0.09649953581218407
      ],
      "s": 1.0
    }
  },
  "rpe": {
    "d": {
      "1": {
        "count": 1061.0,
        "rmse": 0.7132778652596807,
        "mean": 0.2281780086469024,
        "pstd": 0.6757959081256267,
        "mean_dt": 1.0
      },
      "10": {
        "count": 1052.0,
        "rmse": 1.1087484597340815,
        "mean": 0.7722993492399807,
        "pstd": 0.7955355819359696,
        "mean_dt": 10.0
      },
      "50": {
        "count": 1012.0,
        "rmse": 2.484097352295823,
        "mean": 2.096661791192338,
        "pstd": 1.332197053381085,
        "mean_dt": 50.0
      }
    },
    "e": {
      "1": {
        "count": 528.0,
        "rmse": 0.4949130011896982,
        "mean": 0.1544591579080361,
        "pstd": 0.470192776725605,
        "mean_dt": 1.0
      },
      "10": {
        "count": 519.0,
        "rmse": 0.8282567568184307,
        "mean": 0.6250850050559148,
        "pstd": 0.5433948763741079,
        "mean_dt": 10.0
      },
      "50": {
        "count": 479.0,
        "rmse": 2.381629443502377,
        "mean": 2.088173299575392,
        "pstd": 1.1452908264270103,
        "mean_dt": 50.0
      }
    },
    "b": {
      "1": {
        "count": 264.0,
        "rmse": 0.40552004174833456,
        "mean": 0.15549016834990087,
        "pstd": 0.3745254488096777,
        "mean_dt": 1.0
      },
      "10": {
        "count": 255.0,
        "rmse": 0.7446186200714335,
        "mean": 0.6218993196743422,
        "pstd": 0.4095096159379852,
        "mean_dt": 10.0
      },
      "50": {
        "count": 215.0,
        "rmse": 2.238405278541185,
        "mean": 2.1042055358211225,
        "pstd": 0.7633984896636808,
        "mean_dt": 50.0
      }
    },
    "c": {
      "1": {
        "count": 623.0,
        "rmse": 0.21324499476400127,
        "mean": 0.10618407172974817,
        "pstd": 0.18492801492145686,
        "mean_dt": 1.0
      },
      "10": {
        "count": 614.0,
        "rmse": 0.6003954967464855,
        "mean": 0.52344747148846,
        "pstd": 0.29407056484081673,
        "mean_dt": 10.0
      },
      "50": {
        "count": 574.0,
        "rmse": 1.916408588424886,
        "mean": 1.7411987380238603,
        "pstd": 0.8005303445171692,
        "mean_dt": 50.0
      }
    },
    "a": {
      "1": {
        "count": 1356.0,
        "rmse": 0.12014531852286561,
        "mean": 0.08534895568449154,
        "pstd": 0.08456035315990305,
        "mean_dt": 1.0
      },
      "10": {
        "count": 1347.0,
        "rmse": 0.6194531788624575,
        "mean": 0.5504093721164943,
        "pstd": 0.28420373658544773,
        "mean_dt": 10.0
      },
      "50": {
        "count": 1307.0,
        "rmse": 2.217013749138033,
        "mean": 1.9404044251409445,
        "pstd": 1.0723714984838566,
        "mean_dt": 50.0
      }
    }
  }
}