{
  "stats": {
    "topics": {
      "/c_slam/factor_batch/d": {
        "attempts": 176,
        "drops": 0,
        "published": 176,
        "delivered": 176,
        "delivery_rate": 1.0,
        "bytes_attempted": 2081741,
        "bytes_published": 2081741,
        "bytes_delivered": null,
        "drop_reasons": {},
        "delivery_method": "ack",
        "ack_latency_s": {
          "count": 176,
          "min": 0.006921079999301583,
          "max": 7.151698678964749,
          "mean": 2.7977272773145656,
          "median": 2.295168350014137,
          "p90": 6.228499246499268,
          "p95": 6.469303863021196,
          "stdev": 2.584836348658153
        }
      },
      "/c_slam/factor_batch/b": {
        "attempts": 50,
        "drops": 0,
        "published": 50,
        "delivered": 50,
        "delivery_rate": 1.0,
        "bytes_attempted": 583580,
        "bytes_published": 583580,
        "bytes_delivered": null,
        "drop_reasons": {},
        "delivery_method": "ack",
        "ack_latency_s": {
          "count": 50,
          "min": 0.005791276984382421,
          "max": 7.148792966967449,
          "mean": 0.674409598398488,
          "median": 0.35367685998789966,
          "p90": 1.595136543462286,
          "p95": 1.7818233391153624,
          "stdev": 1.1041730566593373
        }
      },
      "/c_slam/factor_batch/c": {
        "attempts": 95,
        "drops": 0,
        "published": 95,
        "delivered": 95,
        "delivery_rate": 1.0,
        "bytes_attempted": 1118210,
        "bytes_published": 1118210,
        "bytes_delivered": null,
        "drop_reasons": {},
        "delivery_method": "ack",
        "ack_latency_s": {
          "count": 95,
          "min": 0.008409288013353944,
          "max": 7.144359381985851,
          "mean": 1.6666754112762743,
          "median": 0.522801679035183,
          "p90": 4.917618618812412,
          "p95": 5.178718790406128,
          "stdev": 1.9431608624443453
        }
      },
      "/c_slam/factor_batch/a": {
        "attempts": 233,
        "drops": 0,
        "published": 233,
        "delivered": 233,
        "delivery_rate": 1.0,
        "bytes_attempted": 2756179,
        "bytes_published": 2756179,
        "bytes_delivered": null,
        "drop_reasons": {},
        "delivery_method": "ack",
        "ack_latency_s": {
          "count": 233,
          "min": 0.007516028010286391,
          "max": 7.368655626021791,
          "mean": 4.345384438827188,
          "median": 5.624588258971926,
          "p90": 6.894777637405787,
          "p95": 7.0448106091818765,
          "stdev": 2.6721856842025358
        }
      },
      "/c_slam/factor_batch/e": {
        "attempts": 83,
        "drops": 0,
        "published": 83,
        "delivered": 83,
        "delivery_rate": 1.0,
        "bytes_attempted": 981497,
        "bytes_published": 981497,
        "bytes_delivered": null,
        "drop_reasons": {},
        "delivery_method": "ack",
        "ack_latency_s": {
          "count": 83,
          "min": 0.008079957973677665,
          "max": 7.147565238992684,
          "mean": 1.6573039412663981,
          "median": 1.0884247759822756,
          "p90": 4.272147662006319,
          "p95": 4.582093374792021,
          "stdev": 1.6969312141339985
        }
      }
    },
    "generated_by": {
      "component": "ros2_factor_publisher",
      "pid": 503015
    }
  }
}