{
  "ate": {
    "matches": 596,
    "rmse": 3.0718450344200745,
    "R": [
      [
        0.9999654020287274,
        -0.00039948844727918963,
        0.008308739646099263
      ],
      [
        0.00035779284848492344,
        0.9999873399124634,
        0.005019163184586735
      ],
      [
        -0.008310639554435279,
        -0.0050160167240977035,
        0.9999528853133125
      ]
    ],
    "t": [
      -2.3778511153687703,
      0.48950099266551206,
      0.8903020295728292
    ],
    "s": 1.0
  },
  "rpe": {
    "1": {
      "count": 595.0,
      "rmse": 1.3132744880788902,
      "mean": 0.18054381176977877,
      "pstd": 1.3008050634397563,
      "mean_dt": 1.0
    },
    "10": {
      "count": 586.0,
      "rmse": 1.5858391030882755,
      "mean": 0.826551857074068,
      "pstd": 1.353402264092696,
      "mean_dt": 10.0
    },
    "50": {
      "count": 546.0,
      "rmse": 3.1134256142801275,
      "mean": 2.5891598957247486,
      "pstd": 1.7290662480154433,
      "mean_dt": 50.0
    }
  }
}