{
  "ate": {
    "matches": 1020,
    "rmse": 3.055009401836308,
    "R": [
      [
        0.9997999160807811,
        0.013636067689199302,
        0.014635076454794905
      ],
      [
        -0.013481452255895688,
        0.999852808344435,
        -0.010611884414063598
      ],
      [
        -0.01477762666784235,
        0.010412459062153004,
        0.9998365878714105
      ]
    ],
    "t": [
      -1.8769408428223358,
      1.767949418331206,
      1.3527737145606875
    ],
    "s": 1.0
  },
  "rpe": {
    "1": {
      "count": 1019.0,
      "rmse": 0.6161272246684946,
      "mean": 0.17152999299332577,
      "pstd": 0.5917687204317339,
      "mean_dt": 1.0
    },
    "10": {
      "count": 1010.0,
      "rmse": 1.0572974997681526,
      "mean": 0.8470220248668507,
      "pstd": 0.632796722815825,
      "mean_dt": 10.0
    },
    "50": {
      "count": 970.0,
      "rmse": 2.8549025717624628,
      "mean": 2.5046374076191165,
      "pstd": 1.3701314355239482,
      "mean_dt": 50.0
    }
  }
}