{
  "stats": {
    "topics": {
      "/c_slam/factor_batch/a": {
        "attempts": 96,
        "drops": 0,
        "published": 96,
        "delivered": 96,
        "delivery_rate": 1.0,
        "bytes_attempted": 1131500,
        "bytes_published": 1131500,
        "bytes_delivered": null,
        "drop_reasons": {},
        "delivery_method": "ack",
        "ack_latency_s": {
          "count": 96,
          "min": 0.004747797967866063,
          "max": 0.008294670027680695,
          "mean": 0.006635262770942063,
          "median": 0.006673596479231492,
          "p90": 0.006840717513114214,
          "p95": 0.00692417225218378,
          "stdev": 0.0003574780652195927
        }
      },
      "/c_slam/factor_batch/c": {
        "attempts": 97,
        "drops": 0,
        "published": 97,
        "delivered": 97,
        "delivery_rate": 1.0,
        "bytes_attempted": 1140604,
        "bytes_published": 1140604,
        "bytes_delivered": null,
        "drop_reasons": {},
        "delivery_method": "ack",
        "ack_latency_s": {
          "count": 97,
          "min": 0.003174870042130351,
          "max": 0.008285232004709542,
          "mean": 0.006482891452177092,
          "median": 0.006581727997399867,
          "p90": 0.0067543999874033036,
          "p95": 0.006835344224236905,
          "stdev": 0.0006056277255423974
        }
      },
      "/c_slam/factor_batch/b": {
        "attempts": 171,
        "drops": 0,
        "published": 171,
        "delivered": 171,
        "delivery_rate": 1.0,
        "bytes_attempted": 2024313,
        "bytes_published": 2024313,
        "bytes_delivered": null,
        "drop_reasons": {},
        "delivery_method": "ack",
        "ack_latency_s": {
          "count": 171,
          "min": 0.002647005021572113,
          "max": 0.04019458795664832,
          "mean": 0.006642423105856393,
          "median": 0.006587107956875116,
          "p90": 0.00676918204408139,
          "p95": 0.0068242260022088885,
          "stdev": 0.00264520757691786
        }
      }
    },
    "generated_by": {
      "component": "ros2_factor_publisher",
      "pid": 526505
    }
  }
}