{
  "ate": {
    "matches": 1347,
    "rmse": 2.9215207582326586,
    "R": [
      [
        0.9994213413984042,
        0.033435290582611514,
        -0.006250096084969913
      ],
      [
        -0.03348190594558276,
        0.9994111171355914,
        -0.007508722930049519
      ],
      [
        0.005995359177414024,
        0.0077136430722068855,
        0.9999522765506801
      ]
    ],
    "t": [
      -1.625390481129486,
      1.051816533598796,
      -1.603735745549244
    ],
    "s": 1.0
  },
  "rpe": {
    "1": {
      "count": 1346.0,
      "rmse": 0.13007995141067086,
      "mean": 0.10394352371591672,
      "pstd": 0.07820829646860453,
      "mean_dt": 1.0
    },
    "10": {
      "count": 1337.0,
      "rmse": 0.8830415358781972,
      "mean": 0.7769979556171699,
      "pstd": 0.4195670757493538,
      "mean_dt": 10.0
    },
    "50": {
      "count": 1297.0,
      "rmse": 3.075291836343392,
      "mean": 2.7214213015282698,
      "pstd": 1.4322311190127404,
      "mean_dt": 50.0
    }
  }
}