{
  "ate": {
    "a": {
      "matches": 931,
      "rmse": 3.1379384089142253,
      "R": [
        [
          0.9999789101973888,
          0.0021107647782147862,
          -0.006141973013038815
        ],
        [
          -0.002141940592106683,
          0.9999848346129051,
          -0.005073720005967307
        ],
        [
          0.0061311704381574175,
          0.0050867687435261,
          0.9999682662628888
        ]
      ],
      "t": [
        -1.0175704259571603,
        0.5657542166898111,
        -1.1311838970795556
      ],
      "s": 1.0
    },
    "c": {
      "matches": 579,
      "rmse": 2.243738295490277,
      "R": [
        [
          0.9998662332657413,
          0.015074237795207666,
          -0.006346883477097394
        ],
        [
          -0.01515033550333491,
          0.9998117995997506,
          -0.012117454982157022
        ],
        [
          0.006163027593212928,
          0.012211991483855086,
          0.9999064378004995
        ]
      ],
      "t": [
        -1.9576099185198146,
        0.9122457527561725,
        -1.260128211725874
      ],
      "s": 1.0
    },
    "b": {
      "matches": 615,
      "rmse": 4.281938363108114,
      "R": [
        [
          0.9999321831727109,
          0.008026472041847317,
          -0.008438293785998432
        ],
        [
          -0.00811100353967552,
          0.9999167861332042,
          -0.010031571692606253
        ],
        [
          0.00835707347321685,
          0.010099334414008412,
          0.9999140776923572
        ]
      ],
      "t": [
        -3.561732697585043,
        0.3329183046720203,
        -2.1420805772623894
      ],
      "s": 1.0
    }
  },
  "rpe": {
    "a": {
      "1": {
        "count": 930.0,
        "rmse": 0.35955432339423576,
        "mean": 0.11751875096517748,
        "pstd": 0.3398067901662229,
        "mean_dt": 1.0
      },
      "10": {
        "count": 921.0,
        "rmse": 1.3793802037208849,
        "mean": 0.9106523148844295,
        "pstd": 1.0360512090686944,
        "mean_dt": 10.0
      },
      "50": {
        "count": 881.0,
        "rmse": 3.6993620780530696,
        "mean": 3.111558740297485,
        "pstd": 2.000870308194771,
        "mean_dt": 50.0
      }
    },
    "c": {
      "1": {
        "count": 578.0,
        "rmse": 1.2556513285682267,
        "mean": 0.37869140401307544,
        "pstd": 1.1971854824803705,
        "mean_dt": 1.0
      },
      "10": {
        "count": 569.0,
        "rmse": 1.61546901032296,
        "mean": 0.9481352725168747,
        "pstd": 1.3079677474323277,
        "mean_dt": 10.0
      },
      "50": {
        "count": 529.0,
        "rmse": 2.9248345732786407,
        "mean": 2.317022023703866,
        "pstd": 1.7849555240165755,
        "mean_dt": 50.0
      }
    },
    "b": {
      "1": {
        "count": 614.0,
        "rmse": 0.3970270917289635,
        "mean": 0.15666132320637638,
        "pstd": 0.36481192603584955,
        "mean_dt": 1.0
      },
      "10": {
        "count": 605.0,
        "rmse": 1.231553696575598,
        "mean": 0.9822143078254808,
        "pstd": 0.7429532697632686,
        "mean_dt": 10.0
      },
      "50": {
        "count": 565.0,
        "rmse": 4.359337340349373,
        "mean": 3.563096097087567,
        "pstd": 2.5116067068479646,
        "mean_dt": 50.0
      }
    }
  }
}