{
  "a": {
    "ate": {
      "matches": 1347,
      "rmse": 2.7844165799667033,
      "R": [
        [
          0.9992762541905077,
          0.036614281688613914,
          -0.010313204517262607
        ],
        [
          -0.03671557448886805,
          0.9992776067633481,
          -0.009809750825978604
        ],
        [
          0.009946577348033645,
          0.010181306288598667,
          0.9998986981696282
        ]
      ],
      "t": [
        -3.4300468674136084,
        4.383120476093744,
        -2.593074955081091
      ],
      "s": 1.0
    },
    "rpe": {
      "1": {
        "count": 1346.0,
        "rmse": 0.1484669425962954,
        "mean": 0.10649109521186004,
        "pstd": 0.1034508563737885,
        "mean_dt": 1.0
      },
      "10": {
        "count": 1337.0,
        "rmse": 0.8896611222146297,
        "mean": 0.7858786327618366,
        "pstd": 0.4170032217484428,
        "mean_dt": 10.0
      },
      "50": {
        "count": 1297.0,
        "rmse": 3.0313415383049525,
        "mean": 2.698829789241379,
        "pstd": 1.3803439030025713,
        "mean_dt": 50.0
      }
    }
  },
  "b": {
    "ate": {
      "matches": 617,
      "rmse": 4.621593030847457,
      "R": [
        [
          0.9998993106271179,
          -0.0021958366094775215,
          -0.0140195188576317
        ],
        [
          0.002260049290830541,
          0.9999870216656207,
          0.004566035208424975
        ],
        [
          0.014009310640357295,
          -0.004597260260855281,
          0.9998912962984906
        ]
      ],
      "t": [
        -3.94647353815337,
        -1.4592814222647519,
        -5.6444530810362945
      ],
      "s": 1.0
    },
    "rpe": {
      "1": {
        "count": 616.0,
        "rmse": 0.3197923668071388,
        "mean": 0.1543107237144868,
        "pstd": 0.2800988368680294,
        "mean_dt": 1.0
      },
      "10": {
        "count": 607.0,
        "rmse": 1.3258447215721776,
        "mean": 1.0422738121066366,
        "pstd": 0.8194690514702216,
        "mean_dt": 10.0
      },
      "50": {
        "count": 567.0,
        "rmse": 4.614231173178884,
        "mean": 3.636799261038729,
        "pstd": 2.8398627527477345,
        "mean_dt": 50.0
      }
    }
  },
  "c": {
    "ate": {
      "matches": 1070,
      "rmse": 3.2852108867152725,
      "R": [
        [
          0.9992292125564235,
          0.0388114166324326,
          -0.00588682536297367
        ],
        [
          -0.03887878027510727,
          0.9991743028140969,
          -0.011796314690758317
        ],
        [
          0.005424132943647245,
          0.012016094829319188,
          0.9999130923469611
        ]
      ],
      "t": [
        -3.4439510526504478,
        5.138103136755177,
        -2.1214249308483604
      ],
      "s": 1.0
    },
    "rpe": {
      "1": {
        "count": 1069.0,
        "rmse": 0.8695658407972512,
        "mean": 0.2452490981623694,
        "pstd": 0.8342647249716215,
        "mean_dt": 1.0
      },
      "10": {
        "count": 1060.0,
        "rmse": 1.2990582996537718,
        "mean": 0.9272727908822388,
        "pstd": 0.9097898862862854,
        "mean_dt": 10.0
      },
      "50": {
        "count": 1020.0,
        "rmse": 3.0091096618590787,
        "mean": 2.667781348819027,
        "pstd": 1.3920070517015994,
        "mean_dt": 50.0
      }
    }
  }
}