{
  "loop_closure_correction": {
    "count": 0
  },
  "interface_correction": {
    "count": 0
  },
  "loop_closure_correction_stabilised": {
    "count": 0
  },
  "loop_closure_correction_stabilised_params": {
    "epsilon": 0.001,
    "required": 3
  },
  "interface_correction_stabilised": {
    "count": 29578,
    "min": 0.09321212768554688,
    "max": 9.338311195373535,
    "mean": 2.3910090464495832,
    "median": 1.1578216552734375,
    "p90": 7.047763562202453,
    "p95": 7.948759233951568,
    "p99": 9.170421376228333,
    "stdev": 2.571006862942741
  },
  "interface_correction_stabilised_params": {
    "epsilon": 0.001,
    "required": 3
  },
  "time_to_global_convergence_s": 0.10825109481811523,
  "time_to_global_convergence_method": "delta_threshold",
  "timeline_start_ts": 1770283205.242806,
  "timeline_end_ts": 1770283205.351057,
  "optimization_duration_s": {
    "count": 505,
    "min": 0.0005841610254719853,
    "max": 0.06457991898059845,
    "mean": 0.005887120807690933,
    "median": 0.002013186051044613,
    "p90": 0.015351162198930984,
    "p95": 0.026281870412640216,
    "p99": 0.05237707154592485,
    "stdev": 0.009280025117615318
  },
  "communication_uplink_messages": 44854,
  "communication_uplink_bytes": 59335975,
  "communication_downlink_messages": 0,
  "communication_downlink_bytes": 0,
  "communication_uplink_bytes_per_s": 548132793.4807218,
  "communication_downlink_bytes_per_s": 0.0,
  "delivery_topics": {
    "/c_slam/factor_batch/d": {
      "attempts": 176.0,
      "drops": 0.0,
      "delivered": 176.0,
      "delivery_rate": 1.0
    },
    "/c_slam/factor_batch/b": {
      "attempts": 50.0,
      "drops": 0.0,
      "delivered": 50.0,
      "delivery_rate": 1.0
    },
    "/c_slam/factor_batch/c": {
      "attempts": 95.0,
      "drops": 0.0,
      "delivered": 95.0,
      "delivery_rate": 1.0
    },
    "/c_slam/factor_batch/a": {
      "attempts": 233.0,
      "drops": 0.0,
      "delivered": 233.0,
      "delivery_rate": 1.0
    },
    "/c_slam/factor_batch/e": {
      "attempts": 83.0,
      "drops": 0.0,
      "delivered": 83.0,
      "delivery_rate": 1.0
    },
    "/c_slam/iface/run_5f53cd27/a": {
      "attempts": 2020.0,
      "drops": 0.0,
      "delivered": 2020.0,
      "delivery_rate": 1.0
    },
    "/c_slam/iface/run_5f53cd27/d": {
      "attempts": 10201.0,
      "drops": 0.0,
      "delivered": 8083.0,
      "delivery_rate": 0.7923732967356142
    },
    "/c_slam/iface/run_5f53cd27/e": {
      "attempts": 17473.0,
      "drops": 0.0,
      "delivered": 5240.0,
      "delivery_rate": 0.2998912608023808
    },
    "/c_slam/iface/run_5f53cd27/c": {
      "attempts": 3434.0,
      "drops": 0.0,
      "delivered": 1569.0,
      "delivery_rate": 0.4569015725101922
    },
    "/c_slam/iface/run_5f53cd27/b": {
      "attempts": 14443.0,
      "drops": 0.0,
      "delivered": 3607.0,
      "delivery_rate": 0.24974035865124974
    }
  },
  "delivery_rate": {
    "count": 10,
    "min": 0.24974035865124974,
    "max": 1.0,
    "mean": 0.7798906488699437,
    "median": 1.0,
    "p90": 1.0,
    "p95": 1.0,
    "p99": 1.0,
    "stdev": 0.3011021855515218
  },
  "estimation_metrics": {
    "a": {
      "ate": {
        "matches": 1357,
        "rmse": 2.31862273385215,
        "R": [
          [
            0.9991283713078509,
            0.041742737535860226,
            0.00020374182940559185
          ],
          [
            -0.04174306618785116,
            0.9991263065220546,
            0.0020347090291043257
          ],
          [
            -0.00011862949653430681,
            -0.00204144032700454,
            0.9999979092220314
          ]
        ],
        "t": [
          -2.008284472922938,
          6.171437648065648,
          -0.4294722120029313
        ],
        "s": 1.0
      },
      "rpe": {
        "1": {
          "count": 1356.0,
          "rmse": 0.10788862802562216,
          "mean": 0.09115114897598718,
          "pstd": 0.05771849008427419,
          "mean_dt": 1.0
        },
        "10": {
          "count": 1347.0,
          "rmse": 0.6943059060587956,
          "mean": 0.6326802673313215,
          "pstd": 0.2859656806641173,
          "mean_dt": 10.0
        },
        "50": {
          "count": 1307.0,
          "rmse": 2.482083394581416,
          "mean": 2.1894910188537837,
          "pstd": 1.169130897725067,
          "mean_dt": 50.0
        }
      }
    },
    "b": {
      "ate": {
        "matches": 265,
        "rmse": 1.6030776652244472,
        "R": [
          [
            0.998942217075911,
            0.04569143791592224,
            0.0051710196904789845
          ],
          [
            -0.04569281209042514,
            0.9989555270690298,
            0.0001478563699598423
          ],
          [
            -0.005158862930238274,
            -0.00038397840104942293,
            0.9999866192574053
          ]
        ],
        "t": [
          -2.7767541045791972,
          6.815114036817666,
          0.37578521253979513
        ],
        "s": 1.0
      },
      "rpe": {
        "1": {
          "count": 264.0,
          "rmse": 0.4537183235245271,
          "mean": 0.18224616792452844,
          "pstd": 0.4155077031520979,
          "mean_dt": 1.0
        },
        "10": {
          "count": 255.0,
          "rmse": 1.0331112365274155,
          "mean": 0.8830042775061426,
          "pstd": 0.536304272726836,
          "mean_dt": 10.0
        },
        "50": {
          "count": 215.0,
          "rmse": 2.8833703195538223,
          "mean": 2.733634327754339,
          "pstd": 0.9170974658164681,
          "mean_dt": 50.0
        }
      }
    },
    "c": {
      "ate": {
        "matches": 624,
        "rmse": 2.366567240107033,
        "R": [
          [
            0.9999560451552765,
            0.006974506798894477,
            -0.006266100249020563
          ],
          [
            -0.0070057631597257525,
            0.9999630580466022,
            -0.0049801430337600774
          ],
          [
            0.006231134725588745,
            0.005023822946626046,
            0.9999679665684459
          ]
        ],
        "t": [
          -0.45898883273954993,
          2.3007019060365366,
          -1.6139392197460785
        ],
        "s": 1.0
      },
      "rpe": {
        "1": {
          "count": 623.0,
          "rmse": 0.24701919120188948,
          "mean": 0.1168754657529936,
          "pstd": 0.21762032608893975,
          "mean_dt": 1.0
        },
        "10": {
          "count": 614.0,
          "rmse": 0.8014902462234543,
          "mean": 0.6718457449414207,
          "pstd": 0.4370468050397357,
          "mean_dt": 10.0
        },
        "50": {
          "count": 574.0,
          "rmse": 2.5451127288593165,
          "mean": 2.281006519077913,
          "pstd": 1.1289854128932664,
          "mean_dt": 50.0
        }
      }
    },
    "d": {
      "ate": {
        "matches": 1062,
        "rmse": 2.6541518561779034,
        "R": [
          [
            0.9991797460765299,
            0.03994776190615949,
            0.006634104998401868
          ],
          [
            -0.03996468484669208,
            0.9991981181160956,
            0.0024381793122420503
          ],
          [
            -0.0065313854231377364,
            -0.0027013093015960457,
            0.9999750216542971
          ]
        ],
        "t": [
          -2.402955982692248,
          6.0656352525894235,
          0.3729145998198886
        ],
        "s": 1.0
      },
      "rpe": {
        "1": {
          "count": 1061.0,
          "rmse": 0.6048041007384405,
          "mean": 0.18989289594107908,
          "pstd": 0.5742200696084595,
          "mean_dt": 1.0
        },
        "10": {
          "count": 1052.0,
          "rmse": 0.9222555523722233,
          "mean": 0.7010674867450831,
          "pstd": 0.5992158900682849,
          "mean_dt": 10.0
        },
        "50": {
          "count": 1012.0,