{
  "ate": {
    "matches": 265,
    "rmse": 1.6030776652244472,
    "R": [
      [
        0.998942217075911,
        0.04569143791592224,
        0.0051710196904789845
      ],
      [
        -0.04569281209042514,
        0.9989555270690298,
        0.0001478563699598423
      ],
      [
        -0.005158862930238274,
        -0.00038397840104942293,
        0.9999866192574053
      ]
    ],
    "t": [
      -2.7767541045791972,
      6.815114036817666,
      0.37578521253979513
    ],
    "s": 1.0
  },
  "rpe": {
    "1": {
      "count": 264.0,
      "rmse": 0.4537183235245271,
      "mean": 0.18224616792452844,
      "pstd": 0.4155077031520979,
      "mean_dt": 1.0
    },
    "10": {
      "count": 255.0,
      "rmse": 1.0331112365274155,
      "mean": 0.8830042775061426,
      "pstd": 0.536304272726836,
      "mean_dt": 10.0
    },
    "50": {
      "count": 215.0,
      "rmse": 2.8833703195538223,
      "mean": 2.733634327754339,
      "pstd": 0.9170974658164681,
      "mean_dt": 50.0
    }
  }
}