{
  "a": {
    "ate": {
      "matches": 1357,
      "rmse": 2.31862273385215,
      "R": [
        [
          0.9991283713078509,
          0.041742737535860226,
          0.00020374182940559185
        ],
        [
          -0.04174306618785116,
          0.9991263065220546,
          0.0020347090291043257
        ],
        [
          -0.00011862949653430681,
          -0.00204144032700454,
          0.9999979092220314
        ]
      ],
      "t": [
        -2.008284472922938,
        6.171437648065648,
        -0.4294722120029313
      ],
      "s": 1.0
    },
    "rpe": {
      "1": {
        "count": 1356.0,
        "rmse": 0.10788862802562216,
        "mean": 0.09115114897598718,
        "pstd": 0.05771849008427419,
        "mean_dt": 1.0
      },
      "10": {
        "count": 1347.0,
        "rmse": 0.6943059060587956,
        "mean": 0.6326802673313215,
        "pstd": 0.2859656806641173,
        "mean_dt": 10.0
      },
      "50": {
        "count": 1307.0,
        "rmse": 2.482083394581416,
        "mean": 2.1894910188537837,
        "pstd": 1.169130897725067,
        "mean_dt": 50.0
      }
    }
  },
  "b": {
    "ate": {
      "matches": 265,
      "rmse": 1.6030776652244472,
      "R": [
        [
          0.998942217075911,
          0.04569143791592224,
          0.0051710196904789845
        ],
        [
          -0.04569281209042514,
          0.9989555270690298,
          0.0001478563699598423
        ],
        [
          -0.005158862930238274,
          -0.00038397840104942293,
          0.9999866192574053
        ]
      ],
      "t": [
        -2.7767541045791972,
        6.815114036817666,
        0.37578521253979513
      ],
      "s": 1.0
    },
    "rpe": {
      "1": {
        "count": 264.0,
        "rmse": 0.4537183235245271,
        "mean": 0.18224616792452844,
        "pstd": 0.4155077031520979,
        "mean_dt": 1.0
      },
      "10": {
        "count": 255.0,
        "rmse": 1.0331112365274155,
        "mean": 0.8830042775061426,
        "pstd": 0.536304272726836,
        "mean_dt": 10.0
      },
      "50": {
        "count": 215.0,
        "rmse": 2.8833703195538223,
        "mean": 2.733634327754339,
        "pstd": 0.9170974658164681,
        "mean_dt": 50.0
      }
    }
  },
  "c": {
    "ate": {
      "matches": 624,
      "rmse": 2.366567240107033,
      "R": [
        [
          0.9999560451552765,
          0.006974506798894477,
          -0.006266100249020563
        ],
        [
          -0.0070057631597257525,
          0.9999630580466022,
          -0.0049801430337600774
        ],
        [
          0.006231134725588745,
          0.005023822946626046,
          0.9999679665684459
        ]
      ],
      "t": [
        -0.45898883273954993,
        2.3007019060365366,
        -1.6139392197460785
      ],
      "s": 1.0
    },
    "rpe": {
      "1": {
        "count": 623.0,
        "rmse": 0.24701919120188948,
        "mean": 0.1168754657529936,
        "pstd": 0.21762032608893975,
        "mean_dt": 1.0
      },
      "10": {
        "count": 614.0,
        "rmse": 0.8014902462234543,
        "mean": 0.6718457449414207,
        "pstd": 0.4370468050397357,
        "mean_dt": 10.0
      },
      "50": {
        "count": 574.0,
        "rmse": 2.5451127288593165,
        "mean": 2.281006519077913,
        "pstd": 1.1289854128932664,
        "mean_dt": 50.0
      }
    }
  },
  "d": {
    "ate": {
      "matches": 1062,
      "rmse": 2.6541518561779034,
      "R": [
        [
          0.9991797460765299,
          0.03994776190615949,
          0.006634104998401868
        ],
        [
          -0.03996468484669208,
          0.9991981181160956,
          0.0024381793122420503
        ],
        [
          -0.0065313854231377364,
          -0.0027013093015960457,
          0.9999750216542971
        ]
      ],
      "t": [
        -2.402955982692248,
        6.0656352525894235,
        0.3729145998198886
      ],
      "s": 1.0
    },
    "rpe": {
      "1": {
        "count": 1061.0,
        "rmse": 0.6048041007384405,
        "mean": 0.18989289594107908,
        "pstd": 0.5742200696084595,
        "mean_dt": 1.0
      },
      "10": {
        "count": 1052.0,
        "rmse": 0.9222555523722233,
        "mean": 0.7010674867450831,
        "pstd": 0.5992158900682849,
        "mean_dt": 10.0
      },
      "50": {
        "count": 1012.0,
        "rmse": 2.3680834928886045,
        "mean": 2.0804643389894646,
        "pstd": 1.1311443601435764,
        "mean_dt": 50.0
      }
    }
  },
  "e": {
    "ate": {
      "matches": 528,
      "rmse": 5.508511752141242,
      "R": [
        [
          0.9985056336449107,
          -0.05393578926385371,
          0.00879944406542817
        ],
        [
          0.0538926115202887,
          0.9985338532407008,
          0.005072509812855442
        ],
        [
          -0.009060132609333006,
          -0.004590704604242633,
          0.9999484183838375
        ]
      ],
      "t": [
        2.102602598261086,
        -3.6109944577859245,
        0.827374857397885
      ],
      "s": 1.0
    },
    "rpe": {
      "1": {
        "count": 527.0,
        "rmse": 0.8124001611300317,
        "mean": 0.2287245670482723,
        "pstd": 0.7795377439436023,
        "mean_dt": 1.0
      },
      "10": {
        "count": 518.0,
        "rmse": 1.415338747721236,
        "mean": 1.1411050357194952,
        "pstd": 0.8372950903096991,
        "mean_dt": 10.0
      },
      "50": {
        "count": 478.0,
        "rmse": 4.615441099131426,
        "mean": 4.066147389927989,
        "pstd": 2.1837449354110285,
        "mean_dt": 50.0
      }
    }
  }
}