{
  "ate": {
    "matches": 1062,
    "rmse": 6.47277521657255,
    "R": [
      [
        0.9916065805127594,
        0.12875503447751996,
        -0.011769901464526321
      ],
      [
        -0.12868959776800856,
        0.991665787157218,
        0.006160682442922852
      ],
      [
        0.012465027480925966,
        -0.004594309365612753,
        0.9999117538119814
      ]
    ],
    "t": [
      -4.962978300221323,
      16.058890438969513,
      -2.73050652167489
    ],
    "s": 1.0
  },
  "rpe": {
    "1": {
      "count": 1061.0,
      "rmse": 1.8885936400339511,
      "mean": 0.3799315792737594,
      "pstd": 1.8499832248556305,
      "mean_dt": 1.0
    },
    "10": {
      "count": 1052.0,
      "rmse": 3.9499402979691096,
      "mean": 1.8307267031813832,
      "pstd": 3.5000668701867577,
      "mean_dt": 10.0
    },
    "50": {
      "count": 1012.0,
      "rmse": 7.105066362679019,
      "mean": 5.169476037647484,
      "pstd": 4.874267690049586,
      "mean_dt": 50.0
    }
  }
}