{
  "ate": {
    "matches": 1350,
    "rmse": 2.085111970590173,
    "R": [
      [
        0.9998872905216578,
        0.013811555345667147,
        0.0058861865576653166
      ],
      [
        -0.013830757042023942,
        0.9998991204956466,
        0.0032340364371672217
      ],
      [
        -0.005840925688840993,
        -0.0033150823467905377,
        0.9999774466537389
      ]
    ],
    "t": [
      -1.2567781493965384,
      2.0346501366201366,
      -0.03251256424094873
    ],
    "s": 1.0
  },
  "rpe": {
    "1": {
      "count": 1349.0,
      "rmse": 0.14624469162919013,
      "mean": 0.09430168544492257,
      "pstd": 0.11177970277274753,
      "mean_dt": 1.0
    },
    "10": {
      "count": 1340.0,
      "rmse": 0.6948908854597073,
      "mean": 0.6195603662629074,
      "pstd": 0.3146717261705412,
      "mean_dt": 10.0
    },
    "50": {
      "count": 1300.0,
      "rmse": 2.3211249894246158,
      "mean": 2.070039395076411,
      "pstd": 1.050027675522463,
      "mean_dt": 50.0
    }
  }
}