{
  "ate": {
    "matches": 703,
    "rmse": 1.7095211971501851,
    "R": [
      [
        0.9999858290921683,
        0.004289298657873641,
        0.0031533366252131387
      ],
      [
        -0.00429652588637804,
        0.9999881506967919,
        0.002288740115578003
      ],
      [
        -0.003143482170465392,
        -0.002302256074491492,
        0.9999924090395943
      ]
    ],
    "t": [
      -0.4263363108321414,
      1.4858904653503018,
      -0.13455828529405434
    ],
    "s": 1.0
  },
  "rpe": {
    "1": {
      "count": 702.0,
      "rmse": 0.7704871481188164,
      "mean": 0.36207842284630454,
      "pstd": 0.6801100360422567,
      "mean_dt": 1.0
    },
    "10": {
      "count": 693.0,
      "rmse": 0.9243186716747785,
      "mean": 0.7249364778314213,
      "pstd": 0.5734388458379845,
      "mean_dt": 10.0
    },
    "50": {
      "count": 653.0,
      "rmse": 1.8892498852621842,
      "mean": 1.7233891008967093,
      "pstd": 0.7740769573328004,
      "mean_dt": 50.0
    }
  }
}