{
  "ate": {
    "matches": 187,
    "rmse": 15.400548001111586,
    "R": [
      [
        0.9997834932340157,
        0.016178489582576942,
        0.013085225699833027
      ],
      [
        -0.016321281691024325,
        0.9998075988933368,
        0.010880301425244467
      ],
      [
        -0.012906681244663813,
        -0.011091513421007483,
        0.9998551874693052
      ]
    ],
    "t": [
      3.075416572013083,
      3.847445968852061,
      -0.3937215586924818
    ],
    "s": 1.0
  },
  "rpe": {
    "1": {
      "count": 186.0,
      "rmse": 15.043114262144574,
      "mean": 3.7775578715178075,
      "pstd": 14.561090042688129,
      "mean_dt": 1.0
    },
    "10": {
      "count": 177.0,
      "rmse": 19.908399331293865,
      "mean": 8.504448228389345,
      "pstd": 18.000520110955332,
      "mean_dt": 10.0
    },
    "50": {
      "count": 137.0,
      "rmse": 19.56976766476915,
      "mean": 9.502361222489307,
      "pstd": 17.107920319266622,
      "mean_dt": 50.0
    }
  }
}