{
  "ate": {
    "matches": 1020,
    "rmse": 3.004303714669851,
    "R": [
      [
        0.9998179435986562,
        0.013705750538389799,
        0.013275242383222802
      ],
      [
        -0.013580370859289318,
        0.999862755173782,
        -0.00948916980654043
      ],
      [
        -0.013403476619073795,
        0.009307159527622594,
        0.9998668529339538
      ]
    ],
    "t": [
      -1.8611627604582708,
      1.8988343091124094,
      1.310627701253523
    ],
    "s": 1.0
  },
  "rpe": {
    "1": {
      "count": 1019.0,
      "rmse": 0.6020975218436971,
      "mean": 0.16959770101137156,
      "pstd": 0.5777179637348824,
      "mean_dt": 1.0
    },
    "10": {
      "count": 1010.0,
      "rmse": 1.0469064379151694,
      "mean": 0.8438324887382265,
      "pstd": 0.6196449150102656,
      "mean_dt": 10.0
    },
    "50": {
      "count": 970.0,
      "rmse": 2.8131848653329974,
      "mean": 2.4682504757536634,
      "pstd": 1.3497217029745254,
      "mean_dt": 50.0
    }
  }
}