{
  "ate": {
    "d": {
      "matches": 1063,
      "rmse": 2.4994448630512367,
      "R": [
        [
          0.9999700949302205,
          0.007373024128755336,
          0.002334043796351312
        ],
        [
          -0.007354015131550871,
          0.9999405508773143,
          -0.00805066286822801
        ],
        [
          -0.002393262771075227,
          0.008033257519197111,
          0.9999648689163728
        ]
      ],
      "t": [
        -0.7043662004466569,
        0.047873246007263504,
        -0.18931251272357486
      ],
      "s": 1.0
    },
    "b": {
      "matches": 188,
      "rmse": 0.9231677725076205,
      "R": [
        [
          0.9999803475557041,
          0.005962197493135094,
          -0.0019382217174874518
        ],
        [
          -0.005962953654821585,
          0.9999821474788294,
          -0.0003845872335971473
        ],
        [
          0.001935894130303142,
          0.00039613720179213635,
          0.9999980476927111
        ]
      ],
      "t": [
        -0.6805413683061943,
        0.4256388306025367,
        -0.20686064663271253
      ],
      "s": 1.0
    },
    "c": {
      "matches": 703,
      "rmse": 1.7200224419731878,
      "R": [
        [
          0.9999882422661225,
          0.004677803879891887,
          0.0012780768256842176
        ],
        [
          -0.004666976754978829,
          0.9999542725024471,
          -0.008346989401573253
        ],
        [
          -0.001317063961837399,
          0.00834092650505664,
          0.9999643465081931
        ]
      ],
      "t": [
        0.07060743613340037,
        0.16954839773307384,
        -0.2037031414290471
      ],
      "s": 1.0
    },
    "e": {
      "matches": 533,
      "rmse": 2.389681870491744,
      "R": [
        [
          0.9999823530406977,
          0.004894282758360438,
          0.0033674327713846455
        ],
        [
          -0.004882257426546401,
          0.9999817089178734,
          -0.0035700689221445474
        ],
        [
          -0.0033848441041670896,
          0.0035535652476270593,
          0.999987957429699
        ]
      ],
      "t": [
        0.3503139809033087,
        0.3905583007572915,
        0.26059429399915235
      ],
      "s": 1.0
    },
    "a": {
      "matches": 1350,
      "rmse": 1.8659663579319845,
      "R": [
        [
          0.9999887170376408,
          0.004675844658687889,
          0.0008380179835113803
        ],
        [
          -0.004669748059991317,
          0.9999636417533047,
          -0.007135027997477915
        ],
        [
          -0.0008713497971984123,
          0.007131034160372855,
          0.999974194217698
        ]
      ],
      "t": [
        -0.06995827133408739,
        0.13494429822948462,
        -0.181490773679978
      ],
      "s": 1.0
    }
  },
  "rpe": {
    "d": {
      "1": {
        "count": 1062.0,
        "rmse": 0.7441360510568406,
        "mean": 0.20638401204184337,
        "pstd": 0.7149434257729632,
        "mean_dt": 1.0
      },
      "10": {
        "count": 1053.0,
        "rmse": 1.2047017685303898,
        "mean": 0.7244470812296805,
        "pstd": 0.9625397537754194,
        "mean_dt": 10.0
      },
      "50": {
        "count": 1013.0,
        "rmse": 2.6202723569293638,
        "mean": 2.0351228102540344,
        "pstd": 1.6504854957472006,
        "mean_dt": 50.0
      }
    },
    "b": {
      "1": {
        "count": 187.0,
        "rmse": 0.37520618604993733,
        "mean": 0.18748364615499083,
        "pstd": 0.32500702219270644,
        "mean_dt": 1.0
      },
      "10": {
        "count": 178.0,
        "rmse": 0.6629817280316858,
        "mean": 0.57119025400307,
        "pstd": 0.336580548213631,
        "mean_dt": 10.0
      },
      "50": {
        "count": 138.0,
        "rmse": 1.6471006803421662,
        "mean": 1.5149825711043634,
        "pstd": 0.6463501067019631,
        "mean_dt": 50.0
      }
    },
    "c": {
      "1": {
        "count": 702.0,
        "rmse": 1.63237068000973,
        "mean": 0.7467140500794187,
        "pstd": 1.4515688631165315,
        "mean_dt": 1.0
      },
      "10": {
        "count": 693.0,
        "rmse": 1.621672503813232,
        "mean": 0.9996225410926802,
        "pstd": 1.2769402824577547,
        "mean_dt": 10.0
      },
      "50": {
        "count": 653.0,
        "rmse": 1.9754116651942222,
        "mean": 1.7019200179197238,
        "pstd": 1.0028556723624458,
        "mean_dt": 50.0
      }
    },
    "e": {
      "1": {
        "count": 532.0,
        "rmse": 0.33359208286913594,
        "mean": 0.14826698360824234,
        "pstd": 0.29883202526617125,
        "mean_dt": 1.0
      },
      "10": {
        "count": 523.0,
        "rmse": 0.7489473531715567,
        "mean": 0.6206960567895518,
        "pstd": 0.41911638348862273,
        "mean_dt": 10.0
      },
      "50": {
        "count": 483.0,
        "rmse": 2.461278003861816,
        "mean": 2.1427954005952143,
        "pstd": 1.2109158862125802,
        "mean_dt": 50.0
      }
    },
    "a": {
      "1": {
        "count": 1349.0,
        "rmse": 0.11428993186949767,
        "mean": 0.08154335111802177,
        "pstd": 0.08008039969416625,
        "mean_dt": 1.0
      },
      "10": {
        "count": 1340.0,
        "rmse": 0.5002500633515069,
        "mean": 0.45330186040899545,
        "pstd": 0.21158343326671453,
        "mean_dt": 10.0
      },
      "50": {
        "count": 1300.0,
        "rmse": 1.7391925215670567,
        "mean": 1.564241051478496,
        "pstd": 0.7602240195785879,
        "mean_dt": 50.0
      }
    }
  }
}