{
  "stats": {
    "topics": {
      "/c_slam/factor_batch/d": {
        "attempts": 171,
        "drops": 0,
        "published": 171,
        "delivered": 171,
        "delivery_rate": 1.0,
        "bytes_attempted": 2024083,
        "bytes_published": 2024083,
        "bytes_delivered": null,
        "drop_reasons": {},
        "delivery_method": "ack",
        "ack_latency_s": {
          "count": 171,
          "min": 0.005203505977988243,
          "max": 9.68695167300757,
          "mean": 3.0522952723270556,
          "median": 1.7926135850138962,
          "p90": 7.234853787987959,
          "p95": 7.495851304469397,
          "stdev": 3.02267595816465
        }
      },
      "/c_slam/factor_batch/b": {
        "attempts": 36,
        "drops": 0,
        "published": 36,
        "delivered": 36,
        "delivery_rate": 1.0,
        "bytes_attempted": 420748,
        "bytes_published": 420748,
        "bytes_delivered": null,
        "drop_reasons": {},
        "delivery_method": "ack",
        "ack_latency_s": {
          "count": 36,
          "min": 0.009314798982813954,
          "max": 9.680983917030971,
          "mean": 0.9384748904170314,
          "median": 0.305088508001063,
          "p90": 1.5301960744836833,
          "p95": 3.9536814915190917,
          "stdev": 2.0504100614091767
        }
      },
      "/c_slam/factor_batch/c": {
        "attempts": 126,
        "drops": 0,
        "published": 126,
        "delivered": 126,
        "delivery_rate": 1.0,
        "bytes_attempted": 1489179,
        "bytes_published": 1489179,
        "bytes_delivered": null,
        "drop_reasons": {},
        "delivery_method": "ack",
        "ack_latency_s": {
          "count": 126,
          "min": 0.004798872978426516,
          "max": 9.821394405036699,
          "mean": 2.2017375833381685,
          "median": 0.7356153185246512,
          "p90": 5.831423123978311,
          "p95": 7.892198071494931,
          "stdev": 2.6499213043350616
        }
      },
      "/c_slam/factor_batch/a": {
        "attempts": 243,
        "drops": 0,
        "published": 243,
        "delivered": 243,
        "delivery_rate": 1.0,
        "bytes_attempted": 2877839,
        "bytes_published": 2877839,
        "bytes_delivered": null,
        "drop_reasons": {},
        "delivery_method": "ack",
        "ack_latency_s": {
          "count": 243,
          "min": 0.007755436992738396,
          "max": 9.824718785996083,
          "mean": 5.455717931476895,
          "median": 6.578316922008526,
          "p90": 9.149073925591074,
          "p95": 9.416945577802835,
          "stdev": 3.4109668335124246
        }
      },
      "/c_slam/factor_batch/e": {
        "attempts": 88,
        "drops": 0,
        "published": 88,
        "delivered": 88,
        "delivery_rate": 1.0,
        "bytes_attempted": 1036277,
        "bytes_published": 1036277,
        "bytes_delivered": null,
        "drop_reasons": {},
        "delivery_method": "ack",
        "ack_latency_s": {
          "count": 88,
          "min": 0.008372898970264941,
          "max": 9.816810152027756,
          "mean": 1.7092044506472037,
          "median": 1.0617200955166481,
          "p90": 4.444270290184067,
          "p95": 4.938521631938055,
          "stdev": 1.8735349014270248
        }
      }
    },
    "generated_by": {
      "component": "ros2_factor_publisher",
      "pid": 520495
    }
  }
}