{
  "stats": {
    "topics": {
      "/c_slam/factor_batch/a": {
        "attempts": 96,
        "drops": 0,
        "published": 96,
        "delivered": 96,
        "delivery_rate": 1.0,
        "bytes_attempted": 1131498,
        "bytes_published": 1131498,
        "bytes_delivered": null,
        "drop_reasons": {},
        "delivery_method": "ack",
        "ack_latency_s": {
          "count": 96,
          "min": 0.0069483809638768435,
          "max": 0.24768386903451756,
          "mean": 0.06764560919388411,
          "median": 0.03366593850660138,
          "p90": 0.18882965348893777,
          "p95": 0.21732593899650965,
          "stdev": 0.07071410575126967
        }
      },
      "/c_slam/factor_batch/c": {
        "attempts": 97,
        "drops": 0,
        "published": 97,
        "delivered": 97,
        "delivery_rate": 1.0,
        "bytes_attempted": 1140608,
        "bytes_published": 1140608,
        "bytes_delivered": null,
        "drop_reasons": {},
        "delivery_method": "ack",
        "ack_latency_s": {
          "count": 97,
          "min": 0.006148271961137652,
          "max": 0.17159246699884534,
          "mean": 0.04617563644292064,
          "median": 0.03267410001717508,
          "p90": 0.1060847865883261,
          "p95": 0.12779143155785275,
          "stdev": 0.04010388274619793
        }
      },
      "/c_slam/factor_batch/b": {
        "attempts": 171,
        "drops": 0,
        "published": 171,
        "delivered": 171,
        "delivery_rate": 1.0,
        "bytes_attempted": 2024301,
        "bytes_published": 2024301,
        "bytes_delivered": null,
        "drop_reasons": {},
        "delivery_method": "ack",
        "ack_latency_s": {
          "count": 171,
          "min": 0.005755836027674377,
          "max": 0.251165191992186,
          "mean": 0.05496827003407178,
          "median": 0.041440997971221805,
          "p90": 0.15050997998332605,
          "p95": 0.1885711445065681,
          "stdev": 0.05677101949810283
        }
      }
    },
    "generated_by": {
      "component": "ros2_factor_publisher",
      "pid": 485261
    }
  }
}