{
  "ate": {
    "d": {
      "matches": 1062,
      "rmse": 2.182421446714034,
      "R": [
        [
          0.9999073481172087,
          0.013481472836335471,
          -0.0018828359924402066
        ],
        [
          -0.013498647786574489,
          0.9998644381136774,
          -0.009428250291254832
        ],
        [
          0.001755474051445691,
          0.009452792486015778,
          0.9999537804444117
        ]
      ],
      "t": [
        -1.0017045411926944,
        1.8431016357225403,
        -0.4123747968788649
      ],
      "s": 1.0
    },
    "e": {
      "matches": 225,
      "rmse": 0.8747196734870603,
      "R": [
        [
          0.9999719571420915,
          0.006982732607784623,
          -0.0027067276817755934
        ],
        [
          -0.006984694188091941,
          0.999975350441007,
          -0.0007159312010112627
        ],
        [
          0.0027016618059896996,
          0.0007348167893619743,
          0.9999960805262047
        ]
      ],
      "t": [
        -0.35762650408008767,
        1.9251385986502356,
        -0.37338740553370986
      ],
      "s": 1.0
    },
    "b": {
      "matches": 265,
      "rmse": 1.3427874930151107,
      "R": [
        [
          0.9999443410621938,
          0.009912665196913677,
          -0.003613010709694605
        ],
        [
          -0.009919396713315447,
          0.999949090241132,
          -0.001849998588285981
        ],
        [
          0.0035944883555701548,
          0.0018857345058885394,
          0.9999917617954837
        ]
      ],
      "t": [
        -0.9501686592684422,
        1.5701311579145045,
        -0.4429043005322608
      ],
      "s": 1.0
    },
    "c": {
      "matches": 624,
      "rmse": 1.655533459407362,
      "R": [
        [
          0.9999549919885138,
          0.008721029157206985,
          -0.0037359935345524314
        ],
        [
          -0.008746217867815119,
          0.9999387675132564,
          -0.006779741667499638
        ],
        [
          0.003676638445617252,
          0.006812112338214736,
          0.9999700382787634
        ]
      ],
      "t": [
        -0.8847534810205389,
        1.3654310841895807,
        -0.7789341709160764
      ],
      "s": 1.0
    },
    "a": {
      "matches": 1357,
      "rmse": 2.134324198149877,
      "R": [
        [
          0.9999317455626078,
          0.011391515841029935,
          0.0025956854507442144
        ],
        [
          -0.011370847567180898,
          0.9999045922902366,
          -0.007842840206126682
        ],
        [
          -0.002684779640786862,
          0.00781278975388807,
          0.9999658755550322
        ]
      ],
      "t": [
        -0.6158133820993044,
        1.6423476384464877,
        -0.22243121448304937
      ],
      "s": 1.0
    }
  },
  "rpe": {
    "d": {
      "1": {
        "count": 1061.0,
        "rmse": 0.6817253085884282,
        "mean": 0.21466689499232056,
        "pstd": 0.6470452229669447,
        "mean_dt": 1.0
      },
      "10": {
        "count": 1052.0,
        "rmse": 0.9770294464029499,
        "mean": 0.6775928460224836,
        "pstd": 0.7038852705928754,
        "mean_dt": 10.0
      },
      "50": {
        "count": 1012.0,
        "rmse": 2.1961323622892106,
        "mean": 1.852684925798602,
        "pstd": 1.1792183506088365,
        "mean_dt": 50.0
      }
    },
    "e": {
      "1": {
        "count": 224.0,
        "rmse": 0.6005074461083438,
        "mean": 0.22255475997455804,
        "pstd": 0.5577441811836609,
        "mean_dt": 1.0
      },
      "10": {
        "count": 215.0,
        "rmse": 0.7591107696495794,
        "mean": 0.5429746650062353,
        "pstd": 0.5304975718694133,
        "mean_dt": 10.0
      },
      "50": {
        "count": 175.0,
        "rmse": 1.2643967071501698,
        "mean": 1.0514100830175803,
        "pstd": 0.7023075326245313,
        "mean_dt": 50.0
      }
    },
    "b": {
      "1": {
        "count": 264.0,
        "rmse": 0.4089294646827495,
        "mean": 0.15528330362948678,
        "pstd": 0.3782993559334098,
        "mean_dt": 1.0
      },
      "10": {
        "count": 255.0,
        "rmse": 0.745239329559727,
        "mean": 0.6184400789949183,
        "pstd": 0.4158287231726435,
        "mean_dt": 10.0
      },
      "50": {
        "count": 215.0,
        "rmse": 2.23037102321948,
        "mean": 2.1039352638402726,
        "pstd": 0.7402778578253371,
        "mean_dt": 50.0
      }
    },
    "c": {
      "1": {
        "count": 623.0,
        "rmse": 0.2338786396250532,
        "mean": 0.10709834788239816,
        "pstd": 0.20791623783083027,
        "mean_dt": 1.0
      },
      "10": {
        "count": 614.0,
        "rmse": 0.5960017726156376,
        "mean": 0.5225417366791011,
        "pstd": 0.2866500416699273,
        "mean_dt": 10.0
      },
      "50": {
        "count": 574.0,
        "rmse": 1.8456553218248706,
        "mean": 1.6948137122593445,
        "pstd": 0.7307872793899519,
        "mean_dt": 50.0
      }
    },
    "a": {
      "1": {
        "count": 1356.0,
        "rmse": 0.11257255845571369,
        "mean": 0.084355581204131,
        "pstd": 0.07454338895554932,
        "mean_dt": 1.0
      },
      "10": {
        "count": 1347.0,
        "rmse": 0.606440781303588,
        "mean": 0.5447159380072777,
        "pstd": 0.26656137775183797,
        "mean_dt": 10.0
      },
      "50": {
        "count": 1307.0,
        "rmse": 2.220469589077052,
        "mean": 1.9466087837131576,
        "pstd": 1.0682693663991314,
        "mean_dt": 50.0
      }
    }
  }
}