{
  "ate": {
    "matches": 1341,
    "rmse": 2.2330341609531814,
    "R": [
      [
        0.9998901700897601,
        0.014577285747034853,
        -0.002674041533036696
      ],
      [
        -0.014574137936799224,
        0.9998930800219524,
        0.0011929072101885402
      ],
      [
        0.0026911449738472983,
        -0.0011538043431455342,
        0.9999957132279457
      ]
    ],
    "t": [
      -0.7647777581624524,
      3.5814189909623266,
      -0.9849358494064511
    ],
    "s": 1.0
  },
  "rpe": {
    "1": {
      "count": 1340.0,
      "rmse": 0.15768935149972327,
      "mean": 0.0936325249595579,
      "pstd": 0.1268813691843725,
      "mean_dt": 1.0
    },
    "10": {
      "count": 1331.0,
      "rmse": 0.7061955548978635,
      "mean": 0.6075495615540298,
      "pstd": 0.3599940166350095,
      "mean_dt": 10.0
    },
    "50": {
      "count": 1291.0,
      "rmse": 2.355933401537909,
      "mean": 2.1111222675442636,
      "pstd": 1.0457461278727023,
      "mean_dt": 50.0
    }
  }
}