{
  "loop_closure_correction": {
    "count": 512,
    "min": 0.009948400955181569,
    "max": 0.22255557298194617,
    "mean": 0.0762901562280831,
    "median": 0.071336737513775,
    "p90": 0.11838222630904056,
    "p95": 0.1576906120753847,
    "p99": 0.19475166805670588,
    "stdev": 0.03916084628298252
  },
  "interface_correction": {
    "count": 5,
    "min": 0.009197898965794593,
    "max": 0.1847085920162499,
    "mean": 0.08040767940692603,
    "median": 0.07262442901264876,
    "p90": 0.14029832321684807,
    "p95": 0.16250345761654897,
    "p99": 0.1802675651363097,
    "stdev": 0.05727241397866929
  },
  "loop_closure_correction_stabilised": {
    "count": 512,
    "min": 0.43312525749206543,
    "max": 24.131356954574585,
    "mean": 15.384098768699914,
    "median": 17.27045476436615,
    "p90": 22.89493510723114,
    "p95": 23.397235119342803,
    "p99": 23.829091379642488,
    "stdev": 6.989870362786955
  },
  "loop_closure_correction_stabilised_params": {
    "epsilon": 0.001,
    "required": 3
  },
  "interface_correction_stabilised": {
    "count": 5,
    "min": 22.89449644088745,
    "max": 25.159080266952515,
    "mean": 23.767128038406373,
    "median": 23.54385781288147,
    "p90": 24.627988958358763,
    "p95": 24.89353461265564,
    "p99": 25.10597113609314,
    "stdev": 0.7593140112141443
  },
  "interface_correction_stabilised_params": {
    "epsilon": 0.001,
    "required": 3
  },
  "time_to_global_convergence_s": 24.948516845703125,
  "time_to_global_convergence_method": "last_map_broadcast",
  "timeline_start_ts": 1770227945.8430636,
  "timeline_end_ts": 1770227970.7915804,
  "optimization_duration_s": {
    "count": 304,
    "min": 0.0007852670387364924,
    "max": 0.08263166004326195,
    "mean": 0.01111791211779315,
    "median": 0.00506433448754251,
    "p90": 0.03416611870052291,
    "p95": 0.05892705048609048,
    "p99": 0.0763110288936877,
    "stdev": 0.01698667379190349
  },
  "communication_uplink_messages": 637,
  "communication_uplink_bytes": 7521231,
  "communication_downlink_messages": 304,
  "communication_downlink_bytes": 83484541,
  "communication_uplink_bytes_per_s": 301470.0651952935,
  "communication_downlink_bytes_per_s": 3346272.706963681,
  "delivery_topics": {
    "/c_slam/factor_batch/d": {
      "attempts": 176.0,
      "drops": 0.0,
      "delivered": 176.0,
      "delivery_rate": 1.0
    },
    "/c_slam/factor_batch/b": {
      "attempts": 50.0,
      "drops": 0.0,
      "delivered": 50.0,
      "delivery_rate": 1.0
    },
    "/c_slam/factor_batch/c": {
      "attempts": 95.0,
      "drops": 0.0,
      "delivered": 95.0,
      "delivery_rate": 1.0
    },
    "/c_slam/factor_batch/a": {
      "attempts": 233.0,
      "drops": 0.0,
      "delivered": 233.0,
      "delivery_rate": 1.0
    },
    "/c_slam/factor_batch/e": {
      "attempts": 83.0,
      "drops": 0.0,
      "delivered": 83.0,
      "delivery_rate": 1.0
    }
  },
  "delivery_rate": {
    "count": 5,
    "min": 1.0,
    "max": 1.0,
    "mean": 1.0,
    "median": 1.0,
    "p90": 1.0,
    "p95": 1.0,
    "p99": 1.0,
    "stdev": 0.0
  },
  "estimation_metrics": {
    "ate": {
      "d": {
        "matches": 1062,
        "rmse": 2.362890192597904,
        "R": [
          [
            0.9999523368333163,
            0.009745992719907472,
            0.0005828271549367353
          ],
          [
            -0.009741292187053885,
            0.9999237696379099,
            -0.00758697170407846
          ],
          [
            -0.0006567252968057756,
            0.007580932595370703,
            0.9999710486673445
          ]
        ],
        "t": [
          -0.6305148595465795,
          1.297195536837016,
          -0.017690840793627594
        ],
        "s": 1.0
      },
      "e": {
        "matches": 529,
        "rmse": 2.5631539246891366,
        "R": [
          [
            0.9999946150597371,
            0.0032273689344929028,
            0.0005949296510435499
          ],
          [
            -0.003227139924599878,
            0.9999947184668172,
            -0.00038549497826287013
          ],
          [
            -0.0005961706434201037,
            0.00038357298116624416,
            0.9999997487261342
          ]
        ],
        "t": [
          0.43717296721189314,
          0.439061071684975,
          0.07663757503407709
        ],
        "s": 1.0
      },
      "b": {
        "matches": 265,
        "rmse": 1.3537099052815713,
        "R": [
          [
            0.9999740758317103,
            0.007192554563626568,
            -0.000338855965719918
          ],
          [
            -0.00719287594632543,
            0.9999736730353239,
            -0.000956959697602764
          ],
          [
            0.0003319640598306835,
            0.0009593722381435951,
            0.999999484702253
          ]
        ],
        "t": [
          -0.8588325958618128,
          1.296224377173969,
          -0.033593707529360195
        ],
        "s": 1.0
      },
      "c": {
        "matches": 624,
        "rmse": 1.561891731350489,
        "R": [
          [
            0.9999893508532517,
            0.004498189311771712,
            -0.0010317330114186928
          ],
          [
            -0.004503593130012314,
            0.9999758320930151,
            -0.0052964968424815545
          ],
          [
            0.0010078834311045568,
            0.00530108694501169,
            0.9999854412181161
          ]
        ],
        "t": [
          -0.6462000216103547,
          0.9727882253980766,
          -0.41828663424489543
        ],
        "s": 1.0
      },
      "a": {
        "matches": 1357,
        "rmse": 2.0835387256753486,
        "R": [
          [
            0.999950983905171,
            0.00800515986056131,
            0.005826422803673691
          ],
          [
            -0.007967982341711166,
            0.9999479254602259,
            -0.006376333208967938
          ],
          [
            -0.005877162962049657,
            0.006329595831999678,
            0.9999626968902994
          ]
        ],
        "t": [
          -0.4516347990411873,
          1.2237572289869263,
          0.23090461212495939
        ],
        "s": 1.0
      }
    },
    "rpe": {
      "d": {
        "1": {
          "count": 1061.0,
          "rmse": 0.6933971536634134,
          "mean": 0.22322351854945613,
          "pstd": 0.6564837191240338,
          "mean_dt": 1.0
        },
        "10": {
          "count": 1052.0,
          "rmse": 1.0815718119551399,
          "mean": 0.7577651634403841,
          "pstd": 0.7717444794049986,
          "mean_dt": 10.0
        },
        "50": {
          "count": 1012.0,
          "rmse": 2.445824716471938,
          "mean": 2.069654412493111,
          "pstd": 1.3032993349775182,
          "mean_dt": 50.0
        }
      },
      "e": {
        "1": {
          "count": 528.0,
          "rmse": 0.49736981023621585,
          "mean": 0.15440788260611044,
          "pstd": 0.47279481165036824,
          "mean_dt": 1.0
        },
        "10": {
          "count": 519.0,
          "rmse": 0.856123019991783,
          "mean": 0.6542866048156981,
          "pstd": 0.5521373598286913,
          "mean_dt": 10.0
        },
        "50": {
          "count": 479.0,
          "rmse": 2.4957450099653347,
          "mean": 2.180319900956506,
          "pstd": 1.2144744889292163,
          "mean_dt": 50.0
        }
      },
      "b": {
        "1": {
          "count": 264.0,
          "rmse": 0.39625446201816295,
          "mean": 0.15121387521041743,
          "pstd": 0.3662676106525832,
          "mean_dt": 1.0
        },
        "10": {
          "count": 255.0,
          "rmse": 0.7323083918622719,
          "mean": 0.6042202600412981,
          "pstd": 0.4137553119266661,
          "mean_dt": 10.0
        },
        "50": {
          "count": 215.0,
          "rmse": 2.2043893284681717,
          "mean": 2.0674842087549026,