{
  "a": {
    "ate": {
      "matches": 1347,
      "rmse": 2.8075124667263545,
      "R": [
        [
          0.9990711818563832,
          0.04248235081382962,
          -0.00721272856968852
        ],
        [
          -0.042553524378040566,
          0.9990439516824112,
          -0.010018990458049798
        ],
        [
          0.0067802025852349524,
          0.010316611658954068,
          0.9999237952848112
        ]
      ],
      "t": [
        -3.5890100103345475,
        4.948331845045772,
        -2.3860662678699125
      ],
      "s": 1.0
    },
    "rpe": {
      "1": {
        "count": 1346.0,
        "rmse": 0.1533546355227487,
        "mean": 0.10916707070924962,
        "pstd": 0.10770420098156233,
        "mean_dt": 1.0
      },
      "10": {
        "count": 1337.0,
        "rmse": 0.9150163880162043,
        "mean": 0.8107485275878228,
        "pstd": 0.42419549190485173,
        "mean_dt": 10.0
      },
      "50": {
        "count": 1297.0,
        "rmse": 3.073981731176136,
        "mean": 2.7411394331692382,
        "pstd": 1.3912290578942288,
        "mean_dt": 50.0
      }
    }
  },
  "b": {
    "ate": {
      "matches": 611,
      "rmse": 4.367287687701197,
      "R": [
        [
          0.9997099842847265,
          0.018615731621184607,
          -0.015277495136288594
        ],
        [
          -0.01846213720433621,
          0.9997782027139158,
          0.010133847639442188
        ],
        [
          0.015462755617275028,
          -0.00984885345302583,
          0.9998319375146908
        ]
      ],
      "t": [
        0.8488615414021581,
        3.8297342667542438,
        -7.083030617158366
      ],
      "s": 1.0
    },
    "rpe": {
      "1": {
        "count": 610.0,
        "rmse": 0.23816120298669805,
        "mean": 0.14090746460728,
        "pstd": 0.19200480469514125,
        "mean_dt": 1.0
      },
      "10": {
        "count": 601.0,
        "rmse": 1.305904734563382,
        "mean": 1.0479242812498928,
        "pstd": 0.7792572595247045,
        "mean_dt": 10.0
      },
      "50": {
        "count": 561.0,
        "rmse": 4.642835921017119,
        "mean": 3.699943594681447,
        "pstd": 2.8047001240172893,
        "mean_dt": 50.0
      }
    }
  },
  "c": {
    "ate": {
      "matches": 1070,
      "rmse": 3.2852108867152725,
      "R": [
        [
          0.9992292125564235,
          0.0388114166324326,
          -0.00588682536297367
        ],
        [
          -0.03887878027510727,
          0.9991743028140969,
          -0.011796314690758317
        ],
        [
          0.005424132943647245,
          0.012016094829319188,
          0.9999130923469611
        ]
      ],
      "t": [
        -3.4439510526504478,
        5.138103136755177,
        -2.1214249308483604
      ],
      "s": 1.0
    },
    "rpe": {
      "1": {
        "count": 1069.0,
        "rmse": 0.8695658407972512,
        "mean": 0.2452490981623694,
        "pstd": 0.8342647249716215,
        "mean_dt": 1.0
      },
      "10": {
        "count": 1060.0,
        "rmse": 1.2990582996537718,
        "mean": 0.9272727908822388,
        "pstd": 0.9097898862862854,
        "mean_dt": 10.0
      },
      "50": {
        "count": 1020.0,
        "rmse": 3.0091096618590787,
        "mean": 2.667781348819027,
        "pstd": 1.3920070517015994,
        "mean_dt": 50.0
      }
    }
  }
}