{
  "loop_closure_correction": {
    "count": 0
  },
  "interface_correction": {
    "count": 0
  },
  "loop_closure_correction_stabilised": {
    "count": 0
  },
  "loop_closure_correction_stabilised_params": {
    "epsilon": 0.001,
    "required": 3
  },
  "interface_correction_stabilised": {
    "count": 36123,
    "min": 0.1656937599182129,
    "max": 4.2156877517700195,
    "mean": 1.2896230738447396,
    "median": 0.9898397922515869,
    "p90": 2.627199602127075,
    "p95": 3.3433320999145506,
    "p99": 3.943818960189819,
    "stdev": 0.8997158082896048
  },
  "interface_correction_stabilised_params": {
    "epsilon": 0.001,
    "required": 3
  },
  "time_to_global_convergence_s": 0.14535188674926758,
  "time_to_global_convergence_method": "delta_threshold",
  "timeline_start_ts": 1770240090.182472,
  "timeline_end_ts": 1770240090.3278239,
  "optimization_duration_s": {
    "count": 505,
    "min": 0.0005982739967294037,
    "max": 0.05548868700861931,
    "mean": 0.006406063559617257,
    "median": 0.0028414640109986067,
    "p90": 0.01644925581058488,
    "p95": 0.027619329607114194,
    "p99": 0.042822139363270215,
    "stdev": 0.008610402476351494
  },
  "communication_uplink_messages": 53155,
  "communication_uplink_bytes": 69085378,
  "communication_downlink_messages": 0,
  "communication_downlink_bytes": 0,
  "communication_uplink_bytes_per_s": 475297428.5030952,
  "communication_downlink_bytes_per_s": 0.0,
  "delivery_topics": {
    "/c_slam/factor_batch/d": {
      "attempts": 171.0,
      "drops": 0.0,
      "delivered": 171.0,
      "delivery_rate": 1.0
    },
    "/c_slam/factor_batch/b": {
      "attempts": 36.0,
      "drops": 0.0,
      "delivered": 36.0,
      "delivery_rate": 1.0
    },
    "/c_slam/factor_batch/c": {
      "attempts": 126.0,
      "drops": 0.0,
      "delivered": 126.0,
      "delivery_rate": 1.0
    },
    "/c_slam/factor_batch/a": {
      "attempts": 243.0,
      "drops": 0.0,
      "delivered": 243.0,
      "delivery_rate": 1.0
    },
    "/c_slam/factor_batch/e": {
      "attempts": 88.0,
      "drops": 0.0,
      "delivered": 88.0,
      "delivery_rate": 1.0
    },
    "/c_slam/iface/run_201965d1/a": {
      "attempts": 2323.0,
      "drops": 0.0,
      "delivered": 2317.0,
      "delivery_rate": 0.9974171330176496
    },
    "/c_slam/iface/run_201965d1/e": {
      "attempts": 16362.0,
      "drops": 0.0,
      "delivered": 4434.0,
      "delivery_rate": 0.27099376604327097
    },
    "/c_slam/iface/run_201965d1/b": {
      "attempts": 13534.0,
      "drops": 0.0,
      "delivered": 3410.0,
      "delivery_rate": 0.25195803162405794
    },
    "/c_slam/iface/run_201965d1/c": {
      "attempts": 21614.0,
      "drops": 0.0,
      "delivered": 7862.0,
      "delivery_rate": 0.36374572036642916
    },
    "/c_slam/iface/run_201965d1/d": {
      "attempts": 11413.0,
      "drops": 0.0,
      "delivered": 7923.0,
      "delivery_rate": 0.6942083588889862
    }
  },
  "delivery_rate": {
    "count": 10,
    "min": 0.25195803162405794,
    "max": 1.0,
    "mean": 0.7578323009940394,
    "median": 0.9987085665088248,
    "p90": 1.0,
    "p95": 1.0,
    "p99": 1.0,
    "stdev": 0.31668590725012713
  },
  "estimation_metrics": {
    "a": {
      "ate": {
        "matches": 1350,
        "rmse": 2.0941581240955234,
        "R": [
          [
            0.9999011885681636,
            0.013623018425064394,
            0.003467919976580251
          ],
          [
            -0.013631743472141501,
            0.9999039460345968,
            0.002504850165243315
          ],
          [
            -0.0034334632491616742,
            -0.002551876452914645,
            0.9999908495864777
          ]
        ],
        "t": [
          -1.223525333452855,
          2.103757784540484,
          -0.30846072925843604
        ],
        "s": 1.0
      },
      "rpe": {
        "1": {
          "count": 1349.0,
          "rmse": 0.14738512645395402,
          "mean": 0.09411828424464952,
          "pstd": 0.11342012198323255,
          "mean_dt": 1.0
        },
        "10": {
          "count": 1340.0,
          "rmse": 0.69711659073513,
          "mean": 0.6199202899956702,
          "pstd": 0.3188579231097373,
          "mean_dt": 10.0
        },
        "50": {
          "count": 1300.0,
          "rmse": 2.3039710199422005,
          "mean": 2.0526702205489076,
          "pstd": 1.046340014720456,
          "mean_dt": 50.0
        }
      }
    },
    "b": {
      "ate": {
        "matches": 187,
        "rmse": 16.190459471757062,
        "R": [
          [
            0.9996375362949073,
            0.021533486028140633,
            0.01615874406395916
          ],
          [
            -0.021723487990720387,
            0.9996958282388883,
            0.011676517943268884
          ],
          [
            -0.015902392894331163,
            -0.012023309911931138,
            0.9998012572101497
          ]
        ],
        "t": [
          3.5995484755217433,
          4.414781253522547,
          -0.431900888577764
        ],
        "s": 1.0
      },
      "rpe": {
        "1": {
          "count": 186.0,
          "rmse": 15.984009280381278,
          "mean": 4.361843406914223,
          "pstd": 15.37734940647684,
          "mean_dt": 1.0
        },
        "10": {
          "count": 177.0,
          "rmse": 21.422292224625103,
          "mean": 9.726680710041048,
          "pstd": 19.086809228421306,
          "mean_dt": 10.0
        },
        "50": {
          "count": 137.0,
          "rmse": 20.61625847502534,
          "mean": 10.484768090973215,
          "pstd": 17.751049309479264,
          "mean_dt": 50.0
        }
      }
    },
    "c": {
      "ate": {
        "matches": 703,
        "rmse": 1.967218362573499,
        "R": [
          [
            0.9999815315585605,
            0.006042435634842448,
            -0.0006523138774453445
          ],
          [
            -0.006043249309162758,
            0.9999809547764262,
            -0.0012526860002564505
          ],
          [
            0.0006447321794544997,
            0.001256604960487663,
            0.9999990026316977
          ]
        ],
        "t": [
          -0.37344600226251146,
          1.915912960526903,
          -0.6549889695533158
        ],
        "s": 1.0
      },
      "rpe": {
        "1": {
          "count": 702.0,
          "rmse": 0.842807634257077,
          "mean": 0.3938524409969325,
          "pstd": 0.7451207708034774,
          "mean_dt": 1.0
        },
        "10": {
          "count": 693.0,
          "rmse": 1.0320572408167688,
          "mean": 0.812759639561271,
          "pstd": 0.6360533913301261,
          "mean_dt": 10.0
        },
        "50": {
          "count": 653.0,
          "rmse": 2.130348399136851,
          "mean": 1.9377033058537734,
          "pstd": 0.8852627859501933,
          "mean_dt": 50.0
        }
      }
    },
    "d": {
      "ate": {
        "matches": 1062,
        "rmse": 6.095786450694669,
        "R": [
          [
            0.9927383452224443,
            0.1198426099081797,
            -0.010408014959611165
          ],
          [
            -0.11985083799817353,
            0.9927918957855841,
            -0.00016820702149501765
          ],
          [
            0.010312834534656241,
            0.0014143948749806914,
            0.9999458209978171
          ]
        ],
        "t": [
          -4.879624856388844,
          15.118023292585562,
          -2.565741782030589
        ],
        "s": 1.0
      },
      "rpe": {
        "1": {
          "count": 1061.0,
          "rmse": 1.7800629392594267,
          "mean": 0.360274105158589,
          "pstd": 1.7432230599889083,
          "mean_dt": 1.0
        },
        "10": {
          "count": 1052.0,
          "rmse": 3.699795311938958,
          "mean": 1.7316489158264636,
          "pstd": 3.2695377934140057,
          "mean_dt": 10.0
        },
        "50": {
          "count": 1012.0,