{
  "ate": {
    "matches": 1062,
    "rmse": 6.095786450694669,
    "R": [
      [
        0.9927383452224443,
        0.1198426099081797,
        -0.010408014959611165
      ],
      [
        -0.11985083799817353,
        0.9927918957855841,
        -0.00016820702149501765
      ],
      [
        0.010312834534656241,
        0.0014143948749806914,
        0.9999458209978171
      ]
    ],
    "t": [
      -4.879624856388844,
      15.118023292585562,
      -2.565741782030589
    ],
    "s": 1.0
  },
  "rpe": {
    "1": {
      "count": 1061.0,
      "rmse": 1.7800629392594267,
      "mean": 0.360274105158589,
      "pstd": 1.7432230599889083,
      "mean_dt": 1.0
    },
    "10": {
      "count": 1052.0,
      "rmse": 3.699795311938958,
      "mean": 1.7316489158264636,
      "pstd": 3.2695377934140057,
      "mean_dt": 10.0
    },
    "50": {
      "count": 1012.0,
      "rmse": 6.649646349868497,
      "mean": 4.902585447044919,
      "pstd": 4.492488454380573,
      "mean_dt": 50.0
    }
  }
}