{
  "stats": {
    "topics": {
      "/c_slam/factor_batch/a": {
        "attempts": 96,
        "drops": 0,
        "published": 96,
        "delivered": 96,
        "delivery_rate": 1.0,
        "bytes_attempted": 1131492,
        "bytes_published": 1131492,
        "bytes_delivered": null,
        "drop_reasons": {},
        "delivery_method": "ack",
        "ack_latency_s": {
          "count": 96,
          "min": 0.00537561095552519,
          "max": 0.23536386899650097,
          "mean": 0.06649040406470401,
          "median": 0.035116829501930624,
          "p90": 0.1783664095273707,
          "p95": 0.20294224451936316,
          "stdev": 0.06675321241026257
        }
      },
      "/c_slam/factor_batch/c": {
        "attempts": 97,
        "drops": 0,
        "published": 97,
        "delivered": 97,
        "delivery_rate": 1.0,
        "bytes_attempted": 1140604,
        "bytes_published": 1140604,
        "bytes_delivered": null,
        "drop_reasons": {},
        "delivery_method": "ack",
        "ack_latency_s": {
          "count": 97,
          "min": 0.004267770971637219,
          "max": 0.16831184300826862,
          "mean": 0.04656509905225434,
          "median": 0.031061915040481836,
          "p90": 0.11749550699023531,
          "p95": 0.12425746843218799,
          "stdev": 0.04087570466489772
        }
      },
      "/c_slam/factor_batch/b": {
        "attempts": 171,
        "drops": 0,
        "published": 171,
        "delivered": 171,
        "delivery_rate": 1.0,
        "bytes_attempted": 2024315,
        "bytes_published": 2024315,
        "bytes_delivered": null,
        "drop_reasons": {},
        "delivery_method": "ack",
        "ack_latency_s": {
          "count": 171,
          "min": 0.004300472035538405,
          "max": 0.23670440801652148,
          "mean": 0.05397306039435135,
          "median": 0.04154586303047836,
          "p90": 0.14571769104804844,
          "p95": 0.17611062398646027,
          "stdev": 0.05404518255702228
        }
      }
    },
    "generated_by": {
      "component": "ros2_factor_publisher",
      "pid": 527674
    }
  }
}