{
  "ate": {
    "a": {
      "matches": 1341,
      "rmse": 1.757372365950682,
      "R": [
        [
          0.9999789416379605,
          0.006480214646466578,
          -0.0003508543299157157
        ],
        [
          -0.006481869394209266,
          0.999966786682891,
          -0.004940738836460366
        ],
        [
          0.00031882562870718485,
          0.004942908984536115,
          0.9999877329252538
        ]
      ],
      "t": [
        -1.545593624635515,
        0.8774533701337575,
        -0.23335683184484957
      ],
      "s": 1.0
    },
    "c": {
      "matches": 1064,
      "rmse": 2.2584795635179624,
      "R": [
        [
          0.9999849026419495,
          0.005383192066947924,
          -0.0011026020772550934
        ],
        [
          -0.005387866157934596,
          0.9999763217920055,
          -0.004280975776098171
        ],
        [
          0.0010795306547770828,
          0.004286851817091798,
          0.9999902287097926
        ]
      ],
      "t": [
        -1.0759623127769373,
        0.5970645577147522,
        -0.22550875400510328
      ],
      "s": 1.0
    },
    "d": {
      "matches": 530,
      "rmse": 2.57879755231419,
      "R": [
        [
          0.9999878651462121,
          0.004873970671723917,
          0.0007169171579514333
        ],
        [
          -0.004869711501236058,
          0.999971163625548,
          -0.005827334490295277
        ],
        [
          -0.0007452987420598408,
          0.005823772596713739,
          0.999982763952723
        ]
      ],
      "t": [
        0.12415481802975137,
        0.2727257556159728,
        -0.018635678517315846
      ],
      "s": 1.0
    },
    "b": {
      "matches": 620,
      "rmse": 2.0081899920075768,
      "R": [
        [
          0.9999704175873848,
          0.007689446447919705,
          0.00019069198959925648
        ],
        [
          -0.007688793635249709,
          0.9999652701848356,
          -0.003215723340548267
        ],
        [
          -0.0002154124993201654,
          0.003214162020337613,
          0.9999948113665201
        ]
      ],
      "t": [
        -1.406061911322638,
        0.9885445444785859,
        -0.296371344859788
      ],
      "s": 1.0
    }
  },
  "rpe": {
    "a": {
      "1": {
        "count": 1340.0,
        "rmse": 0.14313372636436747,
        "mean": 0.08720613265008524,
        "pstd": 0.11350045837425234,
        "mean_dt": 1.0
      },
      "10": {
        "count": 1331.0,
        "rmse": 0.6296562971745269,
        "mean": 0.541028581748326,
        "pstd": 0.3221104256352638,
        "mean_dt": 10.0
      },
      "50": {
        "count": 1291.0,
        "rmse": 1.8011205562312331,
        "mean": 1.606779322692578,
        "pstd": 0.8138153760198197,
        "mean_dt": 50.0
      }
    },
    "c": {
      "1": {
        "count": 1063.0,
        "rmse": 0.519818433456056,
        "mean": 0.18768432693627526,
        "pstd": 0.4847533364332681,
        "mean_dt": 1.0
      },
      "10": {
        "count": 1054.0,
        "rmse": 0.866933064152431,
        "mean": 0.6846128356010116,
        "pstd": 0.5318629551407629,
        "mean_dt": 10.0
      },
      "50": {
        "count": 1014.0,
        "rmse": 2.1668332299754662,
        "mean": 1.8813766623161092,
        "pstd": 1.0749828375458843,
        "mean_dt": 50.0
      }
    },
    "d": {
      "1": {
        "count": 529.0,
        "rmse": 0.539708287518477,
        "mean": 0.17662606466813952,
        "pstd": 0.5099884987879362,
        "mean_dt": 1.0
      },
      "10": {
        "count": 520.0,
        "rmse": 0.9213216219774386,
        "mean": 0.7609520949005012,
        "pstd": 0.5194087411563997,
        "mean_dt": 10.0
      },
      "50": {
        "count": 480.0,
        "rmse": 2.7857951122371323,
        "mean": 2.608379262476918,
        "pstd": 0.9782699169680438,
        "mean_dt": 50.0
      }
    },
    "b": {
      "1": {
        "count": 619.0,
        "rmse": 0.38246051800277786,
        "mean": 0.13517817092748338,
        "pstd": 0.3577749431355599,
        "mean_dt": 1.0
      },
      "10": {
        "count": 610.0,
        "rmse": 0.7745725709661553,
        "mean": 0.63540908340819,
        "pstd": 0.44296496973855987,
        "mean_dt": 10.0
      },
      "50": {
        "count": 570.0,
        "rmse": 2.166897385307582,
        "mean": 1.9855672832249247,
        "pstd": 0.8677366203172628,
        "mean_dt": 50.0
      }
    }
  }
}