{
  "a": {
    "ate": {
      "matches": 1347,
      "rmse": 2.7166023122819727,
      "R": [
        [
          0.9991956235693746,
          0.03931742859495633,
          -0.007889591148383363
        ],
        [
          -0.03939813600588482,
          0.9991699972001579,
          -0.01034908567448313
        ],
        [
          0.007476143328611024,
          0.010651596298982872,
          0.9999153218034083
        ]
      ],
      "t": [
        -3.540424461423342,
        4.35356899616648,
        -2.4963852521761414
      ],
      "s": 1.0
    },
    "rpe": {
      "1": {
        "count": 1346.0,
        "rmse": 0.15218320325090656,
        "mean": 0.10636017473328441,
        "pstd": 0.10884503012270226,
        "mean_dt": 1.0
      },
      "10": {
        "count": 1337.0,
        "rmse": 0.8825496876574578,
        "mean": 0.7762259166647364,
        "pstd": 0.41996104281500607,
        "mean_dt": 10.0
      },
      "50": {
        "count": 1297.0,
        "rmse": 2.9556171188791915,
        "mean": 2.6297173134461342,
        "pstd": 1.3491698947031774,
        "mean_dt": 50.0
      }
    }
  },
  "b": {
    "ate": {
      "matches": 617,
      "rmse": 4.694605450872017,
      "R": [
        [
          0.9999417736148035,
          -0.0027463221160315843,
          -0.01043585621381032
        ],
        [
          0.002839744772402335,
          0.9999559350738221,
          0.008947835507297532
        ],
        [
          0.010410822720032353,
          -0.00897694967530932,
          0.9999055101082396
        ]
      ],
      "t": [
        -4.029885261198743,
        -1.626846616183471,
        -5.1171910731321475
      ],
      "s": 1.0
    },
    "rpe": {
      "1": {
        "count": 616.0,
        "rmse": 0.3237126774591169,
        "mean": 0.15570196264829897,
        "pstd": 0.2838076749758857,
        "mean_dt": 1.0
      },
      "10": {
        "count": 607.0,
        "rmse": 1.350005997566301,
        "mean": 1.056169120835743,
        "pstd": 0.840846586279588,
        "mean_dt": 10.0
      },
      "50": {
        "count": 567.0,
        "rmse": 4.70414575491029,
        "mean": 3.6902674178984483,
        "pstd": 2.9173470256103595,
        "mean_dt": 50.0
      }
    }
  },
  "c": {
    "ate": {
      "matches": 1070,
      "rmse": 3.2852108867152725,
      "R": [
        [
          0.9992292125564235,
          0.0388114166324326,
          -0.00588682536297367
        ],
        [
          -0.03887878027510727,
          0.9991743028140969,
          -0.011796314690758317
        ],
        [
          0.005424132943647245,
          0.012016094829319188,
          0.9999130923469611
        ]
      ],
      "t": [
        -3.4439510526504478,
        5.138103136755177,
        -2.1214249308483604
      ],
      "s": 1.0
    },
    "rpe": {
      "1": {
        "count": 1069.0,
        "rmse": 0.8695658407972512,
        "mean": 0.2452490981623694,
        "pstd": 0.8342647249716215,
        "mean_dt": 1.0
      },
      "10": {
        "count": 1060.0,
        "rmse": 1.2990582996537718,
        "mean": 0.9272727908822388,
        "pstd": 0.9097898862862854,
        "mean_dt": 10.0
      },
      "50": {
        "count": 1020.0,
        "rmse": 3.0091096618590787,
        "mean": 2.667781348819027,
        "pstd": 1.3920070517015994,
        "mean_dt": 50.0
      }
    }
  }
}