{
  "stats": {
    "topics": {
      "/c_slam/factor_batch/a": {
        "attempts": 221,
        "drops": 0,
        "published": 221,
        "delivered": 221,
        "delivery_rate": 1.0,
        "bytes_attempted": 2614038,
        "bytes_published": 2614038,
        "bytes_delivered": null,
        "drop_reasons": {},
        "delivery_method": "ack",
        "ack_latency_s": {
          "count": 221,
          "min": 0.0024856069940142334,
          "max": 0.008685422013513744,
          "mean": 0.006761425514273531,
          "median": 0.00675322295865044,
          "p90": 0.006972913048230112,
          "p95": 0.007086794008500874,
          "stdev": 0.0004098159935158794
        }
      },
      "/c_slam/factor_batch/c": {
        "attempts": 182,
        "drops": 0,
        "published": 182,
        "delivered": 182,
        "delivery_rate": 1.0,
        "bytes_attempted": 2149966,
        "bytes_published": 2149966,
        "bytes_delivered": null,
        "drop_reasons": {},
        "delivery_method": "ack",
        "ack_latency_s": {
          "count": 182,
          "min": 0.0027144330088049173,
          "max": 0.008113246003631502,
          "mean": 0.006687627120869705,
          "median": 0.006704127474222332,
          "p90": 0.006920491607161239,
          "p95": 0.007014238461852073,
          "stdev": 0.00041333168519844016
        }
      },
      "/c_slam/factor_batch/b": {
        "attempts": 94,
        "drops": 0,
        "published": 94,
        "delivered": 94,
        "delivery_rate": 1.0,
        "bytes_attempted": 1107425,
        "bytes_published": 1107425,
        "bytes_delivered": null,
        "drop_reasons": {},
        "delivery_method": "ack",
        "ack_latency_s": {
          "count": 94,
          "min": 0.0046097730519250035,
          "max": 0.008370304014533758,
          "mean": 0.006743253040885394,
          "median": 0.006755403010174632,
          "p90": 0.00702561279758811,
          "p95": 0.007078312584781088,
          "stdev": 0.00037365533947710834
        }
      }
    },
    "generated_by": {
      "component": "ros2_factor_publisher",
      "pid": 513246
    }
  }
}