{
  "a": {
    "ate": {
      "matches": 1347,
      "rmse": 2.7471782776080427,
      "R": [
        [
          0.9991890180744811,
          0.03900776519125032,
          -0.009985009471144663
        ],
        [
          -0.039107929584698164,
          0.9991845433766603,
          -0.010040822713962866
        ],
        [
          0.00958519707428406,
          0.010423172835524554,
          0.9998997357060797
        ]
      ],
      "t": [
        -3.4741409853874927,
        4.359117491136153,
        -2.636854604838783
      ],
      "s": 1.0
    },
    "rpe": {
      "1": {
        "count": 1346.0,
        "rmse": 0.1516335225700215,
        "mean": 0.10629676287634408,
        "pstd": 0.10813752063462298,
        "mean_dt": 1.0
      },
      "10": {
        "count": 1337.0,
        "rmse": 0.8843318421854516,
        "mean": 0.7774101041652444,
        "pstd": 0.42151671027955445,
        "mean_dt": 10.0
      },
      "50": {
        "count": 1297.0,
        "rmse": 2.969324178001386,
        "mean": 2.642837341552346,
        "pstd": 1.3536236035767615,
        "mean_dt": 50.0
      }
    }
  },
  "b": {
    "ate": {
      "matches": 617,
      "rmse": 4.713105137777386,
      "R": [
        [
          0.9998744059901263,
          -0.004109172351650045,
          -0.015306434871521963
        ],
        [
          0.004178126815856585,
          0.9999812555861889,
          0.004475682358967142
        ],
        [
          0.015287756611168534,
          -0.004539072466064692,
          0.9998728325736954
        ]
      ],
      "t": [
        -4.240429039013193,
        -2.1292849104382867,
        -5.826535046807303
      ],
      "s": 1.0
    },
    "rpe": {
      "1": {
        "count": 616.0,
        "rmse": 0.3272581032449068,
        "mean": 0.1566118357105994,
        "pstd": 0.2873510032256896,
        "mean_dt": 1.0
      },
      "10": {
        "count": 607.0,
        "rmse": 1.3570411949859338,
        "mean": 1.0628772644797133,
        "pstd": 0.8437136513894813,
        "mean_dt": 10.0
      },
      "50": {
        "count": 567.0,
        "rmse": 4.724118239758385,
        "mean": 3.7013131500873917,
        "pstd": 2.935570491098451,
        "mean_dt": 50.0
      }
    }
  },
  "c": {
    "ate": {
      "matches": 1070,
      "rmse": 3.2852108867152725,
      "R": [
        [
          0.9992292125564235,
          0.0388114166324326,
          -0.00588682536297367
        ],
        [
          -0.03887878027510727,
          0.9991743028140969,
          -0.011796314690758317
        ],
        [
          0.005424132943647245,
          0.012016094829319188,
          0.9999130923469611
        ]
      ],
      "t": [
        -3.4439510526504478,
        5.138103136755177,
        -2.1214249308483604
      ],
      "s": 1.0
    },
    "rpe": {
      "1": {
        "count": 1069.0,
        "rmse": 0.8695658407972512,
        "mean": 0.2452490981623694,
        "pstd": 0.8342647249716215,
        "mean_dt": 1.0
      },
      "10": {
        "count": 1060.0,
        "rmse": 1.2990582996537718,
        "mean": 0.9272727908822388,
        "pstd": 0.9097898862862854,
        "mean_dt": 10.0
      },
      "50": {
        "count": 1020.0,
        "rmse": 3.0091096618590787,
        "mean": 2.667781348819027,
        "pstd": 1.3920070517015994,
        "mean_dt": 50.0
      }
    }
  }
}