{
  "ate": {
    "matches": 1062,
    "rmse": 2.5756041038311874,
    "R": [
      [
        0.9992474572406429,
        0.03877174828702899,
        0.001127267881160422
      ],
      [
        -0.038770867877913374,
        0.9992478128582974,
        -0.0007926549699089694
      ],
      [
        -0.0011571525837267348,
        0.0007483533090671887,
        0.9999990504821605
      ]
    ],
    "t": [
      -2.187666013779534,
      6.055519839703699,
      -0.4560834952768964
    ],
    "s": 1.0
  },
  "rpe": {
    "1": {
      "count": 1061.0,
      "rmse": 0.5864392049006366,
      "mean": 0.1850328406993692,
      "pstd": 0.5564834129668313,
      "mean_dt": 1.0
    },
    "10": {
      "count": 1052.0,
      "rmse": 0.8947777634270159,
      "mean": 0.6857749855611397,
      "pstd": 0.5747520466271275,
      "mean_dt": 10.0
    },
    "50": {
      "count": 1012.0,
      "rmse": 2.313307803060676,
      "mean": 2.029454058267333,
      "pstd": 1.1102743881958512,
      "mean_dt": 50.0
    }
  }
}