{
  "a": {
    "ate": {
      "matches": 1357,
      "rmse": 2.3921735401153965,
      "R": [
        [
          0.9991624224362793,
          0.04090948239888231,
          0.0009315799055856877
        ],
        [
          -0.04090764429705291,
          0.9991610999443103,
          -0.0019133729743981975
        ],
        [
          -0.0010090735011696584,
          0.0018736616367117653,
          0.9999977355788061
        ]
      ],
      "t": [
        -2.0680518824267295,
        6.372629766543348,
        -0.6785246232388626
      ],
      "s": 1.0
    },
    "rpe": {
      "1": {
        "count": 1356.0,
        "rmse": 0.11051677468947889,
        "mean": 0.09380345157596313,
        "pstd": 0.05843688869370945,
        "mean_dt": 1.0
      },
      "10": {
        "count": 1347.0,
        "rmse": 0.7303404396181683,
        "mean": 0.6626717171309278,
        "pstd": 0.30702337542344704,
        "mean_dt": 10.0
      },
      "50": {
        "count": 1307.0,
        "rmse": 2.6291648414804056,
        "mean": 2.3074068974671302,
        "pstd": 1.2603099512412788,
        "mean_dt": 50.0
      }
    }
  },
  "b": {
    "ate": {
      "matches": 265,
      "rmse": 1.6042050639171006,
      "R": [
        [
          0.9989468554351825,
          0.04582082050800372,
          0.0023732728738467303
        ],
        [
          -0.045819209785933436,
          0.9989494827104106,
          -0.0007287024062488517
        ],
        [
          -0.0024041694518203275,
          0.000619193489584325,
          0.999996918279586
        ]
      ],
      "t": [
        -2.7811808471161044,
        6.894273200736668,
        -0.008815051888485748
      ],
      "s": 1.0
    },
    "rpe": {
      "1": {
        "count": 264.0,
        "rmse": 0.45575701627301063,
        "mean": 0.18341008278217627,
        "pstd": 0.4172232009559301,
        "mean_dt": 1.0
      },
      "10": {
        "count": 255.0,
        "rmse": 1.0400207521862659,
        "mean": 0.8885630277410902,
        "pstd": 0.5404617569353751,
        "mean_dt": 10.0
      },
      "50": {
        "count": 215.0,
        "rmse": 2.8875769013502497,
        "mean": 2.7424179392594246,
        "pstd": 0.9040156014359497,
        "mean_dt": 50.0
      }
    }
  },
  "c": {
    "ate": {
      "matches": 624,
      "rmse": 2.4039280909308727,
      "R": [
        [
          0.9999511025153076,
          0.007320947659493301,
          -0.006648030068144538
        ],
        [
          -0.00735210944086857,
          0.999962044279497,
          -0.004675092206377428
        ],
        [
          0.006613551632027175,
          0.0047237406507550025,
          0.9999669730591477
        ]
      ],
      "t": [
        -0.4580055733736117,
        2.5000145949440196,
        -1.7518636449602862
      ],
      "s": 1.0
    },
    "rpe": {
      "1": {
        "count": 623.0,
        "rmse": 0.2520971219594912,
        "mean": 0.11913848213450699,
        "pstd": 0.2221688118862419,
        "mean_dt": 1.0
      },
      "10": {
        "count": 614.0,
        "rmse": 0.8303373298425377,
        "mean": 0.6877845471254197,
        "pstd": 0.465201567135706,
        "mean_dt": 10.0
      },
      "50": {
        "count": 574.0,
        "rmse": 2.5759871361303537,
        "mean": 2.297530135203101,
        "pstd": 1.1649313298828727,
        "mean_dt": 50.0
      }
    }
  },
  "d": {
    "ate": {
      "matches": 1062,
      "rmse": 2.5756041038311874,
      "R": [
        [
          0.9992474572406429,
          0.03877174828702899,
          0.001127267881160422
        ],
        [
          -0.038770867877913374,
          0.9992478128582974,
          -0.0007926549699089694
        ],
        [
          -0.0011571525837267348,
          0.0007483533090671887,
          0.9999990504821605
        ]
      ],
      "t": [
        -2.187666013779534,
        6.055519839703699,
        -0.4560834952768964
      ],
      "s": 1.0
    },
    "rpe": {
      "1": {
        "count": 1061.0,
        "rmse": 0.5864392049006366,
        "mean": 0.1850328406993692,
        "pstd": 0.5564834129668313,
        "mean_dt": 1.0
      },
      "10": {
        "count": 1052.0,
        "rmse": 0.8947777634270159,
        "mean": 0.6857749855611397,
        "pstd": 0.5747520466271275,
        "mean_dt": 10.0
      },
      "50": {
        "count": 1012.0,
        "rmse": 2.313307803060676,
        "mean": 2.029454058267333,
        "pstd": 1.1102743881958512,
        "mean_dt": 50.0
      }
    }
  },
  "e": {
    "ate": {
      "matches": 528,
      "rmse": 5.508511752141242,
      "R": [
        [
          0.9985056336449107,
          -0.05393578926385371,
          0.00879944406542817
        ],
        [
          0.0538926115202887,
          0.9985338532407008,
          0.005072509812855442
        ],
        [
          -0.009060132609333006,
          -0.004590704604242633,
          0.9999484183838375
        ]
      ],
      "t": [
        2.102602598261086,
        -3.6109944577859245,
        0.827374857397885
      ],
      "s": 1.0
    },
    "rpe": {
      "1": {
        "count": 527.0,
        "rmse": 0.8124001611300317,
        "mean": 0.2287245670482723,
        "pstd": 0.7795377439436023,
        "mean_dt": 1.0
      },
      "10": {
        "count": 518.0,
        "rmse": 1.415338747721236,
        "mean": 1.1411050357194952,
        "pstd": 0.8372950903096991,
        "mean_dt": 10.0
      },
      "50": {
        "count": 478.0,
        "rmse": 4.615441099131426,
        "mean": 4.066147389927989,
        "pstd": 2.1837449354110285,
        "mean_dt": 50.0
      }
    }
  }
}