{
  "stats": {
    "topics": {
      "/c_slam/factor_batch/a": {
        "attempts": 230,
        "drops": 0,
        "published": 230,
        "delivered": 230,
        "delivery_rate": 1.0,
        "bytes_attempted": 2716271,
        "bytes_published": 2716271,
        "bytes_delivered": null,
        "drop_reasons": {},
        "delivery_method": "ack",
        "ack_latency_s": {
          "count": 230,
          "min": 0.0025511300191283226,
          "max": 0.00981314101954922,
          "mean": 0.005327504079880031,
          "median": 0.005431508005131036,
          "p90": 0.006788328289985657,
          "p95": 0.007140374672599136,
          "stdev": 0.0014121422143950132
        }
      },
      "/c_slam/factor_batch/b": {
        "attempts": 93,
        "drops": 0,
        "published": 93,
        "delivered": 93,
        "delivery_rate": 1.0,
        "bytes_attempted": 1097935,
        "bytes_published": 1097935,
        "bytes_delivered": null,
        "drop_reasons": {},
        "delivery_method": "ack",
        "ack_latency_s": {
          "count": 93,
          "min": 0.002494092972483486,
          "max": 0.008954713004641235,
          "mean": 0.005838338680620435,
          "median": 0.006443567981477827,
          "p90": 0.007043742609675973,
          "p95": 0.007237711420748383,
          "stdev": 0.0014491846549908312
        }
      },
      "/c_slam/factor_batch/c": {
        "attempts": 188,
        "drops": 0,
        "published": 188,
        "delivered": 188,
        "delivery_rate": 1.0,
        "bytes_attempted": 2217941,
        "bytes_published": 2217941,
        "bytes_delivered": null,
        "drop_reasons": {},
        "delivery_method": "ack",
        "ack_latency_s": {
          "count": 188,
          "min": 0.0025477129966020584,
          "max": 0.008648782968521118,
          "mean": 0.005083342789959638,
          "median": 0.005204554967349395,
          "p90": 0.006696064805146307,
          "p95": 0.006990804779343307,
          "stdev": 0.0014489272508324705
        }
      },
      "/c_slam/factor_batch/d": {
        "attempts": 87,
        "drops": 0,
        "published": 87,
        "delivered": 87,
        "delivery_rate": 1.0,
        "bytes_attempted": 1020837,
        "bytes_published": 1020837,
        "bytes_delivered": null,
        "drop_reasons": {},
        "delivery_method": "ack",
        "ack_latency_s": {
          "count": 87,
          "min": 0.0017426550039090216,
          "max": 0.008090051996987313,
          "mean": 0.005485283578853069,
          "median": 0.006303916976321489,
          "p90": 0.006795901420991868,
          "p95": 0.007207182433921844,
          "stdev": 0.0015474639463467228
        }
      }
    },
    "generated_by": {
      "component": "ros2_factor_publisher",
      "pid": 517057
    }
  }
}