{
  "loop_closure_correction": {
    "count": 0
  },
  "interface_correction": {
    "count": 0
  },
  "loop_closure_correction_stabilised": {
    "count": 0
  },
  "loop_closure_correction_stabilised_params": {
    "epsilon": 0.001,
    "required": 3
  },
  "interface_correction_stabilised": {
    "count": 30921,
    "min": 0.1640760898590088,
    "max": 7.914682388305664,
    "mean": 2.350084649240796,
    "median": 1.3619906902313232,
    "p90": 6.057208776473999,
    "p95": 7.018172979354858,
    "p99": 7.759384441375732,
    "stdev": 2.1388400940735446
  },
  "interface_correction_stabilised_params": {
    "epsilon": 0.001,
    "required": 3
  },
  "time_to_global_convergence_s": 0.14062023162841797,
  "time_to_global_convergence_method": "delta_threshold",
  "timeline_start_ts": 1770282394.9800928,
  "timeline_end_ts": 1770282395.120713,
  "optimization_duration_s": {
    "count": 505,
    "min": 0.0005942510324530303,
    "max": 0.05793523899046704,
    "mean": 0.005681933529587407,
    "median": 0.0024165980285033584,
    "p90": 0.014726617000997075,
    "p95": 0.02347555620362977,
    "p99": 0.03689686599886037,
    "stdev": 0.007976722778378832
  },
  "communication_uplink_messages": 43979,
  "communication_uplink_bytes": 58292238,
  "communication_downlink_messages": 0,
  "communication_downlink_bytes": 0,
  "communication_uplink_bytes_per_s": 414536637.61580455,
  "communication_downlink_bytes_per_s": 0.0,
  "delivery_topics": {
    "/c_slam/factor_batch/d": {
      "attempts": 176.0,
      "drops": 0.0,
      "delivered": 176.0,
      "delivery_rate": 1.0
    },
    "/c_slam/factor_batch/b": {
      "attempts": 50.0,
      "drops": 0.0,
      "delivered": 50.0,
      "delivery_rate": 1.0
    },
    "/c_slam/factor_batch/c": {
      "attempts": 95.0,
      "drops": 0.0,
      "delivered": 95.0,
      "delivery_rate": 1.0
    },
    "/c_slam/factor_batch/a": {
      "attempts": 233.0,
      "drops": 0.0,
      "delivered": 233.0,
      "delivery_rate": 1.0
    },
    "/c_slam/factor_batch/e": {
      "attempts": 83.0,
      "drops": 0.0,
      "delivered": 83.0,
      "delivery_rate": 1.0
    },
    "/c_slam/iface/run_5cf3e677/a": {
      "attempts": 2020.0,
      "drops": 0.0,
      "delivered": 2020.0,
      "delivery_rate": 1.0
    },
    "/c_slam/iface/run_5cf3e677/d": {
      "attempts": 10201.0,
      "drops": 0.0,
      "delivered": 8028.0,
      "delivery_rate": 0.7869816684638761
    },
    "/c_slam/iface/run_5cf3e677/e": {
      "attempts": 17473.0,
      "drops": 0.0,
      "delivered": 5207.0,
      "delivery_rate": 0.29800263263320553
    },
    "/c_slam/iface/run_5cf3e677/c": {
      "attempts": 3434.0,
      "drops": 0.0,
      "delivered": 1693.0,
      "delivery_rate": 0.4930110658124636
    },
    "/c_slam/iface/run_5cf3e677/b": {
      "attempts": 14443.0,
      "drops": 0.0,
      "delivered": 3632.0,
      "delivery_rate": 0.2514713009762515
    }
  },
  "delivery_rate": {
    "count": 10,
    "min": 0.2514713009762515,
    "max": 1.0,
    "mean": 0.7829466667885797,
    "median": 1.0,
    "p90": 1.0,
    "p95": 1.0,
    "p99": 1.0,
    "stdev": 0.29738671984963705
  },
  "estimation_metrics": {
    "a": {
      "ate": {
        "matches": 1357,
        "rmse": 2.249148559027351,
        "R": [
          [
            0.9990150247746953,
            0.04428085882564486,
            -0.002861086520477015
          ],
          [
            -0.044276612496785724,
            0.9990181369807396,
            0.0015308720850228455
          ],
          [
            0.002926065656104671,
            -0.0014026849947590889,
            0.9999947352934322
          ]
        ],
        "t": [
          -2.0678626353396083,
          6.597214138154655,
          -0.8333064975922904
        ],
        "s": 1.0
      },
      "rpe": {
        "1": {
          "count": 1356.0,
          "rmse": 0.10903792676442867,
          "mean": 0.09116379461938641,
          "pstd": 0.059819996854557266,
          "mean_dt": 1.0
        },
        "10": {
          "count": 1347.0,
          "rmse": 0.6884340474923848,
          "mean": 0.6258669058248637,
          "pstd": 0.2867613187652035,
          "mean_dt": 10.0
        },
        "50": {
          "count": 1307.0,
          "rmse": 2.444997969437159,
          "mean": 2.158202097231399,
          "pstd": 1.148990329836517,
          "mean_dt": 50.0
        }
      }
    },
    "b": {
      "ate": {
        "matches": 265,
        "rmse": 1.6214192948848616,
        "R": [
          [
            0.998944883251017,
            0.04587573306883469,
            0.0021301037552555486
          ],
          [
            -0.045873860150295286,
            0.998946816703472,
            -0.0009199744075186478
          ],
          [
            -0.002170064865910121,
            0.0008212876453384289,
            0.9999973081489173
          ]
        ],
        "t": [
          -2.759867069434776,
          6.8691936254237245,
          -0.026406034961717673
        ],
        "s": 1.0
      },
      "rpe": {
        "1": {
          "count": 264.0,
          "rmse": 0.47010914740764137,
          "mean": 0.18380481086063674,
          "pstd": 0.43268741832970475,
          "mean_dt": 1.0
        },
        "10": {
          "count": 255.0,
          "rmse": 1.0468094314709668,
          "mean": 0.883861569420874,
          "pstd": 0.5608909982496041,
          "mean_dt": 10.0
        },
        "50": {
          "count": 215.0,
          "rmse": 2.895678901339319,
          "mean": 2.7499273404357645,
          "pstd": 0.9071140622796928,
          "mean_dt": 50.0
        }
      }
    },
    "c": {
      "ate": {
        "matches": 624,
        "rmse": 2.5333903903582433,
        "R": [
          [
            0.9999681396777674,
            0.006840125882431862,
            -0.004114888491490561
          ],
          [
            -0.0068530597702580265,
            0.9999715959081522,
            -0.003137347397005996
          ],
          [
            0.004093311760687465,
            0.0031654470168871254,
            0.999986612282391
          ]
        ],
        "t": [
          -0.5200325331127402,
          2.385066673674814,
          -1.3297522741987047
        ],
        "s": 1.0
      },
      "rpe": {
        "1": {
          "count": 623.0,
          "rmse": 0.24685128698752462,
          "mean": 0.11918777422701082,
          "pstd": 0.21617084068441872,
          "mean_dt": 1.0
        },
        "10": {
          "count": 614.0,
          "rmse": 0.8480439673595844,
          "mean": 0.7070939267350632,
          "pstd": 0.46818452489309487,
          "mean_dt": 10.0
        },
        "50": {
          "count": 574.0,
          "rmse": 2.720173351386081,
          "mean": 2.4045006039479264,
          "pstd": 1.2718961857026883,
          "mean_dt": 50.0
        }
      }
    },
    "d": {
      "ate": {
        "matches": 1062,
        "rmse": 2.6309264726341217,
        "R": [
          [
            0.9989676852052605,
            0.045265374421986075,
            0.003822276034205208
          ],
          [
            -0.04526742503147738,
            0.998974802608014,
            0.0004516473171906621
          ],
          [
            -0.003797913461864165,
            -0.000624205668811148,
            0.9999925930828787
          ]
        ],
        "t": [
          -2.335400712722617,
          7.0608703050492,
          -0.022346327228083496
        ],
        "s": 1.0
      },
      "rpe": {
        "1": {
          "count": 1061.0,
          "rmse": 0.6132209489811754,
          "mean": 0.18967886247305743,
          "pstd": 0.5831482327850275,
          "mean_dt": 1.0
        },
        "10": {
          "count": 1052.0,
          "rmse": 0.9249170210011952,
          "mean": 0.6999623272019139,
          "pstd": 0.6045860040025799,
          "mean_dt": 10.0
        },
        "50": {
          "count": 1012.0,