{
  "ate": {
    "matches": 624,
    "rmse": 2.5333903903582433,
    "R": [
      [
        0.9999681396777674,
        0.006840125882431862,
        -0.004114888491490561
      ],
      [
        -0.0068530597702580265,
        0.9999715959081522,
        -0.003137347397005996
      ],
      [
        0.004093311760687465,
        0.0031654470168871254,
        0.999986612282391
      ]
    ],
    "t": [
      -0.5200325331127402,
      2.385066673674814,
      -1.3297522741987047
    ],
    "s": 1.0
  },
  "rpe": {
    "1": {
      "count": 623.0,
      "rmse": 0.24685128698752462,
      "mean": 0.11918777422701082,
      "pstd": 0.21617084068441872,
      "mean_dt": 1.0
    },
    "10": {
      "count": 614.0,
      "rmse": 0.8480439673595844,
      "mean": 0.7070939267350632,
      "pstd": 0.46818452489309487,
      "mean_dt": 10.0
    },
    "50": {
      "count": 574.0,
      "rmse": 2.720173351386081,
      "mean": 2.4045006039479264,
      "pstd": 1.2718961857026883,
      "mean_dt": 50.0
    }
  }
}