{
  "ate": {
    "matches": 265,
    "rmse": 1.6214192948848616,
    "R": [
      [
        0.998944883251017,
        0.04587573306883469,
        0.0021301037552555486
      ],
      [
        -0.045873860150295286,
        0.998946816703472,
        -0.0009199744075186478
      ],
      [
        -0.002170064865910121,
        0.0008212876453384289,
        0.9999973081489173
      ]
    ],
    "t": [
      -2.759867069434776,
      6.8691936254237245,
      -0.026406034961717673
    ],
    "s": 1.0
  },
  "rpe": {
    "1": {
      "count": 264.0,
      "rmse": 0.47010914740764137,
      "mean": 0.18380481086063674,
      "pstd": 0.43268741832970475,
      "mean_dt": 1.0
    },
    "10": {
      "count": 255.0,
      "rmse": 1.0468094314709668,
      "mean": 0.883861569420874,
      "pstd": 0.5608909982496041,
      "mean_dt": 10.0
    },
    "50": {
      "count": 215.0,
      "rmse": 2.895678901339319,
      "mean": 2.7499273404357645,
      "pstd": 0.9071140622796928,
      "mean_dt": 50.0
    }
  }
}