{
  "stats": {
    "topics": {
      "/c_slam/factor_batch/a": {
        "attempts": 230,
        "drops": 0,
        "published": 230,
        "delivered": 230,
        "delivery_rate": 1.0,
        "bytes_attempted": 2716266,
        "bytes_published": 2716266,
        "bytes_delivered": null,
        "drop_reasons": {},
        "delivery_method": "ack",
        "ack_latency_s": {
          "count": 230,
          "min": 0.0024536570417694747,
          "max": 0.03668482200009748,
          "mean": 0.006601891370044778,
          "median": 0.006644212000537664,
          "p90": 0.006841716420603916,
          "p95": 0.006989487272221594,
          "stdev": 0.00212905213611498
        }
      },
      "/c_slam/factor_batch/b": {
        "attempts": 93,
        "drops": 0,
        "published": 93,
        "delivered": 93,
        "delivery_rate": 1.0,
        "bytes_attempted": 1097940,
        "bytes_published": 1097940,
        "bytes_delivered": null,
        "drop_reasons": {},
        "delivery_method": "ack",
        "ack_latency_s": {
          "count": 93,
          "min": 0.00279840303119272,
          "max": 0.036406589031685144,
          "mean": 0.006661212390353803,
          "median": 0.006548848003149033,
          "p90": 0.006758546782657504,
          "p95": 0.006875548593234271,
          "stdev": 0.003176509783137896
        }
      },
      "/c_slam/factor_batch/c": {
        "attempts": 188,
        "drops": 0,
        "published": 188,
        "delivered": 188,
        "delivery_rate": 1.0,
        "bytes_attempted": 2217947,
        "bytes_published": 2217947,
        "bytes_delivered": null,
        "drop_reasons": {},
        "delivery_method": "ack",
        "ack_latency_s": {
          "count": 188,
          "min": 0.002620283979922533,
          "max": 0.03727688902290538,
          "mean": 0.006653350051876375,
          "median": 0.006632003001868725,
          "p90": 0.0068409391096793115,
          "p95": 0.006901645223842933,
          "stdev": 0.0023327637858048212
        }
      },
      "/c_slam/factor_batch/d": {
        "attempts": 87,
        "drops": 0,
        "published": 87,
        "delivered": 87,
        "delivery_rate": 1.0,
        "bytes_attempted": 1020837,
        "bytes_published": 1020837,
        "bytes_delivered": null,
        "drop_reasons": {},
        "delivery_method": "ack",
        "ack_latency_s": {
          "count": 87,
          "min": 0.0026000910438597202,
          "max": 0.034297100035473704,
          "mean": 0.006754451937807574,
          "median": 0.006620465021114796,
          "p90": 0.006809296004939824,
          "p95": 0.007002084201667459,
          "stdev": 0.003074354893618025
        }
      }
    },
    "generated_by": {
      "component": "ros2_factor_publisher",
      "pid": 473270
    }
  }
}