{
  "stats": {
    "topics": {
      "/c_slam/factor_batch/a": {
        "attempts": 228,
        "drops": 0,
        "published": 228,
        "delivered": 228,
        "delivery_rate": 1.0,
        "bytes_attempted": 2698459,
        "bytes_published": 2698459,
        "bytes_delivered": null,
        "drop_reasons": {},
        "delivery_method": "ack",
        "ack_latency_s": {
          "count": 228,
          "min": 0.2871472319820896,
          "max": 3.3021383290179074,
          "mean": 0.5104550062183478,
          "median": 0.44153177898260765,
          "p90": 0.6736560554825701,
          "p95": 0.740742723151925,
          "stdev": 0.3432813229589132
        }
      },
      "/c_slam/factor_batch/b": {
        "attempts": 89,
        "drops": 0,
        "published": 89,
        "delivered": 89,
        "delivery_rate": 1.0,
        "bytes_attempted": 1046973,
        "bytes_published": 1046973,
        "bytes_delivered": null,
        "drop_reasons": {},
        "delivery_method": "ack",
        "ack_latency_s": {
          "count": 89,
          "min": 0.09790784498909488,
          "max": 3.61050890898332,
          "mean": 0.6084561442316698,
          "median": 0.5798413049778901,
          "p90": 0.8711364520015196,
          "p95": 1.4393150218063941,
          "stdev": 0.5298000187236901
        }
      },
      "/c_slam/factor_batch/c": {
        "attempts": 180,
        "drops": 0,
        "published": 180,
        "delivered": 180,
        "delivery_rate": 1.0,
        "bytes_attempted": 2129891,
        "bytes_published": 2129891,
        "bytes_delivered": null,
        "drop_reasons": {},
        "delivery_method": "ack",
        "ack_latency_s": {
          "count": 180,
          "min": 0.28673668403644115,
          "max": 1.1821827460080385,
          "mean": 0.46783885475629683,
          "median": 0.45866264202049933,
          "p90": 0.6688732800888829,
          "p95": 0.6746307992347282,
          "stdev": 0.18559300916720134
        }
      },
      "/c_slam/factor_batch/d": {
        "attempts": 87,
        "drops": 0,
        "published": 87,
        "delivered": 87,
        "delivery_rate": 1.0,
        "bytes_attempted": 1024381,
        "bytes_published": 1024381,
        "bytes_delivered": null,
        "drop_reasons": {},
        "delivery_method": "ack",
        "ack_latency_s": {
          "count": 87,
          "min": 0.24222515296423808,
          "max": 2.7028761859983206,
          "mean": 0.5104701414566498,
          "median": 0.5770449939882383,
          "p90": 0.6272990657947959,
          "p95": 0.7899071293184539,
          "stdev": 0.33308873920788384
        }
      }
    },
    "generated_by": {
      "component": "ros2_factor_publisher",
      "pid": 494009
    }
  }
}