{
  "loop_closure_correction": {
    "count": 512,
    "min": 0.010435617004986852,
    "max": 0.22193898301338777,
    "mean": 0.07118338061673057,
    "median": 0.06325505001586862,
    "p90": 0.112552064092597,
    "p95": 0.14807502571202347,
    "p99": 0.18578773343644572,
    "stdev": 0.03759365685195706
  },
  "interface_correction": {
    "count": 5,
    "min": 0.00905265798792243,
    "max": 0.18488532700575888,
    "mean": 0.08001922239782289,
    "median": 0.07150790398009121,
    "p90": 0.13975854739546778,
    "p95": 0.1623219372006133,
    "p99": 0.18037264904472977,
    "stdev": 0.05739838631396134
  },
  "loop_closure_correction_stabilised": {
    "count": 512,
    "min": 0.46207141876220703,
    "max": 20.19857621192932,
    "mean": 12.72868640953675,
    "median": 14.07300889492035,
    "p90": 18.932618021965027,
    "p95": 19.44728026390076,
    "p99": 19.8867950797081,
    "stdev": 5.655996521353134
  },
  "loop_closure_correction_stabilised_params": {
    "epsilon": 0.001,
    "required": 3
  },
  "interface_correction_stabilised": {
    "count": 5,
    "min": 18.931711435317993,
    "max": 21.251560926437378,
    "mean": 19.82515926361084,
    "median": 19.596901416778564,
    "p90": 20.706498193740845,
    "p95": 20.97902956008911,
    "p99": 21.197054653167726,
    "stdev": 0.7777897415978512
  },
  "interface_correction_stabilised_params": {
    "epsilon": 0.001,
    "required": 3
  },
  "time_to_global_convergence_s": 21.1021831035614,
  "time_to_global_convergence_method": "last_map_broadcast",
  "timeline_start_ts": 1770253216.2261128,
  "timeline_end_ts": 1770253237.328296,
  "optimization_duration_s": {
    "count": 279,
    "min": 0.0007615410140715539,
    "max": 0.07273765600984916,
    "mean": 0.009874722044531083,
    "median": 0.004473629989661276,
    "p90": 0.030593655386474,
    "p95": 0.0501933646330144,
    "p99": 0.06752704598940905,
    "stdev": 0.01500142450534227
  },
  "communication_uplink_messages": 586,
  "communication_uplink_bytes": 6916975,
  "communication_downlink_messages": 279,
  "communication_downlink_bytes": 70605048,
  "communication_uplink_bytes_per_s": 327784.80624749325,
  "communication_downlink_bytes_per_s": 3345864.6270624027,
  "delivery_topics": {
    "/c_slam/factor_batch/d": {
      "attempts": 176.0,
      "drops": 0.0,
      "delivered": 176.0,
      "delivery_rate": 1.0
    },
    "/c_slam/factor_batch/b": {
      "attempts": 50.0,
      "drops": 0.0,
      "delivered": 50.0,
      "delivery_rate": 1.0
    },
    "/c_slam/factor_batch/c": {
      "attempts": 95.0,
      "drops": 0.0,
      "delivered": 95.0,
      "delivery_rate": 1.0
    },
    "/c_slam/factor_batch/a": {
      "attempts": 233.0,
      "drops": 0.0,
      "delivered": 233.0,
      "delivery_rate": 1.0
    },
    "/c_slam/factor_batch/e": {
      "attempts": 83.0,
      "drops": 51.0,
      "delivered": 32.0,
      "delivery_rate": 0.3855421686746988
    }
  },
  "delivery_rate": {
    "count": 5,
    "min": 0.3855421686746988,
    "max": 1.0,
    "mean": 0.8771084337349397,
    "median": 1.0,
    "p90": 1.0,
    "p95": 1.0,
    "p99": 1.0,
    "stdev": 0.24578313253012046
  },
  "estimation_metrics": {
    "ate": {
      "d": {
        "matches": 1062,
        "rmse": 2.159874392559768,
        "R": [
          [
            0.9999208652047067,
            0.012374285918795754,
            -0.0022672397910590784
          ],
          [
            -0.012398296927980937,
            0.9998637102560608,
            -0.010901520365060664
          ],
          [
            0.002132032259581657,
            0.010928767587614682,
            0.9999380063171215
          ]
        ],
        "t": [
          -0.746871246689139,
          1.576897786107942,
          -0.3841131649287943
        ],
        "s": 1.0
      },
      "e": {
        "matches": 216,
        "rmse": 1.1633982033373822,
        "R": [
          [
            0.9999957847685745,
            0.0028415628530167824,
            -0.0005966285573254689
          ],
          [
            -0.002842781204962056,
            0.9999938554836927,
            -0.002051241058606393
          ],
          [
            0.0005907961609368448,
            0.002052928496599743,
            0.9999977182196389
          ]
        ],
        "t": [
          0.3989549457506598,
          1.2698907203073162,
          -0.18436168880436732
        ],
        "s": 1.0
      },
      "b": {
        "matches": 265,
        "rmse": 1.2686721416194373,
        "R": [
          [
            0.9999350697852476,
            0.010139961833033057,
            -0.005199748801264461
          ],
          [
            -0.010151125296214827,
            0.9999462179748955,
            -0.0021250442165742824
          ],
          [
            0.005177921280994318,
            0.002177689538587376,
            0.9999842232752885
          ]
        ],
        "t": [
          -0.7954550558113027,
          1.560134642860472,
          -0.5588089542851202
        ],
        "s": 1.0
      },
      "c": {
        "matches": 624,
        "rmse": 1.5572501562501495,
        "R": [
          [
            0.9999547027749316,
            0.007927203852024384,
            -0.005268001270493462
          ],
          [
            -0.007968807194719391,
            0.999936853207136,
            -0.007923869641992869
          ],
          [
            0.005204854483159473,
            0.00796549039911236,
            0.9999547292015327
          ]
        ],
        "t": [
          -0.6428605578396969,
          1.2701188908689574,
          -0.9355462827973313
        ],
        "s": 1.0
      },
      "a": {
        "matches": 1357,
        "rmse": 2.1469404736632187,
        "R": [
          [
            0.9999435650818641,
            0.010499795654206234,
            0.001618932547097873
          ],
          [
            -0.010485320018522542,
            0.9999071386753766,
            -0.008704716544973332
          ],
          [
            -0.0017101799558270885,
            0.00868725026916295,
            0.9999608027154262
          ]
        ],
        "t": [
          -0.34927181428328424,
          1.5237498343033877,
          -0.3047569374489072
        ],
        "s": 1.0
      }
    },
    "rpe": {
      "d": {
        "1": {
          "count": 1061.0,
          "rmse": 0.7120269626047506,
          "mean": 0.21814031120900707,
          "pstd": 0.6777884626502464,
          "mean_dt": 1.0
        },
        "10": {
          "count": 1052.0,
          "rmse": 0.9899799053552233,
          "mean": 0.6624854014171936,
          "pstd": 0.7356448232103837,
          "mean_dt": 10.0
        },
        "50": {
          "count": 1012.0,
          "rmse": 2.2437302659065046,
          "mean": 1.8514895920096572,
          "pstd": 1.2674035650986546,
          "mean_dt": 50.0
        }
      },
      "e": {
        "1": {
          "count": 215.0,
          "rmse": 0.578318458301248,
          "mean": 0.20928157107213852,
          "pstd": 0.5391228646806864,
          "mean_dt": 1.0
        },
        "10": {
          "count": 206.0,
          "rmse": 0.958402636055085,
          "mean": 0.5484507679342725,
          "pstd": 0.7859627013730631,
          "mean_dt": 10.0
        },
        "50": {
          "count": 166.0,
          "rmse": 1.4881295082634047,
          "mean": 1.227989689802311,
          "pstd": 0.8405776318124972,
          "mean_dt": 50.0
        }
      },
      "b": {
        "1": {
          "count": 264.0,
          "rmse": 0.3831790526175507,
          "mean": 0.14958076120833175,
          "pstd": 0.3527772416713125,
          "mean_dt": 1.0
        },
        "10": {
          "count": 255.0,
          "rmse": 0.703493391749358,
          "mean": 0.5805270690295881,
          "pstd": 0.39735535023317825,
          "mean_dt": 10.0
        },
        "50": {
          "count": 215.0,
          "rmse": 2.079685912384115,