{
  "ate": {
    "d": {
      "matches": 1062,
      "rmse": 2.159874392559768,
      "R": [
        [
          0.9999208652047067,
          0.012374285918795754,
          -0.0022672397910590784
        ],
        [
          -0.012398296927980937,
          0.9998637102560608,
          -0.010901520365060664
        ],
        [
          0.002132032259581657,
          0.010928767587614682,
          0.9999380063171215
        ]
      ],
      "t": [
        -0.746871246689139,
        1.576897786107942,
        -0.3841131649287943
      ],
      "s": 1.0
    },
    "e": {
      "matches": 216,
      "rmse": 1.1633982033373822,
      "R": [
        [
          0.9999957847685745,
          0.0028415628530167824,
          -0.0005966285573254689
        ],
        [
          -0.002842781204962056,
          0.9999938554836927,
          -0.002051241058606393
        ],
        [
          0.0005907961609368448,
          0.002052928496599743,
          0.9999977182196389
        ]
      ],
      "t": [
        0.3989549457506598,
        1.2698907203073162,
        -0.18436168880436732
      ],
      "s": 1.0
    },
    "b": {
      "matches": 265,
      "rmse": 1.2686721416194373,
      "R": [
        [
          0.9999350697852476,
          0.010139961833033057,
          -0.005199748801264461
        ],
        [
          -0.010151125296214827,
          0.9999462179748955,
          -0.0021250442165742824
        ],
        [
          0.005177921280994318,
          0.002177689538587376,
          0.9999842232752885
        ]
      ],
      "t": [
        -0.7954550558113027,
        1.560134642860472,
        -0.5588089542851202
      ],
      "s": 1.0
    },
    "c": {
      "matches": 624,
      "rmse": 1.5572501562501495,
      "R": [
        [
          0.9999547027749316,
          0.007927203852024384,
          -0.005268001270493462
        ],
        [
          -0.007968807194719391,
          0.999936853207136,
          -0.007923869641992869
        ],
        [
          0.005204854483159473,
          0.00796549039911236,
          0.9999547292015327
        ]
      ],
      "t": [
        -0.6428605578396969,
        1.2701188908689574,
        -0.9355462827973313
      ],
      "s": 1.0
    },
    "a": {
      "matches": 1357,
      "rmse": 2.1469404736632187,
      "R": [
        [
          0.9999435650818641,
          0.010499795654206234,
          0.001618932547097873
        ],
        [
          -0.010485320018522542,
          0.9999071386753766,
          -0.008704716544973332
        ],
        [
          -0.0017101799558270885,
          0.00868725026916295,
          0.9999608027154262
        ]
      ],
      "t": [
        -0.34927181428328424,
        1.5237498343033877,
        -0.3047569374489072
      ],
      "s": 1.0
    }
  },
  "rpe": {
    "d": {
      "1": {
        "count": 1061.0,
        "rmse": 0.7120269626047506,
        "mean": 0.21814031120900707,
        "pstd": 0.6777884626502464,
        "mean_dt": 1.0
      },
      "10": {
        "count": 1052.0,
        "rmse": 0.9899799053552233,
        "mean": 0.6624854014171936,
        "pstd": 0.7356448232103837,
        "mean_dt": 10.0
      },
      "50": {
        "count": 1012.0,
        "rmse": 2.2437302659065046,
        "mean": 1.8514895920096572,
        "pstd": 1.2674035650986546,
        "mean_dt": 50.0
      }
    },
    "e": {
      "1": {
        "count": 215.0,
        "rmse": 0.578318458301248,
        "mean": 0.20928157107213852,
        "pstd": 0.5391228646806864,
        "mean_dt": 1.0
      },
      "10": {
        "count": 206.0,
        "rmse": 0.958402636055085,
        "mean": 0.5484507679342725,
        "pstd": 0.7859627013730631,
        "mean_dt": 10.0
      },
      "50": {
        "count": 166.0,
        "rmse": 1.4881295082634047,
        "mean": 1.227989689802311,
        "pstd": 0.8405776318124972,
        "mean_dt": 50.0
      }
    },
    "b": {
      "1": {
        "count": 264.0,
        "rmse": 0.3831790526175507,
        "mean": 0.14958076120833175,
        "pstd": 0.3527772416713125,
        "mean_dt": 1.0
      },
      "10": {
        "count": 255.0,
        "rmse": 0.703493391749358,
        "mean": 0.5805270690295881,
        "pstd": 0.39735535023317825,
        "mean_dt": 10.0
      },
      "50": {
        "count": 215.0,
        "rmse": 2.079685912384115,
        "mean": 1.965986632158836,
        "pstd": 0.6782256677107604,
        "mean_dt": 50.0
      }
    },
    "c": {
      "1": {
        "count": 623.0,
        "rmse": 0.22772057579278332,
        "mean": 0.10602394239628073,
        "pstd": 0.2015330848226834,
        "mean_dt": 1.0
      },
      "10": {
        "count": 614.0,
        "rmse": 0.5783799109557686,
        "mean": 0.5054669623798924,
        "pstd": 0.28111647290695563,
        "mean_dt": 10.0
      },
      "50": {
        "count": 574.0,
        "rmse": 1.7560285956677557,
        "mean": 1.6165982848963214,
        "pstd": 0.6857451524240905,
        "mean_dt": 50.0
      }
    },
    "a": {
      "1": {
        "count": 1356.0,
        "rmse": 0.11526893344608069,
        "mean": 0.08458985706646988,
        "pstd": 0.07830378726007561,
        "mean_dt": 1.0
      },
      "10": {
        "count": 1347.0,
        "rmse": 0.6078443678844365,
        "mean": 0.5415131219165642,
        "pstd": 0.27611286525804296,
        "mean_dt": 10.0
      },
      "50": {
        "count": 1307.0,
        "rmse": 2.241800165342784,
        "mean": 1.947850880671401,
        "pstd": 1.109749939400128,
        "mean_dt": 50.0
      }
    }
  }
}