{
  "ate": {
    "d": {
      "matches": 1062,
      "rmse": 2.3926845437593647,
      "R": [
        [
          0.9999508918038456,
          0.009907583288717582,
          -0.00023189236958515483
        ],
        [
          -0.009909256849599535,
          0.9999111733682512,
          -0.008913585250441614
        ],
        [
          0.00014355968309720415,
          0.0089154454014004,
          0.9999602463217786
        ]
      ],
      "t": [
        -0.5208579026081566,
        1.336178680850118,
        -0.08570248491345822
      ],
      "s": 1.0
    },
    "e": {
      "matches": 529,
      "rmse": 2.530733822986551,
      "R": [
        [
          0.9999937999659504,
          0.003466436036932082,
          -0.0006195569868808967
        ],
        [
          -0.003466975523781501,
          0.999993609985042,
          -0.0008718198209641953
        ],
        [
          0.0006165309202573769,
          0.0008739624045607068,
          0.9999994280395065
        ]
      ],
      "t": [
        0.6109293369576392,
        0.5435583644283355,
        -0.061052897321014044
      ],
      "s": 1.0
    },
    "b": {
      "matches": 265,
      "rmse": 1.3529526120141027,
      "R": [
        [
          0.99995820223401,
          0.009052646797362023,
          -0.0012819402829678831
        ],
        [
          -0.009054476143273026,
          0.9999579870807044,
          -0.0014284730575295362
        ],
        [
          0.0012689549628648825,
          0.0014400206482561712,
          0.9999981580452209
        ]
      ],
      "t": [
        -0.833816500066419,
        1.466949737670621,
        -0.12235841539404024
      ],
      "s": 1.0
    },
    "c": {
      "matches": 624,
      "rmse": 1.60563842288181,
      "R": [
        [
          0.9999831219904277,
          0.005307444007687249,
          -0.0023636354165255434
        ],
        [
          -0.005320215997354817,
          0.999971102423983,
          -0.005430434485849331
        ],
        [
          0.0023347453862203583,
          0.005442917881879013,
          0.9999824616506592
        ]
      ],
      "t": [
        -0.6917798209716466,
        1.1150627846413812,
        -0.6385055640839785
      ],
      "s": 1.0
    },
    "a": {
      "matches": 1357,
      "rmse": 2.0701415168960473,
      "R": [
        [
          0.999947860918951,
          0.009145212911015985,
          0.004543184392661676
        ],
        [
          -0.009115706524426715,
          0.9999374972265432,
          -0.006473448453312214
        ],
        [
          -0.004602101495410844,
          0.0064316965980488056,
          0.9999687264813316
        ]
      ],
      "t": [
        -0.4408159363913313,
        1.4052248265481566,
        0.09650145649140018
      ],
      "s": 1.0
    }
  },
  "rpe": {
    "d": {
      "1": {
        "count": 1061.0,
        "rmse": 0.7132767473240861,
        "mean": 0.22817778386457227,
        "pstd": 0.6757948040817428,
        "mean_dt": 1.0
      },
      "10": {
        "count": 1052.0,
        "rmse": 1.1087450886333832,
        "mean": 0.7722982208787665,
        "pstd": 0.795531978990247,
        "mean_dt": 10.0
      },
      "50": {
        "count": 1012.0,
        "rmse": 2.484092366246319,
        "mean": 2.09665795884903,
        "pstd": 1.3321937875693073,
        "mean_dt": 50.0
      }
    },
    "e": {
      "1": {
        "count": 528.0,
        "rmse": 0.494910203692733,
        "mean": 0.1544590760328992,
        "pstd": 0.47018985904658267,
        "mean_dt": 1.0
      },
      "10": {
        "count": 519.0,
        "rmse": 0.828253876545936,
        "mean": 0.6250831065789166,
        "pstd": 0.5433926700674397,
        "mean_dt": 10.0
      },
      "50": {
        "count": 479.0,
        "rmse": 2.3816183603324848,
        "mean": 2.0881623134985747,
        "pstd": 1.1452878095732415,
        "mean_dt": 50.0
      }
    },
    "b": {
      "1": {
        "count": 264.0,
        "rmse": 0.40551978641780717,
        "mean": 0.15549010956722056,
        "pstd": 0.3745251967533263,
        "mean_dt": 1.0
      },
      "10": {
        "count": 255.0,
        "rmse": 0.7446180464812531,
        "mean": 0.6218987426723671,
        "pstd": 0.4095094492293026,
        "mean_dt": 10.0
      },
      "50": {
        "count": 215.0,
        "rmse": 2.2384029131564933,
        "mean": 2.104203309265796,
        "pstd": 0.763397691182222,
        "mean_dt": 50.0
      }
    },
    "c": {
      "1": {
        "count": 623.0,
        "rmse": 0.2132451505814829,
        "mean": 0.10618414488984274,
        "pstd": 0.18492815259049172,
        "mean_dt": 1.0
      },
      "10": {
        "count": 614.0,
        "rmse": 0.6003952928604821,
        "mean": 0.52344749680744,
        "pstd": 0.2940701035043333,
        "mean_dt": 10.0
      },
      "50": {
        "count": 574.0,
        "rmse": 1.916407028818069,
        "mean": 1.7411987216322593,
        "pstd": 0.8005266465830381,
        "mean_dt": 50.0
      }
    },
    "a": {
      "1": {
        "count": 1356.0,
        "rmse": 0.12014531033608263,
        "mean": 0.08534895092349422,
        "pstd": 0.08456034633332916,
        "mean_dt": 1.0
      },
      "10": {
        "count": 1347.0,
        "rmse": 0.619453225914776,
        "mean": 0.5504094036854488,
        "pstd": 0.2842037780024258,
        "mean_dt": 10.0
      },
      "50": {
        "count": 1307.0,
        "rmse": 2.2170136454508715,
        "mean": 1.9404041371050613,
        "pstd": 1.0723718053086457,
        "mean_dt": 50.0
      }
    }
  }
}