{
  "loop_closure_correction": {
    "count": 0
  },
  "interface_correction": {
    "count": 0
  },
  "loop_closure_correction_stabilised": {
    "count": 0
  },
  "loop_closure_correction_stabilised_params": {
    "epsilon": 0.001,
    "required": 3
  },
  "interface_correction_stabilised": {
    "count": 27655,
    "min": 0.1360759735107422,
    "max": 129.12543535232544,
    "mean": 0.8763512660443643,
    "median": 0.6585984230041504,
    "p90": 1.4060261726379395,
    "p95": 1.5531620979309082,
    "p99": 2.014370331764221,
    "stdev": 2.260812934682197
  },
  "interface_correction_stabilised_params": {
    "epsilon": 0.001,
    "required": 3
  },
  "time_to_global_convergence_s": 0.26201367378234863,
  "time_to_global_convergence_method": "delta_threshold",
  "timeline_start_ts": 1770235300.2641912,
  "timeline_end_ts": 1770235300.5262048,
  "optimization_duration_s": {
    "count": 290,
    "min": 0.0004577169893309474,
    "max": 0.03889542497927323,
    "mean": 0.006099723334070937,
    "median": 0.0023769995023030788,
    "p90": 0.020341534639010214,
    "p95": 0.028752304892987014,
    "p99": 0.031961612481973156,
    "stdev": 0.007986608220741157
  },
  "communication_uplink_messages": 28781,
  "communication_uplink_bytes": 39893311,
  "communication_downlink_messages": 0,
  "communication_downlink_bytes": 0,
  "communication_uplink_bytes_per_s": 152256599.52823249,
  "communication_downlink_bytes_per_s": 0.0,
  "delivery_topics": {
    "/c_slam/factor_batch/a": {
      "attempts": 230.0,
      "drops": 0.0,
      "delivered": 230.0,
      "delivery_rate": 1.0
    },
    "/c_slam/factor_batch/b": {
      "attempts": 93.0,
      "drops": 0.0,
      "delivered": 91.0,
      "delivery_rate": 0.978494623655914
    },
    "/c_slam/factor_batch/c": {
      "attempts": 188.0,
      "drops": 0.0,
      "delivered": 188.0,
      "delivery_rate": 1.0
    },
    "/c_slam/factor_batch/d": {
      "attempts": 87.0,
      "drops": 0.0,
      "delivered": 85.0,
      "delivery_rate": 0.9770114942528736
    },
    "/c_slam/iface/run_f062d22d/a": {
      "attempts": 2285.0,
      "drops": 0.0,
      "delivered": 2020.0,
      "delivery_rate": 0.8840262582056893
    },
    "/c_slam/iface/run_f062d22d/c": {
      "attempts": 17443.0,
      "drops": 0.0,
      "delivered": 4308.0,
      "delivery_rate": 0.2469758642435361
    },
    "/c_slam/iface/run_f062d22d/d": {
      "attempts": 12120.0,
      "drops": 0.0,
      "delivered": 12120.0,
      "delivery_rate": 0.0
    },
    "/c_slam/iface/run_f062d22d/b": {
      "attempts": 6464.0,
      "drops": 0.0,
      "delivered": 6464.0,
      "delivery_rate": 0.0
    }
  },
  "delivery_rate": {
    "count": 8,
    "min": 0.0,
    "max": 1.0,
    "mean": 0.6358135300447516,
    "median": 0.9305188762292814,
    "p90": 1.0,
    "p95": 1.0,
    "p99": 1.0,
    "stdev": 0.43595182234365204
  },
  "estimation_metrics": {
    "a": {
      "ate": {
        "matches": 1341,
        "rmse": 2.3492360706368967,
        "R": [
          [
            0.9996625976944787,
            0.023213047692528712,
            0.011655264370679968
          ],
          [
            -0.02332863541076818,
            0.9996790171742065,
            0.009881163468125502
          ],
          [
            -0.011422151312143625,
            -0.010149730953909857,
            0.9998832518954229
          ]
        ],
        "t": [
          -1.22152531308258,
          3.5955804023822537,
          1.3004356664035597
        ],
        "s": 1.0
      },
      "rpe": {
        "1": {
          "count": 1340.0,
          "rmse": 0.19456137410733224,
          "mean": 0.0956001727816546,
          "pstd": 0.16945422762106316,
          "mean_dt": 1.0
        },
        "10": {
          "count": 1331.0,
          "rmse": 0.7802987500803613,
          "mean": 0.6275854187309106,
          "pstd": 0.46368381638064887,
          "mean_dt": 10.0
        },
        "50": {
          "count": 1291.0,
          "rmse": 2.4168737182838123,
          "mean": 2.1165759260916124,
          "pstd": 1.1667840070983386,
          "mean_dt": 50.0
        }
      }
    },
    "c": {
      "ate": {
        "matches": 1064,
        "rmse": 3.633334309176563,
        "R": [
          [
            0.9996934811948776,
            0.010658189981650435,
            0.022346065487742203
          ],
          [
            -0.010887270478879505,
            0.9998891653589895,
            0.01015501547134283
          ],
          [
            -0.0222353546854357,
            -0.010395190427238354,
            0.9996987191239141
          ]
        ],
        "t": [
          -1.4507714020278115,
          3.619217042679736,
          2.7931469818196115
        ],
        "s": 1.0
      },
      "rpe": {
        "1": {
          "count": 1063.0,
          "rmse": 1.0467143181739806,
          "mean": 0.24166060341061318,
          "pstd": 1.0184355731363874,
          "mean_dt": 1.0
        },
        "10": {
          "count": 1054.0,
          "rmse": 2.919022101354595,
          "mean": 1.1571797033415658,
          "pstd": 2.679855436841865,
          "mean_dt": 10.0
        },
        "50": {
          "count": 1014.0,
          "rmse": 4.521753189523401,
          "mean": 2.9802410679026243,
          "pstd": 3.400649215098738,
          "mean_dt": 50.0
        }
      }
    },
    "d": {
      "ate": {
        "matches": 524,
        "rmse": 4.889481874254162,
        "R": [
          [
            0.9992587376258484,
            -0.038440715588889084,
            0.0020704259006786097
          ],
          [
            0.03842505508979896,
            0.9992360030989182,
            0.007136193119905876
          ],
          [
            -0.002343164471816258,
            -0.007051347099158483,
            0.9999723936611176
          ]
        ],
        "t": [
          1.5060301970228807,
          -2.17145740713282,
          0.0871276378460415
        ],
        "s": 1.0
      },
      "rpe": {
        "1": {
          "count": 523.0,
          "rmse": 0.5523194859493291,
          "mean": 0.18499770735688637,
          "pstd": 0.5204158556693164,
          "mean_dt": 1.0
        },
        "10": {
          "count": 514.0,
          "rmse": 1.286307020605599,
          "mean": 1.0745674556785367,
          "pstd": 0.707029373120954,
          "mean_dt": 10.0
        },
        "50": {
          "count": 474.0,
          "rmse": 4.400552597143904,
          "mean": 3.842878340914004,
          "pstd": 2.1440963637775217,
          "mean_dt": 50.0
        }
      }
    }
  },
  "input_end_team_ts": 1770235357.92412,
  "input_end_method": "input_end_event",
  "input_end_per_robot_ts": {
    "d": 1770235300.2641912,
    "b": 1770235302.443128,
    "a": 1770235357.9143112,
    "c": 1770235357.92412
  },
  "time_from_input_end_to_team_convergence_s": 29.384957551956177,
  "time_from_input_end_to_team_convergence_method": "censored_end",
  "time_from_input_end_to_team_convergence_per_robot_s": {
    "d": 29.384957551956177,
    "b": 29.384957551956177,
    "c": 0.1650228500366211,
    "a": 3.941774606704712
  },
  "time_from_input_end_to_team_convergence_params": {
    "epsilon": 0.001,
    "required": 3
  },
  "time_from_input_end_to_ddf_stop_team_s": 29.384957551956177,
  "time_from_input_end_to_ddf_stop_method": "censored_end",
  "time_from_input_end_to_ddf_stop_per_robot_s": {
    "a": 29.384957551956177,
    "b": 29.384957551956177,
    "c": 19.930238008499146,
    "d": 0.0
  },
  "stable_team_convergence_s": 29.384957551956177,
  "stable_team_convergence_method": "censored_end",
  "stable_team_convergence_per_robot_s": {
    "d": 29.384957551956177,
    "b": 29.384957551956177,
    "c": 0.1650228500366211,
    "a": 3.941774606704712
  },
  "stable_team_convergence_params": {
    "epsilon": 0.001,
    "required": 3
  },
  "stable_loop_closure_correction": {
    "count": 0
  },