{
  "ate": {
    "matches": 265,
    "rmse": 1.630522285079957,
    "R": [
      [
        0.9989798564751254,
        0.04506905113584921,
        0.0028331937193531876
      ],
      [
        -0.04507012002960854,
        0.9989837763187157,
        0.0003145353942104537
      ],
      [
        -0.0028161387490362078,
        -0.0004419069039630699,
        0.9999959370321628
      ]
    ],
    "t": [
      -2.762828273691312,
      6.760824915753966,
      0.10738767824791928
    ],
    "s": 1.0
  },
  "rpe": {
    "1": {
      "count": 264.0,
      "rmse": 0.46114507727049286,
      "mean": 0.1822279446503048,
      "pstd": 0.42361274588866465,
      "mean_dt": 1.0
    },
    "10": {
      "count": 255.0,
      "rmse": 1.0493905355136266,
      "mean": 0.8944861589811243,
      "pstd": 0.5487394713493566,
      "mean_dt": 10.0
    },
    "50": {
      "count": 215.0,
      "rmse": 2.9234291252843763,
      "mean": 2.7809444567781605,
      "pstd": 0.901546326527819,
      "mean_dt": 50.0
    }
  }
}