{
  "a": {
    "ate": {
      "matches": 1357,
      "rmse": 2.197406631065673,
      "R": [
        [
          0.9991333504648093,
          0.04143889650933177,
          -0.003919929215345879
        ],
        [
          -0.04143025150883024,
          0.999138839121192,
          0.0022615082295261227
        ],
        [
          0.004010267931136258,
          -0.0020971446411815822,
          0.9999897598153066
        ]
      ],
      "t": [
        -1.9973926683248067,
        6.102010708329473,
        -0.8757635628924065
      ],
      "s": 1.0
    },
    "rpe": {
      "1": {
        "count": 1356.0,
        "rmse": 0.1077520137294741,
        "mean": 0.09096007788025201,
        "pstd": 0.057764701113874745,
        "mean_dt": 1.0
      },
      "10": {
        "count": 1347.0,
        "rmse": 0.6794740634495908,
        "mean": 0.6241481693223234,
        "pstd": 0.2685592404522522,
        "mean_dt": 10.0
      },
      "50": {
        "count": 1307.0,
        "rmse": 2.3889743473379337,
        "mean": 2.1242962171792605,
        "pstd": 1.092961121868747,
        "mean_dt": 50.0
      }
    }
  },
  "b": {
    "ate": {
      "matches": 265,
      "rmse": 1.630522285079957,
      "R": [
        [
          0.9989798564751254,
          0.04506905113584921,
          0.0028331937193531876
        ],
        [
          -0.04507012002960854,
          0.9989837763187157,
          0.0003145353942104537
        ],
        [
          -0.0028161387490362078,
          -0.0004419069039630699,
          0.9999959370321628
        ]
      ],
      "t": [
        -2.762828273691312,
        6.760824915753966,
        0.10738767824791928
      ],
      "s": 1.0
    },
    "rpe": {
      "1": {
        "count": 264.0,
        "rmse": 0.46114507727049286,
        "mean": 0.1822279446503048,
        "pstd": 0.42361274588866465,
        "mean_dt": 1.0
      },
      "10": {
        "count": 255.0,
        "rmse": 1.0493905355136266,
        "mean": 0.8944861589811243,
        "pstd": 0.5487394713493566,
        "mean_dt": 10.0
      },
      "50": {
        "count": 215.0,
        "rmse": 2.9234291252843763,
        "mean": 2.7809444567781605,
        "pstd": 0.901546326527819,
        "mean_dt": 50.0
      }
    }
  },
  "c": {
    "ate": {
      "matches": 624,
      "rmse": 2.609869218355164,
      "R": [
        [
          0.9999615541487626,
          0.005192800465754598,
          -0.0070657658973179
        ],
        [
          -0.005228111845690565,
          0.9999738916579383,
          -0.004988271144048699
        ],
        [
          0.007039678325164791,
          0.005025019980105003,
          0.999962595352085
        ]
      ],
      "t": [
        -0.7799690986268502,
        1.9568952602885332,
        -1.8337479966228916
      ],
      "s": 1.0
    },
    "rpe": {
      "1": {
        "count": 623.0,
        "rmse": 0.2546270413349732,
        "mean": 0.1202738991427592,
        "pstd": 0.2244306560254181,
        "mean_dt": 1.0
      },
      "10": {
        "count": 614.0,
        "rmse": 0.877564801777037,
        "mean": 0.7114333394094712,
        "pstd": 0.5137923558157116,
        "mean_dt": 10.0
      },
      "50": {
        "count": 574.0,
        "rmse": 2.786236546906876,
        "mean": 2.393041943099826,
        "pstd": 1.4270474252401562,
        "mean_dt": 50.0
      }
    }
  },
  "d": {
    "ate": {
      "matches": 1062,
      "rmse": 2.5755968785161603,
      "R": [
        [
          0.9992474641703055,
          0.03877156029104518,
          0.0011275911544930805
        ],
        [
          -0.03877068005293058,
          0.9992478204288706,
          -0.0007922981666911091
        ],
        [
          -0.0011574616396004356,
          0.0007479844580515205,
          0.9999990504004508
        ]
      ],
      "t": [
        -2.187641747927387,
        6.055498100708078,
        -0.4560149953345025
      ],
      "s": 1.0
    },
    "rpe": {
      "1": {
        "count": 1061.0,
        "rmse": 0.5864376724659214,
        "mean": 0.1850327803825842,
        "pstd": 0.5564818180957376,
        "mean_dt": 1.0
      },
      "10": {
        "count": 1052.0,
        "rmse": 0.8947775361520311,
        "mean": 0.6857764095883131,
        "pstd": 0.5747499936967918,
        "mean_dt": 10.0
      },
      "50": {
        "count": 1012.0,
        "rmse": 2.3133109827822698,
        "mean": 2.029458285504832,
        "pstd": 1.110273286383518,
        "mean_dt": 50.0
      }
    }
  },
  "e": {
    "ate": {
      "matches": 528,
      "rmse": 5.508511752141242,
      "R": [
        [
          0.9985056336449107,
          -0.05393578926385371,
          0.00879944406542817
        ],
        [
          0.0538926115202887,
          0.9985338532407008,
          0.005072509812855442
        ],
        [
          -0.009060132609333006,
          -0.004590704604242633,
          0.9999484183838375
        ]
      ],
      "t": [
        2.102602598261086,
        -3.6109944577859245,
        0.827374857397885
      ],
      "s": 1.0
    },
    "rpe": {
      "1": {
        "count": 527.0,
        "rmse": 0.8124001611300317,
        "mean": 0.2287245670482723,
        "pstd": 0.7795377439436023,
        "mean_dt": 1.0
      },
      "10": {
        "count": 518.0,
        "rmse": 1.415338747721236,
        "mean": 1.1411050357194952,
        "pstd": 0.8372950903096991,
        "mean_dt": 10.0
      },
      "50": {
        "count": 478.0,
        "rmse": 4.615441099131426,
        "mean": 4.066147389927989,
        "pstd": 2.1837449354110285,
        "mean_dt": 50.0
      }
    }
  }
}