{
  "stats": {
    "topics": {
      "/c_slam/factor_batch/d": {
        "attempts": 176,
        "drops": 0,
        "published": 176,
        "delivered": 176,
        "delivery_rate": 1.0,
        "bytes_attempted": 2081737,
        "bytes_published": 2081737,
        "bytes_delivered": null,
        "drop_reasons": {},
        "delivery_method": "ack",
        "ack_latency_s": {
          "count": 176,
          "min": 0.002675504016224295,
          "max": 0.05205588502576575,
          "mean": 0.007422663176178255,
          "median": 0.0067022659932263196,
          "p90": 0.007031960965832695,
          "p95": 0.01161389700428117,
          "stdev": 0.004145506728111928
        }
      },
      "/c_slam/factor_batch/b": {
        "attempts": 50,
        "drops": 0,
        "published": 50,
        "delivered": 50,
        "delivery_rate": 1.0,
        "bytes_attempted": 583588,
        "bytes_published": 583588,
        "bytes_delivered": null,
        "drop_reasons": {},
        "delivery_method": "ack",
        "ack_latency_s": {
          "count": 50,
          "min": 0.0035911170416511595,
          "max": 0.05134728201664984,
          "mean": 0.00729530125274323,
          "median": 0.0065297705004923046,
          "p90": 0.006821931863669306,
          "p95": 0.006899854840594344,
          "stdev": 0.006320716275584844
        }
      },
      "/c_slam/factor_batch/c": {
        "attempts": 95,
        "drops": 0,
        "published": 95,
        "delivered": 95,
        "delivery_rate": 1.0,
        "bytes_attempted": 1118207,
        "bytes_published": 1118207,
        "bytes_delivered": null,
        "drop_reasons": {},
        "delivery_method": "ack",
        "ack_latency_s": {
          "count": 95,
          "min": 0.0031526819802820683,
          "max": 0.051283542008604854,
          "mean": 0.0068233404676184845,
          "median": 0.0065689400071278214,
          "p90": 0.006906422984320671,
          "p95": 0.0069886582205072045,
          "stdev": 0.004657905056542971
        }
      },
      "/c_slam/factor_batch/a": {
        "attempts": 233,
        "drops": 0,
        "published": 233,
        "delivered": 233,
        "delivery_rate": 1.0,
        "bytes_attempted": 2756188,
        "bytes_published": 2756188,
        "bytes_delivered": null,
        "drop_reasons": {},
        "delivery_method": "ack",
        "ack_latency_s": {
          "count": 233,
          "min": 0.0031775389797985554,
          "max": 0.054537906020414084,
          "mean": 0.008257385169689508,
          "median": 0.006691420974675566,
          "p90": 0.01165893260622397,
          "p95": 0.01948860298143698,
          "stdev": 0.005477971788279075
        }
      },
      "/c_slam/factor_batch/e": {
        "attempts": 83,
        "drops": 0,
        "published": 83,
        "delivered": 83,
        "delivery_rate": 1.0,
        "bytes_attempted": 981504,
        "bytes_published": 981504,
        "bytes_delivered": null,
        "drop_reasons": {},
        "delivery_method": "ack",
        "ack_latency_s": {
          "count": 83,
          "min": 0.0037918539601378143,
          "max": 0.05158571997890249,
          "mean": 0.007049301639199257,
          "median": 0.006585269991774112,
          "p90": 0.006937709043268114,
          "p95": 0.006980633008060976,
          "stdev": 0.004951053181124567
        }
      }
    },
    "generated_by": {
      "component": "ros2_factor_publisher",
      "pid": 507014
    }
  }
}