{
  "loop_closure_correction": {
    "count": 709,
    "min": 0.014607304008677602,
    "max": 0.4967758489656262,
    "mean": 0.10032364513136562,
    "median": 0.08854441897710785,
    "p90": 0.16656307522207503,
    "p95": 0.22717781940009446,
    "p99": 0.34969874646048993,
    "stdev": 0.06444218736901103
  },
  "interface_correction": {
    "count": 5,
    "min": 0.020692495978437364,
    "max": 0.35458496800856665,
    "mean": 0.154272774385754,
    "median": 0.16068540496053174,
    "p90": 0.2773831719881855,
    "p95": 0.315984069998376,
    "p99": 0.3468647884065285,
    "stdev": 0.11360964262171504
  },
  "loop_closure_correction_stabilised": {
    "count": 709,
    "min": 0.4140503406524658,
    "max": 25.24102473258972,
    "mean": 15.1372084469654,
    "median": 16.12198305130005,
    "p90": 24.19957857131958,
    "p95": 24.498102235794068,
    "p99": 25.089892320632934,
    "stdev": 7.673179111723625
  },
  "loop_closure_correction_stabilised_params": {
    "epsilon": 0.001,
    "required": 3
  },
  "interface_correction_stabilised": {
    "count": 5,
    "min": 24.199166774749756,
    "max": 26.52035427093506,
    "mean": 25.0126690864563,
    "median": 24.90493416786194,
    "p90": 25.874544620513916,
    "p95": 26.197449445724487,
    "p99": 26.455773305892944,
    "stdev": 0.7984919290438196
  },
  "interface_correction_stabilised_params": {
    "epsilon": 0.001,
    "required": 3
  },
  "time_to_global_convergence_s": 26.328492879867554,
  "time_to_global_convergence_method": "last_map_broadcast",
  "timeline_start_ts": 1770225651.1041434,
  "timeline_end_ts": 1770225677.4326363,
  "optimization_duration_s": {
    "count": 297,
    "min": 0.000776449975091964,
    "max": 0.10868359595770016,
    "mean": 0.012690241712769525,
    "median": 0.005767674010712653,
    "p90": 0.04033120478270581,
    "p95": 0.061675958021078246,
    "p99": 0.08077184847090402,
    "stdev": 0.01887145797316096
  },
  "communication_uplink_messages": 664,
  "communication_uplink_bytes": 7848142,
  "communication_downlink_messages": 297,
  "communication_downlink_bytes": 87491695,
  "communication_uplink_bytes_per_s": 298085.5013543593,
  "communication_downlink_bytes_per_s": 3323080.2613430917,
  "delivery_topics": {
    "/c_slam/factor_batch/d": {
      "attempts": 171.0,
      "drops": 0.0,
      "delivered": 171.0,
      "delivery_rate": 1.0
    },
    "/c_slam/factor_batch/b": {
      "attempts": 36.0,
      "drops": 0.0,
      "delivered": 36.0,
      "delivery_rate": 1.0
    },
    "/c_slam/factor_batch/c": {
      "attempts": 126.0,
      "drops": 0.0,
      "delivered": 126.0,
      "delivery_rate": 1.0
    },
    "/c_slam/factor_batch/a": {
      "attempts": 243.0,
      "drops": 0.0,
      "delivered": 243.0,
      "delivery_rate": 1.0
    },
    "/c_slam/factor_batch/e": {
      "attempts": 88.0,
      "drops": 0.0,
      "delivered": 88.0,
      "delivery_rate": 1.0
    }
  },
  "delivery_rate": {
    "count": 5,
    "min": 1.0,
    "max": 1.0,
    "mean": 1.0,
    "median": 1.0,
    "p90": 1.0,
    "p95": 1.0,
    "p99": 1.0,
    "stdev": 0.0
  },
  "estimation_metrics": {
    "ate": {
      "d": {
        "matches": 1063,
        "rmse": 2.5367039722565434,
        "R": [
          [
            0.9999800345029779,
            0.00572187637253843,
            0.002681552945807914
          ],
          [
            -0.005703079666931395,
            0.9999594766322148,
            -0.006965628165482941
          ],
          [
            -0.0027213007434716274,
            0.006950195983173493,
            0.9999721442610585
          ]
        ],
        "t": [
          -0.5310437521397091,
          -0.16760115299155842,
          -0.15381987560858068
        ],
        "s": 1.0
      },
      "b": {
        "matches": 188,
        "rmse": 0.9138656037571714,
        "R": [
          [
            0.9999914126455491,
            0.004088921197061283,
            -0.0006748026403840673
          ],
          [
            -0.004089275750457163,
            0.9999915011277393,
            -0.0005248772503556737
          ],
          [
            0.0006726507236077938,
            0.000527632197122381,
            0.9999996345725676
          ]
        ],
        "t": [
          -0.556481533529201,
          0.25755560520472986,
          -0.12325142338857198
        ],
        "s": 1.0
      },
      "c": {
        "matches": 703,
        "rmse": 1.7260630647717492,
        "R": [
          [
            0.9999940256888362,
            0.0029614943815580393,
            0.0017827332005323493
          ],
          [
            -0.0029488725904069793,
            0.9999708603062737,
            -0.007041497623121201
          ],
          [
            -0.0018035346078815124,
            0.007036198501952286,
            0.9999736192388072
          ]
        ],
        "t": [
          0.20448237416081838,
          -0.057539735733648456,
          -0.16575926877769964
        ],
        "s": 1.0
      },
      "e": {
        "matches": 533,
        "rmse": 2.4515755318120385,
        "R": [
          [
            0.9999864509127939,
            0.004059819976808781,
            0.003258197751959988
          ],
          [
            -0.004049255187001967,
            0.9999865444538896,
            -0.003242598279167813
          ],
          [
            -0.0032713182764004273,
            0.0032293610707735503,
            0.9999894347960928
          ]
        ],
        "t": [
          0.4550131255642782,
          0.31923081304133305,
          0.21755147218534177
        ],
        "s": 1.0
      },
      "a": {
        "matches": 1350,
        "rmse": 1.8840429532693672,
        "R": [
          [
            0.9999943885401967,
            0.0030813364159216817,
            0.0013146307504092233
          ],
          [
            -0.003073555268572486,
            0.999977986791182,
            -0.005880407389329809
          ],
          [
            -0.0013327213245971949,
            0.005876333801390951,
            0.9999818461126807
          ]
        ],
        "t": [
          0.07912035631456149,
          -0.1123810801949432,
          -0.12441677661622919
        ],
        "s": 1.0
      }
    },
    "rpe": {
      "d": {
        "1": {
          "count": 1062.0,
          "rmse": 0.7522395558887944,
          "mean": 0.20479490140265774,
          "pstd": 0.7238255299471319,
          "mean_dt": 1.0
        },
        "10": {
          "count": 1053.0,
          "rmse": 1.2741677680474988,
          "mean": 0.7388367971650124,
          "pstd": 1.0380865514426485,
          "mean_dt": 10.0
        },
        "50": {
          "count": 1013.0,
          "rmse": 2.7314555169441137,
          "mean": 2.064841943955115,
          "pstd": 1.7880931148930983,
          "mean_dt": 50.0
        }
      },
      "b": {
        "1": {
          "count": 187.0,
          "rmse": 0.3688856644237889,
          "mean": 0.19017953570280724,
          "pstd": 0.3160828651117375,
          "mean_dt": 1.0
        },
        "10": {
          "count": 178.0,
          "rmse": 0.6163031142936367,
          "mean": 0.5229254732732955,
          "pstd": 0.3261571371132868,
          "mean_dt": 10.0
        },
        "50": {
          "count": 138.0,
          "rmse": 1.595052836557249,
          "mean": 1.4630787386205524,
          "pstd": 0.6352906075221157,
          "mean_dt": 50.0
        }
      },
      "c": {
        "1": {
          "count": 702.0,
          "rmse": 1.6474293092764565,
          "mean": 0.7514110767557671,
          "pstd": 1.4660848279659124,
          "mean_dt": 1.0
        },
        "10": {
          "count": 693.0,
          "rmse": 1.6408719654637804,
          "mean": 1.0015627258142175,
          "pstd": 1.2997434028701835,
          "mean_dt": 10.0
        },
        "50": {
          "count": 653.0,
          "rmse": 1.9886026334718907,
          "mean": 1.7040708113721554,