{
  "ate": {
    "matches": 187,
    "rmse": 15.382239644239137,
    "R": [
      [
        0.9997997346104446,
        0.015334454116631912,
        0.012858662054411699
      ],
      [
        -0.0154744193692246,
        0.999821318190469,
        0.010856981028725995
      ],
      [
        -0.012689878567977528,
        -0.011053787080347953,
        0.9998583803584945
      ]
    ],
    "t": [
      3.142007136329397,
      3.799660856124261,
      -0.4457829137411764
    ],
    "s": 1.0
  },
  "rpe": {
    "1": {
      "count": 186.0,
      "rmse": 15.017397019695013,
      "mean": 3.7707620355279943,
      "pstd": 14.53628449496519,
      "mean_dt": 1.0
    },
    "10": {
      "count": 177.0,
      "rmse": 19.905123229193904,
      "mean": 8.479574698282736,
      "pstd": 18.008629700941658,
      "mean_dt": 10.0
    },
    "50": {
      "count": 137.0,
      "rmse": 19.536731731538396,
      "mean": 9.440506930969994,
      "pstd": 17.104406322243594,
      "mean_dt": 50.0
    }
  }
}