{
  "a": {
    "ate": {
      "matches": 1350,
      "rmse": 2.1205317763324274,
      "R": [
        [
          0.999872681836374,
          0.014890545882207113,
          0.00573513388382225
        ],
        [
          -0.014901887496676963,
          0.9998870788234874,
          0.001939935789546203
        ],
        [
          -0.0057055995628738695,
          -0.002025153120399109,
          0.999981672276281
        ]
      ],
      "t": [
        -1.2822191085774222,
        2.2406393949942967,
        -0.12314349514373113
      ],
      "s": 1.0
    },
    "rpe": {
      "1": {
        "count": 1349.0,
        "rmse": 0.15331944327875605,
        "mean": 0.09559505207007829,
        "pstd": 0.11986841830535154,
        "mean_dt": 1.0
      },
      "10": {
        "count": 1340.0,
        "rmse": 0.7085415852250381,
        "mean": 0.6322133649354382,
        "pstd": 0.31990223379998545,
        "mean_dt": 10.0
      },
      "50": {
        "count": 1300.0,
        "rmse": 2.342533125708894,
        "mean": 2.0982501380632463,
        "pstd": 1.0415410712790167,
        "mean_dt": 50.0
      }
    }
  },
  "b": {
    "ate": {
      "matches": 187,
      "rmse": 15.382239644239137,
      "R": [
        [
          0.9997997346104446,
          0.015334454116631912,
          0.012858662054411699
        ],
        [
          -0.0154744193692246,
          0.999821318190469,
          0.010856981028725995
        ],
        [
          -0.012689878567977528,
          -0.011053787080347953,
          0.9998583803584945
        ]
      ],
      "t": [
        3.142007136329397,
        3.799660856124261,
        -0.4457829137411764
      ],
      "s": 1.0
    },
    "rpe": {
      "1": {
        "count": 186.0,
        "rmse": 15.017397019695013,
        "mean": 3.7707620355279943,
        "pstd": 14.53628449496519,
        "mean_dt": 1.0
      },
      "10": {
        "count": 177.0,
        "rmse": 19.905123229193904,
        "mean": 8.479574698282736,
        "pstd": 18.008629700941658,
        "mean_dt": 10.0
      },
      "50": {
        "count": 137.0,
        "rmse": 19.536731731538396,
        "mean": 9.440506930969994,
        "pstd": 17.104406322243594,
        "mean_dt": 50.0
      }
    }
  },
  "c": {
    "ate": {
      "matches": 703,
      "rmse": 1.8872264331778268,
      "R": [
        [
          0.9999766417137558,
          0.006126562827343207,
          -0.0030300585476395097
        ],
        [
          -0.006133342279496411,
          0.9999786972576536,
          -0.002233191297000621
        ],
        [
          0.003016312212296424,
          0.0022517235196786584,
          0.9999929157758214
        ]
      ],
      "t": [
        -0.45643929423458474,
        1.9011408970464387,
        -1.0383495189084875
      ],
      "s": 1.0
    },
    "rpe": {
      "1": {
        "count": 702.0,
        "rmse": 0.8559063227459366,
        "mean": 0.3982212785065647,
        "pstd": 0.7576248719921151,
        "mean_dt": 1.0
      },
      "10": {
        "count": 693.0,
        "rmse": 1.0255692809935157,
        "mean": 0.7947294882608533,
        "pstd": 0.6482263421106851,
        "mean_dt": 10.0
      },
      "50": {
        "count": 653.0,
        "rmse": 2.0709555907520336,
        "mean": 1.8921801245341185,
        "pstd": 0.8417312131465438,
        "mean_dt": 50.0
      }
    }
  },
  "d": {
    "ate": {
      "matches": 1062,
      "rmse": 6.054759868700601,
      "R": [
        [
          0.9935126952890141,
          0.11280625498318692,
          -0.014396983580823312
        ],
        [
          -0.11295896687203306,
          0.9935465431292533,
          -0.010273190308432906
        ],
        [
          0.013145193142791722,
          0.01183281338391156,
          0.9998435819790312
        ]
      ],
      "t": [
        -4.765808652802647,
        13.99536445964116,
        -3.3592544152363253
      ],
      "s": 1.0
    },
    "rpe": {
      "1": {
        "count": 1061.0,
        "rmse": 1.7690908458851005,
        "mean": 0.36736372005049855,
        "pstd": 1.7305277571264557,
        "mean_dt": 1.0
      },
      "10": {
        "count": 1052.0,
        "rmse": 3.6243488584073806,
        "mean": 1.7490766440565921,
        "pstd": 3.174371676514051,
        "mean_dt": 10.0
      },
      "50": {
        "count": 1012.0,
        "rmse": 6.565751197012885,
        "mean": 4.943107585559096,
        "pstd": 4.321432190682186,
        "mean_dt": 50.0
      }
    }
  },
  "e": {
    "ate": {
      "matches": 533,
      "rmse": 5.036880742481791,
      "R": [
        [
          0.9992882736723377,
          -0.03752849683256875,
          0.003815498191054933
        ],
        [
          0.037505587121980384,
          0.9992789508478932,
          0.005908411543616217
        ],
        [
          -0.00403448083321953,
          -0.005761103871747601,
          0.9999752660174077
        ]
      ],
      "t": [
        1.941430238636059,
        -2.2846412830584484,
        0.19845354399768755
      ],
      "s": 1.0
    },
    "rpe": {
      "1": {
        "count": 532.0,
        "rmse": 0.9712500036749425,
        "mean": 0.2840309507580658,
        "pstd": 0.9287911437185677,
        "mean_dt": 1.0
      },
      "10": {
        "count": 523.0,
        "rmse": 1.5536907036682799,
        "mean": 1.2215298964658656,
        "pstd": 0.9601143237684391,
        "mean_dt": 10.0
      },
      "50": {
        "count": 483.0,
        "rmse": 4.587204834254532,
        "mean": 4.1066920860157845,
        "pstd": 2.0439002671518645,
        "mean_dt": 50.0
      }
    }
  }
}