{
  "ate": {
    "matches": 703,
    "rmse": 1.8872264331778268,
    "R": [
      [
        0.9999766417137558,
        0.006126562827343207,
        -0.0030300585476395097
      ],
      [
        -0.006133342279496411,
        0.9999786972576536,
        -0.002233191297000621
      ],
      [
        0.003016312212296424,
        0.0022517235196786584,
        0.9999929157758214
      ]
    ],
    "t": [
      -0.45643929423458474,
      1.9011408970464387,
      -1.0383495189084875
    ],
    "s": 1.0
  },
  "rpe": {
    "1": {
      "count": 702.0,
      "rmse": 0.8559063227459366,
      "mean": 0.3982212785065647,
      "pstd": 0.7576248719921151,
      "mean_dt": 1.0
    },
    "10": {
      "count": 693.0,
      "rmse": 1.0255692809935157,
      "mean": 0.7947294882608533,
      "pstd": 0.6482263421106851,
      "mean_dt": 10.0
    },
    "50": {
      "count": 653.0,
      "rmse": 2.0709555907520336,
      "mean": 1.8921801245341185,
      "pstd": 0.8417312131465438,
      "mean_dt": 50.0
    }
  }
}