{
  "ate": {
    "matches": 1350,
    "rmse": 2.1205317763324274,
    "R": [
      [
        0.999872681836374,
        0.014890545882207113,
        0.00573513388382225
      ],
      [
        -0.014901887496676963,
        0.9998870788234874,
        0.001939935789546203
      ],
      [
        -0.0057055995628738695,
        -0.002025153120399109,
        0.999981672276281
      ]
    ],
    "t": [
      -1.2822191085774222,
      2.2406393949942967,
      -0.12314349514373113
    ],
    "s": 1.0
  },
  "rpe": {
    "1": {
      "count": 1349.0,
      "rmse": 0.15331944327875605,
      "mean": 0.09559505207007829,
      "pstd": 0.11986841830535154,
      "mean_dt": 1.0
    },
    "10": {
      "count": 1340.0,
      "rmse": 0.7085415852250381,
      "mean": 0.6322133649354382,
      "pstd": 0.31990223379998545,
      "mean_dt": 10.0
    },
    "50": {
      "count": 1300.0,
      "rmse": 2.342533125708894,
      "mean": 2.0982501380632463,
      "pstd": 1.0415410712790167,
      "mean_dt": 50.0
    }
  }
}