{
  "ate": {
    "a": {
      "matches": 1355,
      "rmse": 1.5150730145367846,
      "R": [
        [
          0.9999967608718787,
          0.001969915311795304,
          -0.0016117318057171613
        ],
        [
          -0.001974602425188039,
          0.9999938114027977,
          -0.0029117179410703756
        ],
        [
          0.001605985993602468,
          0.0029148910391752422,
          0.9999944620942747
        ]
      ],
      "t": [
        -1.0779366570349111,
        0.5339618579485617,
        -0.4890607613316993
      ],
      "s": 1.0
    },
    "c": {
      "matches": 1062,
      "rmse": 1.8412722289977739,
      "R": [
        [
          0.9999940134373817,
          0.003420054387237825,
          -0.0005256590017602334
        ],
        [
          -0.0034237067231601428,
          0.9999688498743955,
          -0.007111786916948609
        ],
        [
          0.0005013199293698878,
          0.007113544044049312,
          0.9999745727614586
        ]
      ],
      "t": [
        -1.057412186811149,
        0.435708380069471,
        -0.4401572810806442
      ],
      "s": 1.0
    },
    "b": {
      "matches": 607,
      "rmse": 1.704795940158855,
      "R": [
        [
          0.9999942262781024,
          0.0028691579573060133,
          -0.0018208083576498227
        ],
        [
          -0.002879134008935243,
          0.9999807292831311,
          -0.005500149973902468
        ],
        [
          0.0018049924703034865,
          0.005505360568832385,
          0.9999832163627494
        ]
      ],
      "t": [
        -0.9285779418880651,
        0.4840657604029275,
        -0.5592958311001768
      ],
      "s": 1.0
    },
    "d": {
      "matches": 284,
      "rmse": 2.9642166443991558,
      "R": [
        [
          0.9997835408552611,
          0.01984848832817184,
          0.006237703584057706
        ],
        [
          -0.019857871924909776,
          0.9998017673371131,
          0.0014460125170306856
        ],
        [
          -0.006207765904899264,
          -0.0015695670332757199,
          0.9999794998407707
        ]
      ],
      "t": [
        -0.2242593943377642,
        2.0778772895561666,
        0.5261618855782091
      ],
      "s": 1.0
    }
  },
  "rpe": {
    "a": {
      "1": {
        "count": 1354.0,
        "rmse": 0.1730817199106254,
        "mean": 0.08690578836102118,
        "pstd": 0.14968188172444113,
        "mean_dt": 1.0
      },
      "10": {
        "count": 1345.0,
        "rmse": 0.6149413025027353,
        "mean": 0.49737301250884947,
        "pstd": 0.3616253474960409,
        "mean_dt": 10.0
      },
      "50": {
        "count": 1305.0,
        "rmse": 1.673286304403748,
        "mean": 1.5168753927785659,
        "pstd": 0.7063824030141329,
        "mean_dt": 50.0
      }
    },
    "c": {
      "1": {
        "count": 1061.0,
        "rmse": 0.5515472695892757,
        "mean": 0.20213325317097444,
        "pstd": 0.5131730103521658,
        "mean_dt": 1.0
      },
      "10": {
        "count": 1052.0,
        "rmse": 0.8264458397444686,
        "mean": 0.6155548819502221,
        "pstd": 0.5514570820455456,
        "mean_dt": 10.0
      },
      "50": {
        "count": 1012.0,
        "rmse": 1.886701682621445,
        "mean": 1.6356292091273015,
        "pstd": 0.9404043435970462,
        "mean_dt": 50.0
      }
    },
    "b": {
      "1": {
        "count": 606.0,
        "rmse": 0.10360126149218749,
        "mean": 0.08543805695907668,
        "pstd": 0.05859658527448653,
        "mean_dt": 1.0
      },
      "10": {
        "count": 597.0,
        "rmse": 0.6233247644592524,
        "mean": 0.5525076670027016,
        "pstd": 0.2885637535994674,
        "mean_dt": 10.0
      },
      "50": {
        "count": 557.0,
        "rmse": 1.9982599608654987,
        "mean": 1.863757028314091,
        "pstd": 0.7207306089018408,
        "mean_dt": 50.0
      }
    },
    "d": {
      "1": {
        "count": 283.0,
        "rmse": 0.8768613798839028,
        "mean": 0.29048411351142694,
        "pstd": 0.827348088369933,
        "mean_dt": 1.0
      },
      "10": {
        "count": 274.0,
        "rmse": 1.4267354766643434,
        "mean": 1.0438580787422762,
        "pstd": 0.9725916058742821,
        "mean_dt": 10.0
      },
      "50": {
        "count": 234.0,
        "rmse": 3.475472125109277,
        "mean": 3.1901302891167647,
        "pstd": 1.3791211806332986,
        "mean_dt": 50.0
      }
    }
  }
}