{
  "loop_closure_correction": {
    "count": 0
  },
  "interface_correction": {
    "count": 0
  },
  "loop_closure_correction_stabilised": {
    "count": 0
  },
  "loop_closure_correction_stabilised_params": {
    "epsilon": 0.001,
    "required": 3
  },
  "interface_correction_stabilised": {
    "count": 18927,
    "min": 0.10541081428527832,
    "max": 4.754924774169922,
    "mean": 1.3200687655696162,
    "median": 0.996607780456543,
    "p90": 2.729856252670288,
    "p95": 3.3828684806823732,
    "p99": 4.594623379707337,
    "stdev": 0.9919291963802065
  },
  "interface_correction_stabilised_params": {
    "epsilon": 0.001,
    "required": 3
  },
  "time_to_global_convergence_s": 0.20136094093322754,
  "time_to_global_convergence_method": "delta_threshold",
  "timeline_start_ts": 1770224975.766207,
  "timeline_end_ts": 1770224975.967568,
  "optimization_duration_s": {
    "count": 303,
    "min": 0.0009218920022249222,
    "max": 0.032492436992470175,
    "mean": 0.0057441254911741405,
    "median": 0.0021799440146423876,
    "p90": 0.020239534205757085,
    "p95": 0.026650742895435526,
    "p99": 0.030286050059366982,
    "stdev": 0.007509973662255046
  },
  "communication_uplink_messages": 21821,
  "communication_uplink_bytes": 30592694,
  "communication_downlink_messages": 0,
  "communication_downlink_bytes": 0,
  "communication_uplink_bytes_per_s": 151929633.71255162,
  "communication_downlink_bytes_per_s": 0.0,
  "delivery_topics": {
    "/c_slam/factor_batch/a": {
      "attempts": 221.0,
      "drops": 0.0,
      "delivered": 221.0,
      "delivery_rate": 1.0
    },
    "/c_slam/factor_batch/c": {
      "attempts": 182.0,
      "drops": 0.0,
      "delivered": 182.0,
      "delivery_rate": 1.0
    },
    "/c_slam/factor_batch/b": {
      "attempts": 94.0,
      "drops": 0.0,
      "delivered": 94.0,
      "delivery_rate": 1.0
    },
    "/c_slam/iface/run_4378ede3/a": {
      "attempts": 2828.0,
      "drops": 0.0,
      "delivered": 2648.0,
      "delivery_rate": 0.9363507779349364
    },
    "/c_slam/iface/run_4378ede3/c": {
      "attempts": 12423.0,
      "drops": 0.0,
      "delivered": 5202.0,
      "delivery_rate": 0.41873943491910165
    },
    "/c_slam/iface/run_4378ede3/b": {
      "attempts": 11312.0,
      "drops": 0.0,
      "delivered": 2200.0,
      "delivery_rate": 0.19448373408769448
    }
  },
  "delivery_rate": {
    "count": 6,
    "min": 0.19448373408769448,
    "max": 1.0,
    "mean": 0.7582623244902887,
    "median": 0.9681753889674682,
    "p90": 1.0,
    "p95": 1.0,
    "p99": 1.0,
    "stdev": 0.32663662278642464
  },
  "estimation_metrics": {
    "a": {
      "ate": {
        "matches": 1347,
        "rmse": 2.7111220508080347,
        "R": [
          [
            0.9992697543055493,
            0.0370652220976137,
            -0.009280487108984893
          ],
          [
            -0.03714885854584769,
            0.9992691426112252,
            -0.00900793726473096
          ],
          [
            0.008939823201051262,
            0.009346118760175715,
            0.9999163613149126
          ]
        ],
        "t": [
          -3.3737534257310955,
          4.181805403893314,
          -2.59229655391756
        ],
        "s": 1.0
      },
      "rpe": {
        "1": {
          "count": 1346.0,
          "rmse": 0.15144023299426754,
          "mean": 0.10584206685541708,
          "pstd": 0.10831251568092874,
          "mean_dt": 1.0
        },
        "10": {
          "count": 1337.0,
          "rmse": 0.8708048959091061,
          "mean": 0.7667823182173271,
          "pstd": 0.41272998825931145,
          "mean_dt": 10.0
        },
        "50": {
          "count": 1297.0,
          "rmse": 2.9360158769154507,
          "mean": 2.6114338194971207,
          "pstd": 1.3418653568396086,
          "mean_dt": 50.0
        }
      }
    },
    "b": {
      "ate": {
        "matches": 617,
        "rmse": 4.621593030847457,
        "R": [
          [
            0.9998993106271179,
            -0.0021958366094775215,
            -0.0140195188576317
          ],
          [
            0.002260049290830541,
            0.9999870216656207,
            0.004566035208424975
          ],
          [
            0.014009310640357295,
            -0.004597260260855281,
            0.9998912962984906
          ]
        ],
        "t": [
          -3.94647353815337,
          -1.4592814222647519,
          -5.6444530810362945
        ],
        "s": 1.0
      },
      "rpe": {
        "1": {
          "count": 616.0,
          "rmse": 0.3197923668071388,
          "mean": 0.1543107237144868,
          "pstd": 0.2800988368680294,
          "mean_dt": 1.0
        },
        "10": {
          "count": 607.0,
          "rmse": 1.3258447215721776,
          "mean": 1.0422738121066366,
          "pstd": 0.8194690514702216,
          "mean_dt": 10.0
        },
        "50": {
          "count": 567.0,
          "rmse": 4.614231173178884,
          "mean": 3.636799261038729,
          "pstd": 2.8398627527477345,
          "mean_dt": 50.0
        }
      }
    },
    "c": {
      "ate": {
        "matches": 1070,
        "rmse": 3.2852108867152725,
        "R": [
          [
            0.9992292125564235,
            0.0388114166324326,
            -0.00588682536297367
          ],
          [
            -0.03887878027510727,
            0.9991743028140969,
            -0.011796314690758317
          ],
          [
            0.005424132943647245,
            0.012016094829319188,
            0.9999130923469611
          ]
        ],
        "t": [
          -3.4439510526504478,
          5.138103136755177,
          -2.1214249308483604
        ],
        "s": 1.0
      },
      "rpe": {
        "1": {
          "count": 1069.0,
          "rmse": 0.8695658407972512,
          "mean": 0.2452490981623694,
          "pstd": 0.8342647249716215,
          "mean_dt": 1.0
        },
        "10": {
          "count": 1060.0,
          "rmse": 1.2990582996537718,
          "mean": 0.9272727908822388,
          "pstd": 0.9097898862862854,
          "mean_dt": 10.0
        },
        "50": {
          "count": 1020.0,
          "rmse": 3.0091096618590787,
          "mean": 2.667781348819027,
          "pstd": 1.3920070517015994,
          "mean_dt": 50.0
        }
      }
    }
  },
  "input_end_team_ts": 1770224975.7723477,
  "input_end_method": "input_end_event",
  "input_end_per_robot_ts": {
    "a": 1770224975.766207,
    "c": 1770224975.7684057,
    "b": 1770224975.7723477
  },
  "time_from_input_end_to_team_convergence_s": 18.1602144241333,
  "time_from_input_end_to_team_convergence_method": "stable_window",
  "time_from_input_end_to_team_convergence_per_robot_s": {
    "c": 3.4602019786834717,
    "b": 0.7722089290618896,
    "a": 18.1602144241333
  },
  "time_from_input_end_to_team_convergence_params": {
    "epsilon": 0.001,
    "required": 3
  },
  "time_from_input_end_to_ddf_stop_team_s": 26.492515802383423,
  "time_from_input_end_to_ddf_stop_method": "ddf_stop_event",
  "time_from_input_end_to_ddf_stop_per_robot_s": {
    "a": 26.492515802383423,
    "b": 10.729164838790894,
    "c": 18.01836395263672
  },
  "stable_team_convergence_s": 18.1602144241333,
  "stable_team_convergence_method": "stable_window",
  "stable_team_convergence_per_robot_s": {
    "c": 3.4602019786834717,
    "b": 0.7722089290618896,
    "a": 18.1602144241333
  },
  "stable_team_convergence_params": {
    "epsilon": 0.001,
    "required": 3
  },
  "stable_loop_closure_correction": {
    "count": 0
  },
  "stable_loop_closure_correction_params": {
    "epsilon": 0.001,
    "required": 3
  },
  "stable_interface_correction": {
    "count": 18927,
    "min": 0.10541081428527832,
    "max": 4.754924774169922,
    "mean": 1.3200687655696162,
    "median": 0.996607780456543,
    "p90": 2.729856252670288,
    "p95": 3.3828684806823732,
    "p99": 4.594623379707337,
    "stdev": 0.9919291963802065
  },