{
  "ate": {
    "matches": 1347,
    "rmse": 2.7111220508080347,
    "R": [
      [
        0.9992697543055493,
        0.0370652220976137,
        -0.009280487108984893
      ],
      [
        -0.03714885854584769,
        0.9992691426112252,
        -0.00900793726473096
      ],
      [
        0.008939823201051262,
        0.009346118760175715,
        0.9999163613149126
      ]
    ],
    "t": [
      -3.3737534257310955,
      4.181805403893314,
      -2.59229655391756
    ],
    "s": 1.0
  },
  "rpe": {
    "1": {
      "count": 1346.0,
      "rmse": 0.15144023299426754,
      "mean": 0.10584206685541708,
      "pstd": 0.10831251568092874,
      "mean_dt": 1.0
    },
    "10": {
      "count": 1337.0,
      "rmse": 0.8708048959091061,
      "mean": 0.7667823182173271,
      "pstd": 0.41272998825931145,
      "mean_dt": 10.0
    },
    "50": {
      "count": 1297.0,
      "rmse": 2.9360158769154507,
      "mean": 2.6114338194971207,
      "pstd": 1.3418653568396086,
      "mean_dt": 50.0
    }
  }
}