{
  "stats": {
    "topics": {
      "/c_slam/factor_batch/d": {
        "attempts": 171,
        "drops": 0,
        "published": 171,
        "delivered": 171,
        "delivery_rate": 1.0,
        "bytes_attempted": 2024078,
        "bytes_published": 2024078,
        "bytes_delivered": null,
        "drop_reasons": {},
        "delivery_method": "ack",
        "ack_latency_s": {
          "count": 171,
          "min": 0.2882967090117745,
          "max": 4.946422859036829,
          "mean": 0.7376130835172905,
          "median": 0.5798367449897341,
          "p90": 1.1701154290349223,
          "p95": 2.6142652245180216,
          "stdev": 0.8729989858315805
        }
      },
      "/c_slam/factor_batch/b": {
        "attempts": 36,
        "drops": 0,
        "published": 36,
        "delivered": 36,
        "delivery_rate": 1.0,
        "bytes_attempted": 420759,
        "bytes_published": 420759,
        "bytes_delivered": null,
        "drop_reasons": {},
        "delivery_method": "ack",
        "ack_latency_s": {
          "count": 36,
          "min": 0.28870858799200505,
          "max": 3.489284959039651,
          "mean": 0.7026894379232544,
          "median": 0.578220573021099,
          "p90": 1.3199190284940414,
          "p95": 2.123665246734163,
          "stdev": 0.7067756664719879
        }
      },
      "/c_slam/factor_batch/c": {
        "attempts": 126,
        "drops": 0,
        "published": 126,
        "delivered": 126,
        "delivery_rate": 1.0,
        "bytes_attempted": 1489181,
        "bytes_published": 1489181,
        "bytes_delivered": null,
        "drop_reasons": {},
        "delivery_method": "ack",
        "ack_latency_s": {
          "count": 126,
          "min": 0.21255037700757384,
          "max": 5.575971667014528,
          "mean": 0.862356604827616,
          "median": 0.5808123589958996,
          "p90": 2.0570180469949264,
          "p95": 3.6090333745087264,
          "stdev": 1.1166381015050408
        }
      },
      "/c_slam/factor_batch/a": {
        "attempts": 243,
        "drops": 0,
        "published": 243,
        "delivered": 243,
        "delivery_rate": 1.0,
        "bytes_attempted": 2877834,
        "bytes_published": 2877834,
        "bytes_delivered": null,
        "drop_reasons": {},
        "delivery_method": "ack",
        "ack_latency_s": {
          "count": 243,
          "min": 0.25047343998448923,
          "max": 5.261877300043125,
          "mean": 0.5636856025741186,
          "median": 0.5795805100351572,
          "p90": 0.733552566205617,
          "p95": 0.7408370117016602,
          "stdev": 0.5087347928047358
        }
      },
      "/c_slam/factor_batch/e": {
        "attempts": 88,
        "drops": 0,
        "published": 88,
        "delivered": 88,
        "delivery_rate": 1.0,
        "bytes_attempted": 1036259,
        "bytes_published": 1036259,
        "bytes_delivered": null,
        "drop_reasons": {},
        "delivery_method": "ack",
        "ack_latency_s": {
          "count": 88,
          "min": 0.2888602539896965,
          "max": 5.222965406021103,
          "mean": 0.6181065807640235,
          "median": 0.3667400370177347,
          "p90": 0.8801293235039339,
          "p95": 1.859954476641719,
          "stdev": 0.7222958951231171
        }
      }
    },
    "generated_by": {
      "component": "ros2_factor_publisher",
      "pid": 483928
    }
  }
}