{
  "loop_closure_correction": {
    "count": 0
  },
  "interface_correction": {
    "count": 0
  },
  "loop_closure_correction_stabilised": {
    "count": 0
  },
  "loop_closure_correction_stabilised_params": {
    "epsilon": 0.001,
    "required": 3
  },
  "interface_correction_stabilised": {
    "count": 29317,
    "min": 0.11292433738708496,
    "max": 29.49934458732605,
    "mean": 3.304968523451392,
    "median": 1.0780236721038818,
    "p90": 9.068072748184205,
    "p95": 10.175066041946392,
    "p99": 10.997367124557496,
    "stdev": 3.6837586207884745
  },
  "interface_correction_stabilised_params": {
    "epsilon": 0.001,
    "required": 3
  },
  "time_to_global_convergence_s": 0.11212515830993652,
  "time_to_global_convergence_method": "delta_threshold",
  "timeline_start_ts": 1770255488.8157768,
  "timeline_end_ts": 1770255488.927902,
  "optimization_duration_s": {
    "count": 505,
    "min": 0.0006056790007278323,
    "max": 0.076602642016951,
    "mean": 0.0054525126674267845,
    "median": 0.0018980379682034254,
    "p90": 0.016454602207522845,
    "p95": 0.024495922203641378,
    "p99": 0.03511332382215187,
    "stdev": 0.007965079444724951
  },
  "communication_uplink_messages": 35834,
  "communication_uplink_bytes": 48726182,
  "communication_downlink_messages": 0,
  "communication_downlink_bytes": 0,
  "communication_uplink_bytes_per_s": 434569571.49002206,
  "communication_downlink_bytes_per_s": 0.0,
  "delivery_topics": {
    "/c_slam/factor_batch/d": {
      "attempts": 176.0,
      "drops": 0.0,
      "delivered": 176.0,
      "delivery_rate": 1.0
    },
    "/c_slam/factor_batch/b": {
      "attempts": 50.0,
      "drops": 0.0,
      "delivered": 50.0,
      "delivery_rate": 1.0
    },
    "/c_slam/factor_batch/c": {
      "attempts": 95.0,
      "drops": 0.0,
      "delivered": 95.0,
      "delivery_rate": 1.0
    },
    "/c_slam/factor_batch/a": {
      "attempts": 233.0,
      "drops": 0.0,
      "delivered": 233.0,
      "delivery_rate": 1.0
    },
    "/c_slam/factor_batch/e": {
      "attempts": 83.0,
      "drops": 0.0,
      "delivered": 83.0,
      "delivery_rate": 1.0
    },
    "/c_slam/iface/run_c40a3fbb/a": {
      "attempts": 2020.0,
      "drops": 0.0,
      "delivered": 2015.0,
      "delivery_rate": 0.9975247524752475
    },
    "/c_slam/iface/run_c40a3fbb/d": {
      "attempts": 10201.0,
      "drops": 0.0,
      "delivered": 5928.0,
      "delivery_rate": 0.5811194980884227
    },
    "/c_slam/iface/run_c40a3fbb/e": {
      "attempts": 17473.0,
      "drops": 0.0,
      "delivered": 4230.0,
      "delivery_rate": 0.24208779259428834
    },
    "/c_slam/iface/run_c40a3fbb/c": {
      "attempts": 3434.0,
      "drops": 0.0,
      "delivered": 1650.0,
      "delivery_rate": 0.48048922539312755
    },
    "/c_slam/iface/run_c40a3fbb/b": {
      "attempts": 14443.0,
      "drops": 0.0,
      "delivered": 2764.0,
      "delivery_rate": 0.19137298345219136
    }
  },
  "delivery_rate": {
    "count": 10,
    "min": 0.19137298345219136,
    "max": 1.0,
    "mean": 0.7492594252003277,
    "median": 0.9987623762376238,
    "p90": 1.0,
    "p95": 1.0,
    "p99": 1.0,
    "stdev": 0.32325820239887876
  },
  "estimation_metrics": {
    "a": {
      "ate": {
        "matches": 1357,
        "rmse": 2.338579329458689,
        "R": [
          [
            0.9991278785642289,
            0.04172199903252297,
            0.001660443457137865
          ],
          [
            -0.04171855472462206,
            0.9991272834847361,
            -0.00205756849224506
          ],
          [
            -0.001744840231352965,
            0.0019865027414236874,
            0.9999965046636039
          ]
        ],
        "t": [
          -2.000847756686184,
          6.444073854766479,
          -0.606027381195247
        ],
        "s": 1.0
      },
      "rpe": {
        "1": {
          "count": 1356.0,
          "rmse": 0.1104130535498835,
          "mean": 0.0919301444782962,
          "pstd": 0.06115464765992048,
          "mean_dt": 1.0
        },
        "10": {
          "count": 1347.0,
          "rmse": 0.7084792738696408,
          "mean": 0.6385399021254952,
          "pstd": 0.3069359459177386,
          "mean_dt": 10.0
        },
        "50": {
          "count": 1307.0,
          "rmse": 2.554494760423382,
          "mean": 2.2314114266171368,
          "pstd": 1.243481614738625,
          "mean_dt": 50.0
        }
      }
    },
    "b": {
      "ate": {
        "matches": 265,
        "rmse": 1.6005603407550633,
        "R": [
          [
            0.9989508967573952,
            0.0457124364956874,
            0.002734779191021423
          ],
          [
            -0.04571116014674327,
            0.9989545593487016,
            -0.0005274414475133701
          ],
          [
            -0.002756030775357457,
            0.0004018781774137517,
            0.9999961213866259
          ]
        ],
        "t": [
          -2.7549734506849575,
          6.879267712684042,
          0.07907085393680724
        ],
        "s": 1.0
      },
      "rpe": {
        "1": {
          "count": 264.0,
          "rmse": 0.4571125821143342,
          "mean": 0.18051268070556295,
          "pstd": 0.4199608134477852,
          "mean_dt": 1.0
        },
        "10": {
          "count": 255.0,
          "rmse": 1.0351067635763789,
          "mean": 0.8791761698284309,
          "pstd": 0.546347210487412,
          "mean_dt": 10.0
        },
        "50": {
          "count": 215.0,
          "rmse": 2.8768793607059298,
          "mean": 2.73337679412519,
          "pstd": 0.8972659346000244,
          "mean_dt": 50.0
        }
      }
    },
    "c": {
      "ate": {
        "matches": 624,
        "rmse": 2.5668940917849237,
        "R": [
          [
            0.9999446538649301,
            0.008111180488282698,
            -0.006700593856650446
          ],
          [
            -0.008148267490010757,
            0.9999515319720929,
            -0.005526250408416637
          ],
          [
            0.0066554446775942844,
            0.0055805427829010434,
            0.9999622805878186
          ]
        ],
        "t": [
          -0.5176486235702669,
          2.5906402101449117,
          -1.6350426592974925
        ],
        "s": 1.0
      },
      "rpe": {
        "1": {
          "count": 623.0,
          "rmse": 0.27896093442810627,
          "mean": 0.12324807667425691,
          "pstd": 0.25025809583927283,
          "mean_dt": 1.0
        },
        "10": {
          "count": 614.0,
          "rmse": 0.8859360187883014,
          "mean": 0.7195786920157428,
          "pstd": 0.5168066711869905,
          "mean_dt": 10.0
        },
        "50": {
          "count": 574.0,
          "rmse": 2.7103152004093793,
          "mean": 2.4072814710279333,
          "pstd": 1.2453129746436107,
          "mean_dt": 50.0
        }
      }
    },
    "d": {
      "ate": {
        "matches": 1062,
        "rmse": 2.5740257306252445,
        "R": [
          [
            0.9991222835434675,
            0.04176445458327332,
            0.0032237959378083095
          ],
          [
            -0.041761924192137964,
            0.9991272301693238,
            -0.0008483053372282598
          ],
          [
            -0.0032564113157029463,
            0.000712928844107931,
            0.9999944437434672
          ]
        ],
        "t": [
          -2.232428805773182,
          6.531185828324574,
          -0.12627782481445404
        ],
        "s": 1.0
      },
      "rpe": {
        "1": {
          "count": 1061.0,
          "rmse": 0.5966306824762767,
          "mean": 0.18766438682345254,
          "pstd": 0.5663481695832392,
          "mean_dt": 1.0
        },
        "10": {
          "count": 1052.0,
          "rmse": 0.908113689423698,
          "mean": 0.6941698514119335,
          "pstd": 0.5854901282766889,
          "mean_dt": 10.0
        },
        "50": {
          "count": 1012.0,