{
  "ate": {
    "matches": 596,
    "rmse": 2.8772124582503373,
    "R": [
      [
        0.9999670858664548,
        0.0011190658029158194,
        0.008035849393745775
      ],
      [
        -0.0011599076621295215,
        0.9999864260649779,
        0.005079596441402615
      ],
      [
        -0.008030055912978073,
        -0.005088750094170501,
        0.999954810391206
      ]
    ],
    "t": [
      -2.339683075864613,
      0.4658695793443144,
      0.9081129702757398
    ],
    "s": 1.0
  },
  "rpe": {
    "1": {
      "count": 595.0,
      "rmse": 1.3242239441565156,
      "mean": 0.17552127621991978,
      "pstd": 1.312540032102476,
      "mean_dt": 1.0
    },
    "10": {
      "count": 586.0,
      "rmse": 1.5526126567849445,
      "mean": 0.7741845919553907,
      "pstd": 1.345824758127026,
      "mean_dt": 10.0
    },
    "50": {
      "count": 546.0,
      "rmse": 2.867763015755001,
      "mean": 2.4179025329363686,
      "pstd": 1.5420155822014605,
      "mean_dt": 50.0
    }
  }
}