{
  "ate": {
    "matches": 1020,
    "rmse": 3.0264500907044183,
    "R": [
      [
        0.999791046066558,
        0.01364872929425497,
        0.015217634303328429
      ],
      [
        -0.013520483618968607,
        0.9998724760758216,
        -0.008498712179766693
      ],
      [
        -0.015331690312776786,
        0.00829118656510993,
        0.999848086209848
      ]
    ],
    "t": [
      -1.8906093617188873,
      1.824585097294893,
      1.5640849360652895
    ],
    "s": 1.0
  },
  "rpe": {
    "1": {
      "count": 1019.0,
      "rmse": 0.6080534942696164,
      "mean": 0.17017507416216537,
      "pstd": 0.5837546539663662,
      "mean_dt": 1.0
    },
    "10": {
      "count": 1010.0,
      "rmse": 1.050631430325989,
      "mean": 0.846239176943424,
      "pstd": 0.6226601463037031,
      "mean_dt": 10.0
    },
    "50": {
      "count": 970.0,
      "rmse": 2.832214930053179,
      "mean": 2.4901434647669056,
      "pstd": 1.3493060938477979,
      "mean_dt": 50.0
    }
  }
}