{
  "a": {
    "ate": {
      "matches": 1350,
      "rmse": 2.109613398348082,
      "R": [
        [
          0.9999062689728433,
          0.012891361532092652,
          0.004611514572965658
        ],
        [
          -0.012909250703001045,
          0.9999091801928153,
          0.0038707379683800905
        ],
        [
          -0.004561196673554909,
          -0.003929906357877419,
          0.999981875496213
        ]
      ],
      "t": [
        -1.210802627509679,
        1.9436148230383452,
        -0.13434549100049686
      ],
      "s": 1.0
    },
    "rpe": {
      "1": {
        "count": 1349.0,
        "rmse": 0.1454365721299201,
        "mean": 0.0948721557274423,
        "pstd": 0.11023189457017146,
        "mean_dt": 1.0
      },
      "10": {
        "count": 1340.0,
        "rmse": 0.7007692151727866,
        "mean": 0.6272326658084294,
        "pstd": 0.31250068140203124,
        "mean_dt": 10.0
      },
      "50": {
        "count": 1300.0,
        "rmse": 2.34040845580608,
        "mean": 2.0826091077592515,
        "pstd": 1.0678253809901772,
        "mean_dt": 50.0
      }
    }
  },
  "b": {
    "ate": {
      "matches": 187,
      "rmse": 22.351169149099185,
      "R": [
        [
          0.9957882546275597,
          0.04765996397473229,
          0.07832164311175843
        ],
        [
          -0.04798077799742695,
          0.9988457959610755,
          0.0022182952120238797
        ],
        [
          -0.07812552008505322,
          -0.005966885687968902,
          0.9969256739529916
        ]
      ],
      "t": [
        9.411795321742538,
        7.575420702491257,
        1.3050109622140482
      ],
      "s": 1.0
    },
    "rpe": {
      "1": {
        "count": 186.0,
        "rmse": 17.440017544585324,
        "mean": 5.532252797604164,
        "pstd": 16.539298381093587,
        "mean_dt": 1.0
      },
      "10": {
        "count": 177.0,
        "rmse": 27.78735588236252,
        "mean": 16.404254154463636,
        "pstd": 22.42849956124639,
        "mean_dt": 10.0
      },
      "50": {
        "count": 137.0,
        "rmse": 29.283950954317,
        "mean": 20.245121075555453,
        "pstd": 21.158564604692447,
        "mean_dt": 50.0
      }
    }
  },
  "c": {
    "ate": {
      "matches": 703,
      "rmse": 1.9013946701733968,
      "R": [
        [
          0.9999856127675188,
          0.005191982085975816,
          0.001348176541904124
        ],
        [
          -0.005193347834439018,
          0.9999860028879871,
          0.0010115168698225374
        ],
        [
          -0.001342905893858274,
          -0.00101850386661851,
          0.9999985796258083
        ]
      ],
      "t": [
        -0.3821033981297006,
        1.7104899069119597,
        -0.4180162392411164
      ],
      "s": 1.0
    },
    "rpe": {
      "1": {
        "count": 702.0,
        "rmse": 0.8133075613732198,
        "mean": 0.38180822623246163,
        "pstd": 0.718116750792011,
        "mean_dt": 1.0
      },
      "10": {
        "count": 693.0,
        "rmse": 0.9954888018195356,
        "mean": 0.7865559013007765,
        "pstd": 0.6101866670757548,
        "mean_dt": 10.0
      },
      "50": {
        "count": 653.0,
        "rmse": 2.076040077909746,
        "mean": 1.8887141628473245,
        "pstd": 0.8618011465224623,
        "mean_dt": 50.0
      }
    }
  },
  "d": {
    "ate": {
      "matches": 1062,
      "rmse": 6.4118541388811,
      "R": [
        [
          0.9920387212225896,
          0.12536455918062253,
          -0.011954199952229584
        ],
        [
          -0.12533859638188688,
          0.992109785895433,
          0.002899825432088235
        ],
        [
          0.012223414092152177,
          -0.0013784164705366794,
          0.9999243411958554
        ]
      ],
      "t": [
        -4.894466515726052,
        15.532894264957378,
        -2.902057725462706
      ],
      "s": 1.0
    },
    "rpe": {
      "1": {
        "count": 1061.0,
        "rmse": 1.8680813769215658,
        "mean": 0.3777450274196194,
        "pstd": 1.8294908376542722,
        "mean_dt": 1.0
      },
      "10": {
        "count": 1052.0,
        "rmse": 3.880920522237459,
        "mean": 1.806197097578488,
        "pstd": 3.43499579979698,
        "mean_dt": 10.0
      },
      "50": {
        "count": 1012.0,
        "rmse": 7.003509683600713,
        "mean": 5.11808651962356,
        "pstd": 4.7806211171705,
        "mean_dt": 50.0
      }
    }
  },
  "e": {
    "ate": {
      "matches": 533,
      "rmse": 5.036880742481791,
      "R": [
        [
          0.9992882736723377,
          -0.03752849683256875,
          0.003815498191054933
        ],
        [
          0.037505587121980384,
          0.9992789508478932,
          0.005908411543616217
        ],
        [
          -0.00403448083321953,
          -0.005761103871747601,
          0.9999752660174077
        ]
      ],
      "t": [
        1.941430238636059,
        -2.2846412830584484,
        0.19845354399768755
      ],
      "s": 1.0
    },
    "rpe": {
      "1": {
        "count": 532.0,
        "rmse": 0.9712500036749425,
        "mean": 0.2840309507580658,
        "pstd": 0.9287911437185677,
        "mean_dt": 1.0
      },
      "10": {
        "count": 523.0,
        "rmse": 1.5536907036682799,
        "mean": 1.2215298964658656,
        "pstd": 0.9601143237684391,
        "mean_dt": 10.0
      },
      "50": {
        "count": 483.0,
        "rmse": 4.587204834254532,
        "mean": 4.1066920860157845,
        "pstd": 2.0439002671518645,
        "mean_dt": 50.0
      }
    }
  }
}