{
  "loop_closure_correction": {
    "count": 0
  },
  "interface_correction": {
    "count": 0
  },
  "loop_closure_correction_stabilised": {
    "count": 0
  },
  "loop_closure_correction_stabilised_params": {
    "epsilon": 0.001,
    "required": 3
  },
  "interface_correction_stabilised": {
    "count": 15232,
    "min": 0.09993624687194824,
    "max": 15.755253791809082,
    "mean": 0.7002398378270513,
    "median": 0.5066832304000854,
    "p90": 1.212573552131653,
    "p95": 1.7052785873413083,
    "p99": 2.5720105147361756,
    "stdev": 0.5274351207994595
  },
  "interface_correction_stabilised_params": {
    "epsilon": 0.001,
    "required": 3
  },
  "time_to_global_convergence_s": 0.27596354484558105,
  "time_to_global_convergence_method": "delta_threshold",
  "timeline_start_ts": 1770230391.9264402,
  "timeline_end_ts": 1770230392.2024038,
  "optimization_duration_s": {
    "count": 203,
    "min": 0.0007238159887492657,
    "max": 0.029383198998402804,
    "mean": 0.005396150100719312,
    "median": 0.00382203800836578,
    "p90": 0.011648838000837727,
    "p95": 0.025752731272950767,
    "p99": 0.027989252388942985,
    "stdev": 0.006889691854740947
  },
  "communication_uplink_messages": 16043,
  "communication_uplink_bytes": 23607812,
  "communication_downlink_messages": 0,
  "communication_downlink_bytes": 0,
  "communication_uplink_bytes_per_s": 85546850.08561566,
  "communication_downlink_bytes_per_s": 0.0,
  "delivery_topics": {
    "/c_slam/factor_batch/a": {
      "attempts": 221.0,
      "drops": 0.0,
      "delivered": 214.0,
      "delivery_rate": 0.9683257918552036
    },
    "/c_slam/factor_batch/c": {
      "attempts": 182.0,
      "drops": 0.0,
      "delivered": 170.0,
      "delivery_rate": 0.9340659340659341
    },
    "/c_slam/factor_batch/b": {
      "attempts": 94.0,
      "drops": 0.0,
      "delivered": 94.0,
      "delivery_rate": 1.0
    },
    "/c_slam/iface/run_85faee84/a": {
      "attempts": 622.0,
      "drops": 0.0,
      "delivered": 622.0,
      "delivery_rate": 1.0
    },
    "/c_slam/iface/run_85faee84/c": {
      "attempts": 12019.0,
      "drops": 0.0,
      "delivered": 73.0,
      "delivery_rate": 0.006073716615359015
    },
    "/c_slam/iface/run_85faee84/b": {
      "attempts": 10509.0,
      "drops": 0.0,
      "delivered": 1455.0,
      "delivery_rate": 0.13845275478161576
    }
  },
  "delivery_rate": {
    "count": 6,
    "min": 0.006073716615359015,
    "max": 1.0,
    "mean": 0.6744863662196854,
    "median": 0.9511958629605688,
    "p90": 1.0,
    "p95": 1.0,
    "p99": 1.0,
    "stdev": 0.4281255490307334
  },
  "estimation_metrics": {
    "a": {
      "ate": {
        "matches": 1317,
        "rmse": 3.03232293283159,
        "R": [
          [
            0.958403300326276,
            0.2834149212598359,
            -0.03375050119604168
          ],
          [
            -0.2842350238634739,
            0.9584889660808519,
            -0.02256885266446179
          ],
          [
            0.02595313339528127,
            0.031223137391058753,
            0.9991754353257621
          ]
        ],
        "t": [
          -12.309067389484554,
          35.701519131258884,
          -5.2973382775754185
        ],
        "s": 1.0
      },
      "rpe": {
        "1": {
          "count": 1316.0,
          "rmse": 0.15719416612659387,
          "mean": 0.11394279051190576,
          "pstd": 0.1082914879138483,
          "mean_dt": 1.0
        },
        "10": {
          "count": 1307.0,
          "rmse": 0.9653951597005505,
          "mean": 0.8490232406809711,
          "pstd": 0.4595077269827296,
          "mean_dt": 10.0
        },
        "50": {
          "count": 1267.0,
          "rmse": 3.2596386177642445,
          "mean": 2.899170258629467,
          "pstd": 1.4899851441871312,
          "mean_dt": 50.0
        }
      }
    },
    "b": {
      "ate": {
        "matches": 617,
        "rmse": 4.359908674742636,
        "R": [
          [
            0.9997057241209673,
            0.018847463247667822,
            -0.01527214094028582
          ],
          [
            -0.018693456867609717,
            0.9997735888734264,
            0.0101649230930149
          ],
          [
            0.015460266172061296,
            -0.009876442693393148,
            0.9998317038630117
          ]
        ],
        "t": [
          0.8878543430903818,
          3.8657972652928834,
          -7.085193642788175
        ],
        "s": 1.0
      },
      "rpe": {
        "1": {
          "count": 616.0,
          "rmse": 0.2843691479265678,
          "mean": 0.1511974929244172,
          "pstd": 0.24084254280723127,
          "mean_dt": 1.0
        },
        "10": {
          "count": 607.0,
          "rmse": 1.3214305361150456,
          "mean": 1.0577250479960278,
          "pstd": 0.7920835717391819,
          "mean_dt": 10.0
        },
        "50": {
          "count": 567.0,
          "rmse": 4.625310685621506,
          "mean": 3.6920522979789494,
          "pstd": 2.786081256444768,
          "mean_dt": 50.0
        }
      }
    }
  },
  "input_end_team_ts": 1770230391.9311068,
  "input_end_method": "input_end_event",
  "input_end_per_robot_ts": {
    "a": 1770230391.9264402,
    "c": 1770230391.9283597,
    "b": 1770230391.9311068
  },
  "time_from_input_end_to_team_convergence_s": 24.15530252456665,
  "time_from_input_end_to_team_convergence_method": "censored_end",
  "time_from_input_end_to_team_convergence_per_robot_s": {
    "a": 10.394086360931396,
    "b": 0.1786658763885498,
    "c": 24.15530252456665
  },
  "time_from_input_end_to_team_convergence_params": {
    "epsilon": 0.001,
    "required": 3
  },
  "time_from_input_end_to_ddf_stop_team_s": 24.15530252456665,
  "time_from_input_end_to_ddf_stop_method": "censored_end",
  "time_from_input_end_to_ddf_stop_per_robot_s": {
    "a": 24.15530252456665,
    "b": 10.158294677734375,
    "c": 24.15530252456665
  },
  "stable_team_convergence_s": 24.15530252456665,
  "stable_team_convergence_method": "censored_end",
  "stable_team_convergence_per_robot_s": {
    "a": 10.394086360931396,
    "b": 0.1786658763885498,
    "c": 24.15530252456665
  },
  "stable_team_convergence_params": {
    "epsilon": 0.001,
    "required": 3
  },
  "stable_loop_closure_correction": {
    "count": 0
  },
  "stable_loop_closure_correction_params": {
    "epsilon": 0.001,
    "required": 3
  },
  "stable_interface_correction": {
    "count": 15232,
    "min": 0.09993624687194824,
    "max": 15.755253791809082,
    "mean": 0.7002398378270513,
    "median": 0.5066832304000854,
    "p90": 1.212573552131653,
    "p95": 1.7052785873413083,
    "p99": 2.5720105147361756,
    "stdev": 0.5274351207994595
  },
  "stable_interface_correction_params": {
    "epsilon": 0.001,
    "required": 3
  },
  "event_time_to_global_convergence_s": 0.27596354484558105,
  "event_time_to_global_convergence_method": "delta_threshold",
  "event_loop_closure_correction": {
    "count": 0
  },
  "event_interface_correction": {
    "count": 0
  },
  "term_ddf_stop_team_s": 24.15530252456665,
  "term_ddf_stop_method": "censored_end",
  "term_ddf_stop_per_robot_s": {
    "a": 24.15530252456665,
    "b": 10.158294677734375,
    "c": 24.15530252456665
  }
}