{
  "a": {
    "ate": {
      "matches": 1317,
      "rmse": 3.03232293283159,
      "R": [
        [
          0.958403300326276,
          0.2834149212598359,
          -0.03375050119604168
        ],
        [
          -0.2842350238634739,
          0.9584889660808519,
          -0.02256885266446179
        ],
        [
          0.02595313339528127,
          0.031223137391058753,
          0.9991754353257621
        ]
      ],
      "t": [
        -12.309067389484554,
        35.701519131258884,
        -5.2973382775754185
      ],
      "s": 1.0
    },
    "rpe": {
      "1": {
        "count": 1316.0,
        "rmse": 0.15719416612659387,
        "mean": 0.11394279051190576,
        "pstd": 0.1082914879138483,
        "mean_dt": 1.0
      },
      "10": {
        "count": 1307.0,
        "rmse": 0.9653951597005505,
        "mean": 0.8490232406809711,
        "pstd": 0.4595077269827296,
        "mean_dt": 10.0
      },
      "50": {
        "count": 1267.0,
        "rmse": 3.2596386177642445,
        "mean": 2.899170258629467,
        "pstd": 1.4899851441871312,
        "mean_dt": 50.0
      }
    }
  },
  "b": {
    "ate": {
      "matches": 617,
      "rmse": 4.359908674742636,
      "R": [
        [
          0.9997057241209673,
          0.018847463247667822,
          -0.01527214094028582
        ],
        [
          -0.018693456867609717,
          0.9997735888734264,
          0.0101649230930149
        ],
        [
          0.015460266172061296,
          -0.009876442693393148,
          0.9998317038630117
        ]
      ],
      "t": [
        0.8878543430903818,
        3.8657972652928834,
        -7.085193642788175
      ],
      "s": 1.0
    },
    "rpe": {
      "1": {
        "count": 616.0,
        "rmse": 0.2843691479265678,
        "mean": 0.1511974929244172,
        "pstd": 0.24084254280723127,
        "mean_dt": 1.0
      },
      "10": {
        "count": 607.0,
        "rmse": 1.3214305361150456,
        "mean": 1.0577250479960278,
        "pstd": 0.7920835717391819,
        "mean_dt": 10.0
      },
      "50": {
        "count": 567.0,
        "rmse": 4.625310685621506,
        "mean": 3.6920522979789494,
        "pstd": 2.786081256444768,
        "mean_dt": 50.0
      }
    }
  }
}