{
  "stats": {
    "topics": {
      "/c_slam/factor_batch/d": {
        "attempts": 176,
        "drops": 0,
        "published": 176,
        "delivered": 176,
        "delivery_rate": 1.0,
        "bytes_attempted": 2081735,
        "bytes_published": 2081735,
        "bytes_delivered": null,
        "drop_reasons": {},
        "delivery_method": "ack",
        "ack_latency_s": {
          "count": 176,
          "min": 0.007819108956027776,
          "max": 7.302830179978628,
          "mean": 2.6611025617669593,
          "median": 2.0454930120322388,
          "p90": 6.033814018999692,
          "p95": 6.32249661948299,
          "stdev": 2.522185891090576
        }
      },
      "/c_slam/factor_batch/b": {
        "attempts": 50,
        "drops": 0,
        "published": 50,
        "delivered": 50,
        "delivery_rate": 1.0,
        "bytes_attempted": 583584,
        "bytes_published": 583584,
        "bytes_delivered": null,
        "drop_reasons": {},
        "delivery_method": "ack",
        "ack_latency_s": {
          "count": 50,
          "min": 0.007568447035737336,
          "max": 7.299218039959669,
          "mean": 0.5757240503607318,
          "median": 0.2544702610175591,
          "p90": 1.3391783213068267,
          "p95": 1.525641902652569,
          "stdev": 1.0914127226049726
        }
      },
      "/c_slam/factor_batch/c": {
        "attempts": 95,
        "drops": 0,
        "published": 95,
        "delivered": 95,
        "delivery_rate": 1.0,
        "bytes_attempted": 1118206,
        "bytes_published": 1118206,
        "bytes_delivered": null,
        "drop_reasons": {},
        "delivery_method": "ack",
        "ack_latency_s": {
          "count": 95,
          "min": 0.007787398993968964,
          "max": 7.293900032993406,
          "mean": 1.5427825605980807,
          "median": 0.36665000702487305,
          "p90": 4.7351672631572,
          "p95": 4.986526291019981,
          "stdev": 1.8778431512969072
        }
      },
      "/c_slam/factor_batch/a": {
        "attempts": 233,
        "drops": 0,
        "published": 233,
        "delivered": 233,
        "delivery_rate": 1.0,
        "bytes_attempted": 2756184,
        "bytes_published": 2756184,
        "bytes_delivered": null,
        "drop_reasons": {},
        "delivery_method": "ack",
        "ack_latency_s": {
          "count": 233,
          "min": 0.007788782007992268,
          "max": 7.517305320943706,
          "mean": 4.22162678996211,
          "median": 5.420218931976706,
          "p90": 6.8743084700196055,
          "p95": 7.020912539015988,
          "stdev": 2.6940474192663793
        }
      },
      "/c_slam/factor_batch/e": {
        "attempts": 83,
        "drops": 0,
        "published": 83,
        "delivered": 83,
        "delivery_rate": 1.0,
        "bytes_attempted": 981510,
        "bytes_published": 981510,
        "bytes_delivered": null,
        "drop_reasons": {},
        "delivery_method": "ack",
        "ack_latency_s": {
          "count": 83,
          "min": 0.007815802993718535,
          "max": 7.297723730967846,
          "mean": 1.5151845561803308,
          "median": 0.8681296739960089,
          "p90": 4.101047056040261,
          "p95": 4.39674428756698,
          "stdev": 1.6383111203382719
        }
      }
    },
    "generated_by": {
      "component": "ros2_factor_publisher",
      "pid": 499649
    }
  }
}