{
  "ate": {
    "matches": 596,
    "rmse": 2.8520065664261165,
    "R": [
      [
        0.9999643564400177,
        0.001101982974555726,
        0.008370871103137585
      ],
      [
        -0.0011476428831369936,
        0.9999844804127935,
        0.005451774882395691
      ],
      [
        -0.008364733427572007,
        -0.005461187332377819,
        0.9999501020889024
      ]
    ],
    "t": [
      -2.429126631514336,
      0.46293259232847106,
      0.9377963497994977
    ],
    "s": 1.0
  },
  "rpe": {
    "1": {
      "count": 595.0,
      "rmse": 1.3253454307340102,
      "mean": 0.17743175865685634,
      "pstd": 1.313414817103666,
      "mean_dt": 1.0
    },
    "10": {
      "count": 586.0,
      "rmse": 1.572504862784101,
      "mean": 0.7915341001691241,
      "pstd": 1.3587660989843318,
      "mean_dt": 10.0
    },
    "50": {
      "count": 546.0,
      "rmse": 2.9241856426165946,
      "mean": 2.435723094453992,
      "pstd": 1.6180589234105458,
      "mean_dt": 50.0
    }
  }
}