{
  "ate": {
    "matches": 1020,
    "rmse": 3.0327087738297083,
    "R": [
      [
        0.9998018693178234,
        0.013964077679874743,
        0.014185437713942853
      ],
      [
        -0.013837330103715219,
        0.9998638066147846,
        -0.008994249128909816
      ],
      [
        -0.014309102144668078,
        0.008796178507880711,
        0.999858928469147
      ]
    ],
    "t": [
      -1.8712402359387,
      1.8414622527581272,
      1.3788285107883622
    ],
    "s": 1.0
  },
  "rpe": {
    "1": {
      "count": 1019.0,
      "rmse": 0.6140830559304715,
      "mean": 0.1714150555605551,
      "pstd": 0.5896735353634912,
      "mean_dt": 1.0
    },
    "10": {
      "count": 1010.0,
      "rmse": 1.0557815362670997,
      "mean": 0.8470673678597207,
      "pstd": 0.6301995926924433,
      "mean_dt": 10.0
    },
    "50": {
      "count": 970.0,
      "rmse": 2.8262187383376047,
      "mean": 2.480842867047923,
      "pstd": 1.3538578307739875,
      "mean_dt": 50.0
    }
  }
}