{
  "stats": {
    "topics": {
      "/c_slam/factor_batch/a": {
        "attempts": 96,
        "drops": 0,
        "published": 96,
        "delivered": 96,
        "delivery_rate": 1.0,
        "bytes_attempted": 1131500,
        "bytes_published": 1131500,
        "bytes_delivered": null,
        "drop_reasons": {},
        "delivery_method": "ack",
        "ack_latency_s": {
          "count": 96,
          "min": 0.0026171919889748096,
          "max": 0.008117646968457848,
          "mean": 0.005509473114822565,
          "median": 0.006301220506429672,
          "p90": 0.0067282885138411075,
          "p95": 0.00699012573750224,
          "stdev": 0.0014250495430822947
        }
      },
      "/c_slam/factor_batch/c": {
        "attempts": 97,
        "drops": 0,
        "published": 97,
        "delivered": 97,
        "delivery_rate": 1.0,
        "bytes_attempted": 1140613,
        "bytes_published": 1140613,
        "bytes_delivered": null,
        "drop_reasons": {},
        "delivery_method": "ack",
        "ack_latency_s": {
          "count": 97,
          "min": 0.00270988600095734,
          "max": 0.009579094999935478,
          "mean": 0.00579795244296283,
          "median": 0.0064063979662023485,
          "p90": 0.00667533801170066,
          "p95": 0.0067588201956823475,
          "stdev": 0.001225272518914841
        }
      },
      "/c_slam/factor_batch/b": {
        "attempts": 171,
        "drops": 0,
        "published": 171,
        "delivered": 171,
        "delivery_rate": 1.0,
        "bytes_attempted": 2024309,
        "bytes_published": 2024309,
        "bytes_delivered": null,
        "drop_reasons": {},
        "delivery_method": "ack",
        "ack_latency_s": {
          "count": 171,
          "min": 0.0026903300313279033,
          "max": 0.038528578996192664,
          "mean": 0.006125469765576877,
          "median": 0.006470679014455527,
          "p90": 0.006804156000725925,
          "p95": 0.007115186454029754,
          "stdev": 0.002753566630440354
        }
      }
    },
    "generated_by": {
      "component": "ros2_factor_publisher",
      "pid": 452310
    }
  }
}