{
  "stats": {
    "topics": {
      "/c_slam/factor_batch/a": {
        "attempts": 228,
        "drops": 0,
        "published": 228,
        "delivered": 228,
        "delivery_rate": 1.0,
        "bytes_attempted": 2698457,
        "bytes_published": 2698457,
        "bytes_delivered": null,
        "drop_reasons": {},
        "delivery_method": "ack",
        "ack_latency_s": {
          "count": 228,
          "min": 0.006152095040306449,
          "max": 6.654968640010338,
          "mean": 2.3009554268672283,
          "median": 2.245466595486505,
          "p90": 5.991445647500224,
          "p95": 6.409670045992243,
          "stdev": 2.190450757180332
        }
      },
      "/c_slam/factor_batch/b": {
        "attempts": 89,
        "drops": 0,
        "published": 89,
        "delivered": 89,
        "delivery_rate": 1.0,
        "bytes_attempted": 1046974,
        "bytes_published": 1046974,
        "bytes_delivered": null,
        "drop_reasons": {},
        "delivery_method": "ack",
        "ack_latency_s": {
          "count": 89,
          "min": 0.006776558991987258,
          "max": 6.600881235033739,
          "mean": 0.5611396709651938,
          "median": 0.0728491639601998,
          "p90": 1.7239808200043631,
          "p95": 2.1394975626026276,
          "stdev": 0.9495150866101261
        }
      },
      "/c_slam/factor_batch/c": {
        "attempts": 180,
        "drops": 0,
        "published": 180,
        "delivered": 180,
        "delivery_rate": 1.0,
        "bytes_attempted": 2129898,
        "bytes_published": 2129898,
        "bytes_delivered": null,
        "drop_reasons": {},
        "delivery_method": "ack",
        "ack_latency_s": {
          "count": 180,
          "min": 0.007680567970965058,
          "max": 6.603731423034333,
          "mean": 2.4622562558739447,
          "median": 2.3419487195205875,
          "p90": 5.364089140307623,
          "p95": 5.808634793679811,
          "stdev": 1.958993255491647
        }
      },
      "/c_slam/factor_batch/d": {
        "attempts": 87,
        "drops": 0,
        "published": 87,
        "delivered": 87,
        "delivery_rate": 1.0,
        "bytes_attempted": 1024377,
        "bytes_published": 1024377,
        "bytes_delivered": null,
        "drop_reasons": {},
        "delivery_method": "ack",
        "ack_latency_s": {
          "count": 87,
          "min": 0.005666442040819675,
          "max": 6.810730565979611,
          "mean": 0.7309043923447754,
          "median": 0.2696943699847907,
          "p90": 1.9795480054104706,
          "p95": 2.1102070801833177,
          "stdev": 1.0213136221400694
        }
      }
    },
    "generated_by": {
      "component": "ros2_factor_publisher",
      "pid": 496664
    }
  }
}