{
  "stats": {
    "topics": {
      "/c_slam/factor_batch/d": {
        "attempts": 171,
        "drops": 0,
        "published": 171,
        "delivered": 171,
        "delivery_rate": 1.0,
        "bytes_attempted": 2024085,
        "bytes_published": 2024085,
        "bytes_delivered": null,
        "drop_reasons": {},
        "delivery_method": "ack",
        "ack_latency_s": {
          "count": 171,
          "min": 0.005558320030104369,
          "max": 10.501166065980215,
          "mean": 3.1656835956862523,
          "median": 1.8814930269727483,
          "p90": 7.496050812012982,
          "p95": 7.765654966497095,
          "stdev": 3.1218851867267787
        }
      },
      "/c_slam/factor_batch/b": {
        "attempts": 36,
        "drops": 0,
        "published": 36,
        "delivered": 36,
        "delivery_rate": 1.0,
        "bytes_attempted": 420758,
        "bytes_published": 420758,
        "bytes_delivered": null,
        "drop_reasons": {},
        "delivery_method": "ack",
        "ack_latency_s": {
          "count": 36,
          "min": 0.005644976976327598,
          "max": 10.62683379201917,
          "mean": 1.0309758834757505,
          "median": 0.35470016399631277,
          "p90": 1.6272319445270114,
          "p95": 4.157082831239677,
          "stdev": 2.213112126113765
        }
      },
      "/c_slam/factor_batch/c": {
        "attempts": 126,
        "drops": 0,
        "published": 126,
        "delivered": 126,
        "delivery_rate": 1.0,
        "bytes_attempted": 1489183,
        "bytes_published": 1489183,
        "bytes_delivered": null,
        "drop_reasons": {},
        "delivery_method": "ack",
        "ack_latency_s": {
          "count": 126,
          "min": 0.005329255945980549,
          "max": 10.628200839040801,
          "mean": 2.3100668306537306,
          "median": 0.8291305100137834,
          "p90": 6.013363060978008,
          "p95": 8.294285264753853,
          "stdev": 2.7772017826012605
        }
      },
      "/c_slam/factor_batch/a": {
        "attempts": 243,
        "drops": 0,
        "published": 243,
        "delivered": 243,
        "delivery_rate": 1.0,
        "bytes_attempted": 2877848,
        "bytes_published": 2877848,
        "bytes_delivered": null,
        "drop_reasons": {},
        "delivery_method": "ack",
        "ack_latency_s": {
          "count": 243,
          "min": 0.004597469000145793,
          "max": 10.63575094297994,
          "mean": 5.7658640045182565,
          "median": 6.76518629596103,
          "p90": 9.797532560594846,
          "p95": 10.193286778067705,
          "stdev": 3.6321609087891487
        }
      },
      "/c_slam/factor_batch/e": {
        "attempts": 88,
        "drops": 0,
        "published": 88,
        "delivered": 88,
        "delivery_rate": 1.0,
        "bytes_attempted": 1036266,
        "bytes_published": 1036266,
        "bytes_delivered": null,
        "drop_reasons": {},
        "delivery_method": "ack",
        "ack_latency_s": {
          "count": 88,
          "min": 0.005373031017370522,
          "max": 10.861759791034274,
          "mean": 1.7958595284455277,
          "median": 1.146992288529873,
          "p90": 4.596330943703651,
          "p95": 5.103985091228968,
          "stdev": 1.9610362390206917
        }
      }
    },
    "generated_by": {
      "component": "ros2_factor_publisher",
      "pid": 520334
    }
  }
}