{
  "ate": {
    "matches": 620,
    "rmse": 2.6743295561743317,
    "R": [
      [
        0.9999756060157515,
        0.006833193370945399,
        0.0014473568273423586
      ],
      [
        -0.006833787774289533,
        0.9999765669248133,
        0.00040613534663718615
      ],
      [
        -0.0014445477099626547,
        -0.000416016368769645,
        0.9999988701055089
      ]
    ],
    "t": [
      -1.8568880765110833,
      1.6422134118083989,
      -0.17911483184164334
    ],
    "s": 1.0
  },
  "rpe": {
    "1": {
      "count": 619.0,
      "rmse": 0.45055942267883037,
      "mean": 0.15433826710203186,
      "pstd": 0.42330071187351304,
      "mean_dt": 1.0
    },
    "10": {
      "count": 610.0,
      "rmse": 1.0095025682449388,
      "mean": 0.7892736050543496,
      "pstd": 0.6293986111024062,
      "mean_dt": 10.0
    },
    "50": {
      "count": 570.0,
      "rmse": 2.9945172036704695,
      "mean": 2.513239789514377,
      "pstd": 1.6281151812694747,
      "mean_dt": 50.0
    }
  }
}