{
  "stats": {
    "topics": {
      "/c_slam/factor_batch/a": {
        "attempts": 230,
        "drops": 0,
        "published": 230,
        "delivered": 230,
        "delivery_rate": 1.0,
        "bytes_attempted": 2716290,
        "bytes_published": 2716290,
        "bytes_delivered": null,
        "drop_reasons": {},
        "delivery_method": "ack",
        "ack_latency_s": {
          "count": 230,
          "min": 0.0025085320230573416,
          "max": 0.03557908005313948,
          "mean": 0.0066517654447006466,
          "median": 0.0066369129926897585,
          "p90": 0.006830089772120119,
          "p95": 0.006992812902899459,
          "stdev": 0.002023632598255982
        }
      },
      "/c_slam/factor_batch/b": {
        "attempts": 93,
        "drops": 0,
        "published": 93,
        "delivered": 93,
        "delivery_rate": 1.0,
        "bytes_attempted": 1097945,
        "bytes_published": 1097945,
        "bytes_delivered": null,
        "drop_reasons": {},
        "delivery_method": "ack",
        "ack_latency_s": {
          "count": 93,
          "min": 0.0026013260358013213,
          "max": 0.036390651017427444,
          "mean": 0.00664476507533622,
          "median": 0.006607492978218943,
          "p90": 0.006773538002744317,
          "p95": 0.006863781379070132,
          "stdev": 0.0032285326622127136
        }
      },
      "/c_slam/factor_batch/c": {
        "attempts": 188,
        "drops": 0,
        "published": 188,
        "delivered": 188,
        "delivery_rate": 1.0,
        "bytes_attempted": 2217954,
        "bytes_published": 2217954,
        "bytes_delivered": null,
        "drop_reasons": {},
        "delivery_method": "ack",
        "ack_latency_s": {
          "count": 188,
          "min": 0.0028480879846028984,
          "max": 0.03857071598758921,
          "mean": 0.006599163813045882,
          "median": 0.006597133498871699,
          "p90": 0.00684362991596572,
          "p95": 0.0069153136486420404,
          "stdev": 0.0024524690447797213
        }
      },
      "/c_slam/factor_batch/d": {
        "attempts": 87,
        "drops": 0,
        "published": 87,
        "delivered": 87,
        "delivery_rate": 1.0,
        "bytes_attempted": 1020837,
        "bytes_published": 1020837,
        "bytes_delivered": null,
        "drop_reasons": {},
        "delivery_method": "ack",
        "ack_latency_s": {
          "count": 87,
          "min": 0.002519772038795054,
          "max": 0.03655671200249344,
          "mean": 0.006770876106463544,
          "median": 0.00664028397295624,
          "p90": 0.006832352804485709,
          "p95": 0.00690176451462321,
          "stdev": 0.003329316901878595
        }
      }
    },
    "generated_by": {
      "component": "ros2_factor_publisher",
      "pid": 469476
    }
  }
}