{
  "stats": {
    "topics": {
      "/c_slam/factor_batch/a": {
        "attempts": 96,
        "drops": 0,
        "published": 96,
        "delivered": 96,
        "delivery_rate": 1.0,
        "bytes_attempted": 1131491,
        "bytes_published": 1131491,
        "bytes_delivered": null,
        "drop_reasons": {},
        "delivery_method": "ack",
        "ack_latency_s": {
          "count": 96,
          "min": 0.007595425995532423,
          "max": 0.22834363696165383,
          "mean": 0.06342256958244737,
          "median": 0.038624030974460766,
          "p90": 0.17364790197461843,
          "p95": 0.19705287026590668,
          "stdev": 0.06490664796241677
        }
      },
      "/c_slam/factor_batch/c": {
        "attempts": 97,
        "drops": 0,
        "published": 97,
        "delivered": 97,
        "delivery_rate": 1.0,
        "bytes_attempted": 1140600,
        "bytes_published": 1140600,
        "bytes_delivered": null,
        "drop_reasons": {},
        "delivery_method": "ack",
        "ack_latency_s": {
          "count": 97,
          "min": 0.0045909309992566705,
          "max": 0.16533831896958873,
          "mean": 0.04292263270934237,
          "median": 0.030873752024490386,
          "p90": 0.09384355859365316,
          "p95": 0.12490737739717586,
          "stdev": 0.03733286949813513
        }
      },
      "/c_slam/factor_batch/b": {
        "attempts": 171,
        "drops": 0,
        "published": 171,
        "delivered": 171,
        "delivery_rate": 1.0,
        "bytes_attempted": 2024312,
        "bytes_published": 2024312,
        "bytes_delivered": null,
        "drop_reasons": {},
        "delivery_method": "ack",
        "ack_latency_s": {
          "count": 171,
          "min": 0.005501520994585007,
          "max": 0.2302279259893112,
          "mean": 0.05173761950606992,
          "median": 0.04012164002051577,
          "p90": 0.14932101499289274,
          "p95": 0.1722223410033621,
          "stdev": 0.05198746344191004
        }
      }
    },
    "generated_by": {
      "component": "ros2_factor_publisher",
      "pid": 524632
    }
  }
}